000460244363600000013	0100000075032715215L(jIHB93Eq81
000460244363600000013	0100000075032715215?N-zzq93wjMf
000460244363600000013	0100000075032715215aTZXfS937P+z
000460244363600000013	0100000075032715215QlzReN93cf3v
000460244363600000013	0100000075032715215C3rkgq93rwpf
000460244363600000013	0100000075032715215g%g6(f93AGFW
000460244363600000013	0100000075032715215tUIHph93ZVTP
000460244363600000013	0100000075032715215CXoJI-93SFXB
000460244363600000013	0100000075032715215urA;(w9398VW
000460244363600000013	0100000075032715215baZTMS93pXR1
000460244363600000013	0100000075032715215cvbRSh93EBi7
000460244363600000013	0100000075032715215Zi!r6Q93jz5j
000460244363600000013	0100000075032715215H"hX*i93y4RL
000460244363600000013	0100000075032715215K?(AOn93F2O0
000460244363600000013	0100000075032715215OW/jSB93HLaN
000460244363600000013	0100000075032715215MS-LTJ93ywFf
000460244363600000013	0100000075032715215IqhalM93cG5Q
000460244363600000013	01000000750327152159cK=DH93DwaP
000460244363600000013	0100000075032715215DL'p1p93VXNA
000460244363600000013	0100000075032715215OvmMeb93knN1
000460244363600000013	0100000075032715215YX,E;L93XPyF
000460244363600000013	0100000075032715215DM,Wdq93yvLt
000460244363600000013	01000000750327152153DW:(k93e++2
000460244363600000013	0100000075032715215kqbV0-93l283
000460244363600000022	0100000075032715215>wEaiG93so+4
000460244363600000022	0100000075032715215m9IDSK93cI1s
000460244363600000022	0100000075032715215bdl<G?93dGaH
000460244363600000022	0100000075032715215TW1q(!932pMV
000460244363600000022	0100000075032715215nsTtAv938FMj
000460244363600000022	0100000075032715215Fik>Mt93DP4S
000460244363600000022	0100000075032715215iVjULL939nxg
000460244363600000022	0100000075032715215UqpeUA93baw6
000460244363600000022	0100000075032715215&lUnWv93yYq0
000460244363600000022	0100000075032715215Ltg"Vy93aaTR
000460244363600000022	0100000075032715215rRLWSa93c3Fv
000460244363600000022	0100000075032715215(lmmIF93R/BD
000460244363600000022	0100000075032715215DqTlaB93zFtE
000460244363600000022	0100000075032715215KpWYf493IYGM
000460244363600000022	0100000075032715215sb'hpH939xXb
000460244363600000022	0100000075032715215pfLWVN93LlZG
000460244363600000022	0100000075032715215Jb5esq93pmSN
000460244363600000022	0100000075032715215rMd9sg93yEO9
000460244363600000022	0100000075032715215f-,8kJ93OS+T
000460244363600000022	0100000075032715215(6POPY93xIqs
000460244363600000022	01000000750327152159sMBtf93Afig
000460244363600000022	0100000075032715215oRIhhP93OTz3
000460244363600000022	0100000075032715215XtaA<H93PxpF
000460244363600000022	0100000075032715215:Cc+qI932dXK
000460244363600000031	0100000075032715215t*zcKk93ELBa
000460244363600000031	0100000075032715215gZ%fZ093pMKL
000460244363600000031	0100000075032715215Oc-t?)931Pke
000460244363600000031	0100000075032715215gjNc9z93bBxV
000460244363600000031	0100000075032715215_%KaTR93pMVt
000460244363600000031	0100000075032715215ufFF!m93LBjI
000460244363600000031	01000000750327152156lr;Mh93DmtO
000460244363600000031	01000000750327152150EH-oV93KS7y
000460244363600000031	0100000075032715215upj:mX93UVk1
000460244363600000031	0100000075032715215rks=9n936ygB
000460244363600000031	0100000075032715215eV9IwG93zQsl
000460244363600000031	0100000075032715215WYVbit93FauQ
000460244363600000031	0100000075032715215c?&_.693BSj3
000460244363600000031	0100000075032715215S.ixj"93hqhC
000460244363600000031	0100000075032715215nnW6nF936VgH
000460244363600000031	0100000075032715215ylIRht93efDQ
000460244363600000031	01000000750327152159VL6sL93zLBD
000460244363600000031	0100000075032715215AL?jGI93bnKe
000460244363600000031	0100000075032715215qJBbC8932fR4
000460244363600000031	0100000075032715215RmqeHL9303nK
000460244363600000031	0100000075032715215DHkNCP9335KO
000460244363600000031	0100000075032715215ON4Mb393fGYN
000460244363600000031	0100000075032715215FDcf&B93Bl1m
000460244363600000031	0100000075032715215r1rlPD93qGkO
000460244363600000040	0100000075032715215w4km<V93SmXd
000460244363600000040	0100000075032715215yi6aKT93UG1S
000460244363600000040	0100000075032715215NfAhH*932A8M
000460244363600000040	0100000075032715215g,HFy>93rfMs
000460244363600000040	0100000075032715215XfErNk93Dc+O
000460244363600000040	0100000075032715215!I+Sis93qls+
000460244363600000040	0100000075032715215'LQXcj93P9/h
000460244363600000040	0100000075032715215c;GCLP93ox85
000460244363600000040	0100000075032715215YWNZi*937Du3
000460244363600000040	0100000075032715215YWyJDn93j+fh
000460244363600000040	0100000075032715215uR<QeC93dawD
000460244363600000040	0100000075032715215-BMPvb93fKKx
000460244363600000040	0100000075032715215,C<k0<93oQV1
000460244363600000040	0100000075032715215CSQDAX93HEb1
000460244363600000040	0100000075032715215vp5tje93r6h6
000460244363600000040	0100000075032715215me_!tS93CNaK
000460244363600000040	0100000075032715215U-gP6*93BLWW
000460244363600000040	0100000075032715215O/aU9*93afPn
000460244363600000040	0100000075032715215CDqApc933HNn
000460244363600000040	0100000075032715215/'E>ZZ937+h4
000460244363600000040	01000000750327152154.S+-r93zwn2
000460244363600000040	0100000075032715215WvkbUv93gGtg
000460244363600000040	0100000075032715215J3fcYV93/jj6
000460244363600000040	0100000075032715215s*uhP;93NllL
000460244363600000059	0100000075032715215twmYsZ93Yg5N
000460244363600000059	01000000750327152157!Um'N93t7cM
000460244363600000059	0100000075032715215wB(Ayp93yCh3
000460244363600000059	0100000075032715215-pdqcL938POX
000460244363600000059	0100000075032715215FmA6Xc93pEyw
000460244363600000059	0100000075032715215FbG+lL93l1z8
000460244363600000059	0100000075032715215;qPrGb93YJ7l
000460244363600000059	0100000075032715215BgIGpP933XCm
000460244363600000059	0100000075032715215GQt'8U93+8/u
000460244363600000059	0100000075032715215PAJRku93DJVc
000460244363600000059	0100000075032715215KfOGNi93PcYm
000460244363600000059	0100000075032715215;h1B?'93J6rP
000460244363600000059	01000000750327152158kbO2H93BGSC
000460244363600000059	0100000075032715215eHO?XJ93IcCy
000460244363600000059	0100000075032715215fA2.:J93KT4z
000460244363600000059	0100000075032715215<'Bnpf93Zumj
000460244363600000059	0100000075032715215x6rNaO93VgOF
000460244363600000059	01000000750327152157(InLT93nJTa
000460244363600000059	0100000075032715215iZf5Ej93vCmn
000460244363600000059	0100000075032715215J*RfBv93t+Ea
000460244363600000059	0100000075032715215fR>ULR93pMT8
000460244363600000059	0100000075032715215Zn(CzX93eTB6
000460244363600000059	0100000075032715215rzTQXF93SlR0
000460244363600000059	0100000075032715215UQB"o:93zlNl
000460244363600000068	0100000075032715215FLgr_O93ta4S
000460244363600000068	0100000075032715215MOqUY293Z+WI
000460244363600000068	0100000075032715215f&.Bs+93PNjn
000460244363600000068	0100000075032715215vdgKr5936FpD
000460244363600000068	0100000075032715215(DcdFH938Nrv
000460244363600000068	0100000075032715215hkKVtN93f0jp
000460244363600000068	0100000075032715215C4Tt1P93H/la
000460244363600000068	0100000075032715215NZ9U3193Iwmh
000460244363600000068	0100000075032715215DYlDDt93GiFI
000460244363600000068	0100000075032715215YA/oVf93nNlz
000460244363600000068	01000000750327152158AdJOV935lt3
000460244363600000068	0100000075032715215UB/DOn93yLiv
000460244363600000068	0100000075032715215DUfl*)93RMbU
000460244363600000068	0100000075032715215dE5BcA93h0dW
000460244363600000068	0100000075032715215VRf%8Z93zlR9
000460244363600000068	0100000075032715215S3YeQp931nnI
000460244363600000068	0100000075032715215XcUvbr93M/e1
000460244363600000068	0100000075032715215/sgEi)93/zht
000460244363600000068	0100000075032715215s'>-rQ93GmD5
000460244363600000068	0100000075032715215CTF;n693bgMU
000460244363600000068	0100000075032715215a:N1&D935T4E
000460244363600000068	0100000075032715215n-PqeZ93b6r3
000460244363600000068	0100000075032715215DHSSIR93/zPV
000460244363600000068	0100000075032715215H3IqWg93R3j8
000460244363600000077	0100000075032715215Bbk&Aa93hPxJ
000460244363600000077	0100000075032715215sfakJ"93Fmtz
000460244363600000077	0100000075032715215qfOVEi93dVOs
000460244363600000077	0100000075032715215LQtht7936CQS
000460244363600000077	0100000075032715215UitDE193pmj9
000460244363600000077	0100000075032715215txf?BS93wuUr
000460244363600000077	0100000075032715215KQ4e=M93ZpGX
000460244363600000077	0100000075032715215IndFgu93hptI
000460244363600000077	0100000075032715215Fk5YeM93zxVb
000460244363600000077	0100000075032715215Sf<5-o93J8V1
000460244363600000077	0100000075032715215-n8'qk93J42k
000460244363600000077	01000000750327152159-?HHr93MTN0
000460244363600000077	0100000075032715215ZESeZx93ZIQ8
000460244363600000077	0100000075032715215(tWJ?Z93TiCV
000460244363600000077	01000000750327152157_E&o"93BztU
000460244363600000077	0100000075032715215rX>xpy93VxCF
000460244363600000077	0100000075032715215d"sjWF93Xg6f
000460244363600000077	0100000075032715215/)wUFQ93qaZ1
000460244363600000077	0100000075032715215QCPfbh93fysf
000460244363600000077	0100000075032715215SP2mK(93D38I
000460244363600000077	0100000075032715215T%OQqZ93JoRT
000460244363600000077	0100000075032715215hPHic=93btV1
000460244363600000077	0100000075032715215Guck!,93gDnG
000460244363600000077	0100000075032715215c8yk+793YDHs
000460244363600000086	0100000075032715215eh+B)O93DlV9
000460244363600000086	01000000750327152152?QF3c93fzHT
000460244363600000086	0100000075032715215G23JLW93P88p
000460244363600000086	0100000075032715215ePPdX/931Axj
000460244363600000086	0100000075032715215:er:pY936iVW
000460244363600000086	0100000075032715215-<U/nf93BgPN
000460244363600000086	0100000075032715215c;+tNL938yjW
000460244363600000086	0100000075032715215eXjDAM939x4U
000460244363600000086	0100000075032715215xKUQ0N937kB2
000460244363600000086	0100000075032715215fO5HEG93nbZc
000460244363600000086	0100000075032715215jpTYT893TOxv
000460244363600000086	0100000075032715215F_oW3E93oh2A
000460244363600000086	0100000075032715215OEw8Q?93o3ad
000460244363600000086	0100000075032715215Upv3HD93acHd
000460244363600000086	0100000075032715215mt9Fq(93Mf/6
000460244363600000086	0100000075032715215&tsn-M93NC2W
000460244363600000086	0100000075032715215ykMri!9326+N
000460244363600000086	0100000075032715215Ke7aJD93wrLP
000460244363600000086	0100000075032715215tmDO3O93wSk5
000460244363600000086	0100000075032715215Ec8,tQ93MkR7
000460244363600000086	01000000750327152155ms'2,93q+20
000460244363600000086	0100000075032715215aqmIj(93YHsr
000460244363600000086	0100000075032715215gQ33.p93BgnE
000460244363600000086	0100000075032715215!/w>qr93jf7a
000460244363600000095	0100000075032715215jrlkDU93Xz/S
000460244363600000095	0100000075032715215s6pV_S93l0ip
000460244363600000095	0100000075032715215?jEket93H5n1
000460244363600000095	0100000075032715215C1xo/o93n1rQ
000460244363600000095	0100000075032715215sl9(Va93Qav2
000460244363600000095	0100000075032715215UoYQZh93Cyme
000460244363600000095	0100000075032715215HBEq.D93KrEX
000460244363600000095	0100000075032715215nh+B?R93Heqr
000460244363600000095	0100000075032715215%=Dbu:93tJdI
000460244363600000095	0100000075032715215uLcgNX93int/
000460244363600000095	0100000075032715215e8PUQE93LBOx
000460244363600000095	0100000075032715215?3hXgg93M3Di
000460244363600000095	0100000075032715215'N7Dzn93TO/n
000460244363600000095	0100000075032715215=OTed093kQUY
000460244363600000095	01000000750327152158DYUzg93ONfT
000460244363600000095	0100000075032715215?(FT"693GsIi
000460244363600000095	0100000075032715215bOqVuP939HVG
000460244363600000095	0100000075032715215Xirt>(93bnPF
000460244363600000095	0100000075032715215SaHr1X93ou3F
000460244363600000095	0100000075032715215rDJn:A93YGnm
000460244363600000095	0100000075032715215kg=sJx93EiEP
000460244363600000095	0100000075032715215f5RMCE93pKdo
000460244363600000095	0100000075032715215?!SVC793k7Lb
000460244363600000095	0100000075032715215L6XLiS932ffy
000460244363600000101	0100000075032715215ei*C_693G9Vj
000460244363600000101	0100000075032715215WEnEPO93sjMH
000460244363600000101	0100000075032715215tkMXPf932bqe
000460244363600000101	0100000075032715215l'5c.M93Pi4R
000460244363600000101	0100000075032715215<0PgYl93exGu
000460244363600000101	0100000075032715215FKMfgD93Fw1Z
000460244363600000101	0100000075032715215H8t9p'93RqIA
000460244363600000101	0100000075032715215p+67rc93aJQx
000460244363600000101	0100000075032715215VQVm"C93AYj4
000460244363600000101	0100000075032715215f+jBMs93t9B1
000460244363600000101	0100000075032715215Q2Qjdb93+HPl
000460244363600000101	0100000075032715215WQ=CsN93eyoB
000460244363600000101	01000000750327152154,lyZJ93bTcg
000460244363600000101	0100000075032715215JdSD+g93zLvw
000460244363600000101	0100000075032715215vTe/j393MKPv
000460244363600000101	0100000075032715215PJK;Hg93oKsD
000460244363600000101	0100000075032715215*1X4Mq93qNDG
000460244363600000101	0100000075032715215Mkp4Lh93C+6s
000460244363600000101	0100000075032715215%B?La39391xH
000460244363600000101	0100000075032715215nBS;:'93QATp
000460244363600000101	0100000075032715215Yk3.-?93fuo3
000460244363600000101	0100000075032715215RDtVXT93jHv1
000460244363600000101	0100000075032715215jW*5Je93oC7y
000460244363600000101	0100000075032715215hQ4:MJ93H1c6
000460244363600000110	0100000075032715215ACg?>n93SJ5r
000460244363600000110	0100000075032715215BSEZCp93Ewbq
000460244363600000110	0100000075032715215hdKjLD93I3/+
000460244363600000110	0100000075032715215fXdrrg932d+Z
000460244363600000110	0100000075032715215UZXJCs93Sizg
000460244363600000110	0100000075032715215_o'daj93P7V3
000460244363600000110	0100000075032715215/ICpsm939oQB
000460244363600000110	0100000075032715215xAFvKY93ry16
000460244363600000110	0100000075032715215s"oPm993tIWd
000460244363600000110	0100000075032715215WYA1rQ935Udx
000460244363600000110	0100000075032715215YRMEKb93rg/o
000460244363600000110	0100000075032715215B*Fb?m93kVPY
000460244363600000110	0100000075032715215OEZprp937XyK
000460244363600000110	0100000075032715215nqxHlN93r6Ng
000460244363600000110	0100000075032715215B1-jtt93QNPZ
000460244363600000110	01000000750327152159xl;dY93j4q2
000460244363600000110	0100000075032715215GxtUSI93NMpK
000460244363600000110	0100000075032715215gpQs'm93+K+5
000460244363600000110	0100000075032715215o&4WaW93AIir
000460244363600000110	0100000075032715215.OdqnA93ikYH
000460244363600000110	0100000075032715215r:C't+93vc1j
000460244363600000110	0100000075032715215PtDbyc93wSMH
000460244363600000110	0100000075032715215t3s&B6939nXm
000460244363600000110	0100000075032715215D&HTi:93mbQ8
000460244363600000129	0100000075032715215p*fZP993cb7w
000460244363600000129	0100000075032715215vSLrDs937h6G
000460244363600000129	0100000075032715215WrmBpl93pyJk
000460244363600000129	0100000075032715215ibyFYC93cTkb
000460244363600000129	0100000075032715215,6p>YR93cW9T
000460244363600000129	01000000750327152153,O6Lr93ynJZ
000460244363600000129	0100000075032715215(HH34U93MbiT
000460244363600000129	0100000075032715215lwme_(93gHvt
000460244363600000129	0100000075032715215yOMlSa93pgHt
000460244363600000129	0100000075032715215;bkaC193Qnic
000460244363600000129	0100000075032715215NsqWcD93wVRV
000460244363600000129	0100000075032715215TI*P:n93SntF
000460244363600000129	0100000075032715215;'Ftnv93hUwX
000460244363600000129	0100000075032715215ABtboS93aRCF
000460244363600000129	0100000075032715215sHn**B938njn
000460244363600000129	0100000075032715215YmPFBi93nvB8
000460244363600000129	0100000075032715215j>XC*T93CbJ6
000460244363600000129	0100000075032715215csql2y93j8eB
000460244363600000129	0100000075032715215CuZZ.f93uQ2R
000460244363600000129	0100000075032715215F?bdW293fj79
000460244363600000129	0100000075032715215ll"HTY93N+uv
000460244363600000129	0100000075032715215QeJYL)93z7jD
000460244363600000129	0100000075032715215+TB5qL93U0xk
000460244363600000129	0100000075032715215vBS4,G93IOLw
000460244363600000138	0100000075032715215UL"-(p93fk/S
000460244363600000138	0100000075032715215Vm:!Ku93xta1
000460244363600000138	0100000075032715215MAc8uo93xICu
000460244363600000138	0100000075032715215duMo<F93Mn9H
000460244363600000138	0100000075032715215fKItLh93HIn8
000460244363600000138	0100000075032715215lCCSIU93hWXh
000460244363600000138	0100000075032715215)(7Sg593FmPS
000460244363600000138	0100000075032715215Z'ZNez93bg+b
000460244363600000138	0100000075032715215+.fqIq93gjev
000460244363600000138	0100000075032715215Lm_=&I93i3g3
000460244363600000138	0100000075032715215!Ztqet933ZLf
000460244363600000138	0100000075032715215fVmV1c93TDZn
000460244363600000138	0100000075032715215HGk6g%93sz9a
000460244363600000138	0100000075032715215Vih*W(93VexK
000460244363600000138	0100000075032715215hbS>/u938Jzj
000460244363600000138	0100000075032715215YEVgIm93uO+0
000460244363600000138	0100000075032715215s6kb8N93Do+h
000460244363600000138	0100000075032715215TgF3Os93tgsZ
000460244363600000138	0100000075032715215jU1b)N937Ewz
000460244363600000138	01000000750327152159hlg8T93H3F0
000460244363600000138	0100000075032715215ar4VM793Tdf1
000460244363600000138	01000000750327152159R+aUm93+OrX
000460244363600000138	0100000075032715215BYa/u193Hmow
000460244363600000138	0100000075032715215do;:g&93Gaat
000460244363600000147	0100000075032715215?%jNQP93K+9E
000460244363600000147	0100000075032715215%U:hxt93XAt+
000460244363600000147	0100000075032715215_Li&T/93k3vN
000460244363600000147	0100000075032715215WTHcXK93UAUh
000460244363600000147	0100000075032715215L+EGBa93/DqM
000460244363600000147	0100000075032715215,3fh-5937fQk
000460244363600000147	0100000075032715215MEHTmx93Qaqx
000460244363600000147	0100000075032715215iagIZd93hHZu
000460244363600000147	0100000075032715215)I+iRV93d46/
000460244363600000147	0100000075032715215PNs_rJ93GOey
000460244363600000147	0100000075032715215msZRXv934ss7
000460244363600000147	0100000075032715215INfPfC93DhkH
000460244363600000147	0100000075032715215QBeR+e93KqP1
000460244363600000147	0100000075032715215y9>nT!93Iu9O
000460244363600000147	0100000075032715215ggUotj93s012
000460244363600000147	0100000075032715215baxF)s930F52
000460244363600000147	0100000075032715215S.XDiK93r48F
000460244363600000147	0100000075032715215he(H.293rmR2
000460244363600000147	0100000075032715215OF-Qwz93qQWm
000460244363600000147	0100000075032715215t&mrnZ93ZuB+
000460244363600000147	0100000075032715215qgY8P_93z68T
000460244363600000147	0100000075032715215XgR_HC937HFP
000460244363600000147	0100000075032715215c8IWI)93eXlj
000460244363600000147	01000000750327152156fEbjT93Hgh8
000460244363600000156	0100000075032715215JKjUF'93bR48
000460244363600000156	0100000075032715215!Fp(H,93iUX9
000460244363600000156	0100000075032715215TCQLvo93aHTw
000460244363600000156	01000000750327152154ruFEB93loAc
000460244363600000156	0100000075032715215a4YMQK93XsyP
000460244363600000156	0100000075032715215NrLU5i930syk
000460244363600000156	0100000075032715215l3):?F93BlOZ
000460244363600000156	0100000075032715215<QMXO1934SaY
000460244363600000156	0100000075032715215GHjmwk93PHQW
000460244363600000156	0100000075032715215M4)d&*93Qi3w
000460244363600000156	0100000075032715215jlUNEM93ZHor
000460244363600000156	0100000075032715215MST6H'93f4zQ
000460244363600000156	0100000075032715215(QiRMP93xVPw
000460244363600000156	0100000075032715215?N:>7k931bnN
000460244363600000156	0100000075032715215.HJoiq93e9XI
000460244363600000156	01000000750327152154S//eJ93Qw+S
000460244363600000156	0100000075032715215+cfpip93larg
000460244363600000156	01000000750327152156xe"ab935tqB
000460244363600000156	0100000075032715215Xusb_093/Fs3
000460244363600000156	0100000075032715215z)MHDI93bly6
000460244363600000156	0100000075032715215G7BxBU93VZsr
000460244363600000156	0100000075032715215KpL:x893n4OQ
000460244363600000156	0100000075032715215J/"cYJ93Ou0e
000460244363600000156	0100000075032715215jid-r,93OSn/
000460244363600000165	0100000075032715215bvI)ZP93aNpe
000460244363600000165	0100000075032715215BMSeEl93u7nN
000460244363600000165	0100000075032715215CPh9o(93qZy4
000460244363600000165	0100000075032715215h&aKr093VjyJ
000460244363600000165	0100000075032715215g-JlR993UoyB
000460244363600000165	0100000075032715215!ybHCi93UBFQ
000460244363600000165	0100000075032715215R7bGgJ93gvYc
000460244363600000165	0100000075032715215q!(Dr593PM1v
000460244363600000165	01000000750327152156%kmF;93Cxfg
000460244363600000165	0100000075032715215c8WMZ*93GvoF
000460244363600000165	0100000075032715215>cn*BM939GW7
000460244363600000165	01000000750327152155rSqGP93IY/9
000460244363600000165	0100000075032715215BtXikk93xQri
000460244363600000165	0100000075032715215fsT*Z!93/VXT
000460244363600000165	0100000075032715215nnW+j'93oST4
000460244363600000165	0100000075032715215c8K6vN93DcGc
000460244363600000165	0100000075032715215csWxlB937eyL
000460244363600000165	0100000075032715215aVpIhm93MFps
000460244363600000165	0100000075032715215S*VDFT93WTXy
000460244363600000165	0100000075032715215wtSdih93DncW
000460244363600000165	0100000075032715215vjFliy93J2pu
000460244363600000165	0100000075032715215*gJpnE93np+1
000460244363600000165	0100000075032715215IxiCZN93szR8
000460244363600000165	0100000075032715215Qq?j*u93zC13
000460244363600000174	0100000075032715215K&)rA)93heq9
000460244363600000174	0100000075032715215GhIMzk93L579
000460244363600000174	0100000075032715215Z6Wd1N93T2Pk
000460244363600000174	0100000075032715215+VtTDf93S8rV
000460244363600000174	0100000075032715215PMqmK793eXoI
000460244363600000174	0100000075032715215enjW>v93A1f9
000460244363600000174	0100000075032715215MYHZ9R93r/Hw
000460244363600000174	0100000075032715215mB-D6i93qhND
000460244363600000174	0100000075032715215sibsMk93rygM
000460244363600000174	01000000750327152155+O2jN93x1ks
000460244363600000174	0100000075032715215ZcaU'Z93K34d
000460244363600000174	0100000075032715215DXcj=k93GEyP
000460244363600000174	0100000075032715215bG.gfV93iIXk
000460244363600000174	0100000075032715215>HRcdE93SMAo
000460244363600000174	0100000075032715215SQdgpT93CEqz
000460244363600000174	0100000075032715215u6OhAZ93Nhqv
000460244363600000174	0100000075032715215su+iCh93s7Bm
000460244363600000174	0100000075032715215NZmatk93QNO0
000460244363600000174	0100000075032715215Ty+IgT93MRNy
000460244363600000174	0100000075032715215cumas;93IAmy
000460244363600000174	0100000075032715215ag0IKR93oZb8
000460244363600000174	0100000075032715215joJtsS932VjM
000460244363600000174	0100000075032715215jGpCY_93iJAr
000460244363600000174	0100000075032715215("SBq'93LtvS
000460244363600000183	0100000075032715215sKNo!W93nNwJ
000460244363600000183	0100000075032715215wSuKcr93TI9E
000460244363600000183	0100000075032715215ZhTW+593j+8J
000460244363600000183	0100000075032715215qPjJX"93RCGK
000460244363600000183	0100000075032715215DT!<"n93AsGA
000460244363600000183	0100000075032715215.<sdGo937XTy
000460244363600000183	0100000075032715215vM=cs393Wk71
000460244363600000183	0100000075032715215HXJYYE93PKdc
000460244363600000183	01000000750327152153V2h3U93mz4I
000460244363600000183	0100000075032715215cA-"Q>93tXR5
000460244363600000183	0100000075032715215SSUbF=93SYR7
000460244363600000183	0100000075032715215pLIK2O93HvA/
000460244363600000183	0100000075032715215bqCO+5935jeg
000460244363600000183	0100000075032715215Dh.1nV93chdk
000460244363600000183	0100000075032715215DNl+n=93TNOu
000460244363600000183	0100000075032715215mxWc5K93NPS4
000460244363600000183	0100000075032715215E&-rxj93sacQ
000460244363600000183	0100000075032715215mli3ms93Xd4v
000460244363600000183	0100000075032715215I=i7lx93nwcb
000460244363600000183	0100000075032715215nSIXkm93j0K+
000460244363600000183	0100000075032715215+bfpKo93pqyQ
000460244363600000183	0100000075032715215NQ:ecw93yRcf
000460244363600000183	0100000075032715215n&P&q)93HVpu
000460244363600000183	0100000075032715215IRMcm7932Z72
000460244363600000192	0100000075032715215j2m"Ct93qrIV
000460244363600000192	0100000075032715215gYk,qc93IUsD
000460244363600000192	0100000075032715215Vr1-CY932D/5
000460244363600000192	010000007503271521562kyGV931DYe
000460244363600000192	0100000075032715215qEtbN?93WjK5
000460244363600000192	0100000075032715215LSk:Ia93Epq+
000460244363600000192	0100000075032715215Vd_MK)933TDk
000460244363600000192	01000000750327152150Vbxd-93yw63
000460244363600000192	0100000075032715215pY?otp93oS4O
000460244363600000192	0100000075032715215KLxOf=93FopH
000460244363600000192	0100000075032715215kPiw.R93M2qR
000460244363600000192	0100000075032715215te7x:P93W3K+
000460244363600000192	0100000075032715215QTZpc093q4SU
000460244363600000192	0100000075032715215=KSqFu93Flu+
000460244363600000192	0100000075032715215n<xXr4936Six
000460244363600000192	0100000075032715215q?Qpm!93PvdA
000460244363600000192	0100000075032715215Qc)EDk93QrOR
000460244363600000192	0100000075032715215jKiDL)93/hNl
000460244363600000192	0100000075032715215'NPM=;939v3U
000460244363600000192	0100000075032715215Ynzt1E93ffvb
000460244363600000192	0100000075032715215.7RVIX93J6tZ
000460244363600000192	0100000075032715215DtODJr93xNMJ
000460244363600000192	0100000075032715215McXer/936PPG
000460244363600000192	0100000075032715215tPRkcO93rJtf
000460244363600000208	0100000075032715215(W.cY&93Ww8n
000460244363600000208	0100000075032715215w'4R!H93CE38
000460244363600000208	0100000075032715215IA"'Yn93C2ln
000460244363600000208	0100000075032715215>tDQkZ93gQ5n
000460244363600000208	0100000075032715215lEMJvM93Tjga
000460244363600000208	0100000075032715215DIpWNW93Xtjj
000460244363600000208	0100000075032715215l:-8ns93a8A+
000460244363600000208	0100000075032715215ZsXcB993VB/2
000460244363600000208	0100000075032715215>Zs"&P93jUc8
000460244363600000208	01000000750327152157n"rOW93320f
000460244363600000208	0100000075032715215kV?gBk93EoFU
000460244363600000208	0100000075032715215e89XBe93mJcW
000460244363600000208	0100000075032715215sXJ8SV930oQl
000460244363600000208	0100000075032715215cbiO%c93Dffq
000460244363600000208	0100000075032715215I:l7Rz9374UE
000460244363600000208	0100000075032715215H,uFaO93Tlgg
000460244363600000208	0100000075032715215CXY3an93s611
000460244363600000208	0100000075032715215jFiKBx93JSYj
000460244363600000208	0100000075032715215VuWIuc93vL1b
000460244363600000208	0100000075032715215<q=nHu93qkit
000460244363600000208	0100000075032715215Y,JVTU93Is6M
000460244363600000208	0100000075032715215sOsNhq93y2J/
000460244363600000208	0100000075032715215l*NEtm93JAE9
000460244363600000208	0100000075032715215YHGJ8a93IM9Z
000460244363600000217	0100000075032715215iDSb2M93iRTr
000460244363600000217	0100000075032715215sFV_oe93IcRe
000460244363600000217	0100000075032715215fIg&'B93hsiC
000460244363600000217	0100000075032715215BFMZoZ93ebvh
000460244363600000217	0100000075032715215kASDX1935me7
000460244363600000217	0100000075032715215%SOgpG93522k
000460244363600000217	0100000075032715215I-hzuO93Ptts
000460244363600000217	0100000075032715215i(iSbl9307ut
000460244363600000217	0100000075032715215gdCqP593i0jy
000460244363600000217	0100000075032715215iblIHJ93y5Vp
000460244363600000217	0100000075032715215DXOBrD93m1ip
000460244363600000217	0100000075032715215K"7TcJ93bXr0
000460244363600000217	0100000075032715215RjY0h;93bvCx
000460244363600000217	0100000075032715215tmLbHv93wf5O
000460244363600000217	0100000075032715215wmGGRd93Y0oF
000460244363600000217	0100000075032715215CM"kgD93MDOI
000460244363600000217	0100000075032715215KPO%KJ93ji78
000460244363600000217	0100000075032715215Of>uXh93M1D2
000460244363600000217	0100000075032715215kPa?0p93cKB9
000460244363600000217	0100000075032715215ZDpopD93hasI
000460244363600000217	0100000075032715215b_Ruol93Ai2s
000460244363600000217	0100000075032715215:!0.g+933/Rc
000460244363600000217	0100000075032715215Lc:(dZ93qXv5
000460244363600000217	0100000075032715215&iBQ()93wP4A
000460244363600000226	0100000075032715215zWwtPZ93CxjM
000460244363600000226	0100000075032715215w3u%J'93XdW8
000460244363600000226	0100000075032715215jhtTs;93c+yw
000460244363600000226	0100000075032715215IYo_oU93MiTK
000460244363600000226	0100000075032715215>QRAGT93IzS/
000460244363600000226	0100000075032715215ingn)J93oaQZ
000460244363600000226	0100000075032715215(3XQ.%93YTiY
000460244363600000226	0100000075032715215sUt"RZ930+v4
000460244363600000226	0100000075032715215XHoHQV93ZAdG
000460244363600000226	0100000075032715215-N9xBb930f3s
000460244363600000226	0100000075032715215OXkdHr93hl99
000460244363600000226	0100000075032715215rnNF+L93RVnk
000460244363600000226	0100000075032715215DFGQJe933U5t
000460244363600000226	0100000075032715215SknS_K93mKJ4
000460244363600000226	0100000075032715215YjZMd493XkD0
000460244363600000226	0100000075032715215p1)=jD930flI
000460244363600000226	0100000075032715215Pg1siA93l2Li
000460244363600000226	0100000075032715215(4r=>U93uTua
000460244363600000226	0100000075032715215o>CTsr93bFxp
000460244363600000226	0100000075032715215:mfrB%938Ggi
000460244363600000226	0100000075032715215tUU:PO93YeOU
000460244363600000226	0100000075032715215njN8PV93Alrj
000460244363600000226	0100000075032715215GLjBo)93NDDo
000460244363600000226	0100000075032715215)J<D)i93vnve
000460244363600000235	0100000075032715215DXcT;N93ItG5
000460244363600000235	0100000075032715215yRkAH093ADrM
000460244363600000235	0100000075032715215XHpPUi93R4AT
000460244363600000235	0100000075032715215ihyiN,93ElWG
000460244363600000235	0100000075032715215)+T"dW93Vwjh
000460244363600000235	0100000075032715215IagSR3933Udh
000460244363600000235	0100000075032715215MinWk893bnf2
000460244363600000235	0100000075032715215TSpnSF93+fGK
000460244363600000235	0100000075032715215PYl2Ak93tYo0
000460244363600000235	0100000075032715215P"znyf93DDAC
000460244363600000235	0100000075032715215KXHgO)93GIh9
000460244363600000235	0100000075032715215u<Nb-B93d1R+
000460244363600000235	0100000075032715215f51qN;93RU9Y
000460244363600000235	0100000075032715215p%Vqa9931CAG
000460244363600000235	0100000075032715215.g?rnW93eXEc
000460244363600000235	0100000075032715215A"UrnD93etLu
000460244363600000235	01000000750327152158bUKGM93rjjk
000460244363600000235	01000000750327152156ZeSVn93Ivqw
000460244363600000235	0100000075032715215WiM/rE93vOGp
000460244363600000235	0100000075032715215g%i&ct93Et5g
000460244363600000235	0100000075032715215Mys&Sk93Yg3R
000460244363600000235	0100000075032715215;=ZL7g93ke0d
000460244363600000235	0100000075032715215;1tnF,93pSeo
000460244363600000235	0100000075032715215jYDUsK93hwTv
000460244363600000244	0100000075032715215Zr1qSp935f5y
000460244363600000244	0100000075032715215f6p'Ne93QM/b
000460244363600000244	0100000075032715215KjgLg393TmqH
000460244363600000244	0100000075032715215lnNm7S93lstU
000460244363600000244	0100000075032715215XDE:*d93it0n
000460244363600000244	0100000075032715215BDRirF93ux7K
000460244363600000244	01000000750327152153teieg93Q3G9
000460244363600000244	0100000075032715215VIl8Ig932R+R
000460244363600000244	0100000075032715215aAmDI493oqL/
000460244363600000244	0100000075032715215A"ZyLt93Juju
000460244363600000244	0100000075032715215xyMRYu93CPr6
000460244363600000244	0100000075032715215JVu_Mp93sD/i
000460244363600000244	0100000075032715215'kggV_93/NVO
000460244363600000244	0100000075032715215:jYQUy93sPH/
000460244363600000244	0100000075032715215)?9VIZ93u2lB
000460244363600000244	0100000075032715215:AQKdB93F2ns
000460244363600000244	0100000075032715215bBCDTK93bexY
000460244363600000244	0100000075032715215;Hcjqk93uq62
000460244363600000244	0100000075032715215JDJ09M93HSKW
000460244363600000244	0100000075032715215I!CUQ=93Te51
000460244363600000244	0100000075032715215Lbzday93FhL1
000460244363600000244	0100000075032715215JjOBg_93WKZ7
000460244363600000244	0100000075032715215SX45-F930XHC
000460244363600000244	0100000075032715215Ynusmb935tLR
000460244363600000253	0100000075032715215nRmIrI93irZr
000460244363600000253	0100000075032715215!KW!ij93wriK
000460244363600000253	0100000075032715215WkXa)s93ZdWS
000460244363600000253	0100000075032715215KrNIgS93ZTue
000460244363600000253	0100000075032715215DX?)dr93jmLI
000460244363600000253	0100000075032715215xV'G<T93EX8i
000460244363600000253	0100000075032715215fLkiTP93xsSD
000460244363600000253	0100000075032715215WIGdLW93oY1E
000460244363600000253	0100000075032715215mF_BRt93MIN+
000460244363600000253	0100000075032715215gAYoWA93yCNW
000460244363600000253	0100000075032715215qoZSh;93E5V7
000460244363600000253	01000000750327152155CO0zl93h8Nt
000460244363600000253	0100000075032715215pSmgJc93wlCb
000460244363600000253	0100000075032715215(5pm%&93clI3
000460244363600000253	0100000075032715215*qohLp93YRdc
000460244363600000253	0100000075032715215N:O>Wx93f3gL
000460244363600000253	0100000075032715215GykP=c93K6CG
000460244363600000253	0100000075032715215fnpK-T93K4xh
000460244363600000253	0100000075032715215Nfe?<.93pve9
000460244363600000253	0100000075032715215rg>4mg93TU/C
000460244363600000253	0100000075032715215jZBMke939z7r
000460244363600000253	0100000075032715215VZ/Vp/936KOM
000460244363600000253	0100000075032715215X-HqOI93t8X1
000460244363600000253	0100000075032715215dT)WkV93VGTL
000460244363600000262	0100000075032715215X_Vsi:93lIXj
000460244363600000262	0100000075032715215PI_pim93tJBP
000460244363600000262	0100000075032715215nS)kI"93O6IM
000460244363600000262	0100000075032715215XBPG)H93y1aB
000460244363600000262	0100000075032715215t?<+Nf930CtJ
000460244363600000262	0100000075032715215uZaPb393mPEo
000460244363600000262	0100000075032715215Hkzr?M93L5ag
000460244363600000262	0100000075032715215ootS'V937x18
000460244363600000262	0100000075032715215U!EQ"Q93eDqD
000460244363600000262	0100000075032715215DjczaO93lJYw
000460244363600000262	01000000750327152150RBSsg93iRiB
000460244363600000262	0100000075032715215IaN:_;9378Le
000460244363600000262	0100000075032715215Rw.Sv'93hcQv
000460244363600000262	0100000075032715215a8(nE993mShP
000460244363600000262	0100000075032715215jFltz:93F1Wg
000460244363600000262	0100000075032715215Kig=GD93oBS5
000460244363600000262	0100000075032715215)6*Vfb93duYU
000460244363600000262	0100000075032715215rB.:fO933Lt6
000460244363600000262	0100000075032715215VUGLTE939ZWG
000460244363600000262	0100000075032715215o/j?u>93kJ6H
000460244363600000262	0100000075032715215(C9+v=93kw5A
000460244363600000262	0100000075032715215L?Leqc938HQd
000460244363600000262	0100000075032715215cZmmZ393u+V6
000460244363600000262	0100000075032715215dMe=Md93n7of
000460244363600000271	0100000075032715215ZWSYI893EbAh
000460244363600000271	0100000075032715215Km'OH993thXk
000460244363600000271	0100000075032715215lC)wRq93BDP3
000460244363600000271	0100000075032715215ItjZrQ934gpE
000460244363600000271	0100000075032715215ibKekj93T96j
000460244363600000271	0100000075032715215u+T81c93gS6b
000460244363600000271	0100000075032715215lo'Pps93QDMo
000460244363600000271	0100000075032715215T(DSLp93CaGU
000460244363600000271	0100000075032715215<0xAIl93ymDQ
000460244363600000271	0100000075032715215q-WeLs93IUN0
000460244363600000271	0100000075032715215YAO/y-93zmWb
000460244363600000271	0100000075032715215;J5Gsp93vqVu
000460244363600000271	0100000075032715215(HBSx_93Fyg9
000460244363600000271	0100000075032715215TD)M0U93/tqe
000460244363600000271	0100000075032715215<"MKZq93jQaf
000460244363600000271	0100000075032715215kIF&L+93Dyrk
000460244363600000271	0100000075032715215+xcFQT93K2sk
000460244363600000271	01000000750327152155b6*uY93MG2+
000460244363600000271	0100000075032715215bBOnbb93bszM
000460244363600000271	0100000075032715215t%Q1x593bSt/
000460244363600000271	0100000075032715215W*dEms93rNIz
000460244363600000271	0100000075032715215?tQa=j93FA7O
000460244363600000271	0100000075032715215dT1lZ'93hCnd
000460244363600000271	01000000750327152157P1>Fk93ovjs
000460244363600000280	0100000075032715215%IQoGj93c6Je
000460244363600000280	0100000075032715215bj6?/x934tfF
000460244363600000280	0100000075032715215iIP>hF93d6+x
000460244363600000280	0100000075032715215lEQC7>93l49q
000460244363600000280	0100000075032715215eoDn,G93Jc+n
000460244363600000280	0100000075032715215.B,Wsj93ZbzQ
000460244363600000280	0100000075032715215Zt&S9b93xkCs
000460244363600000280	0100000075032715215"KbXn>93x4Cz
000460244363600000280	0100000075032715215FbNs/t931Arj
000460244363600000280	01000000750327152158Mn<qe93nWvt
000460244363600000280	0100000075032715215Eeh:A593318q
000460244363600000280	0100000075032715215EPVWra932mw7
000460244363600000280	0100000075032715215;mRgHt93nsQP
000460244363600000280	01000000750327152151<OTso93ytiP
000460244363600000280	0100000075032715215-?uldQ93gfy9
000460244363600000280	0100000075032715215U:cpPP93DAps
000460244363600000280	0100000075032715215IsNStK93cWRc
000460244363600000280	0100000075032715215pXqyxO93PXa+
000460244363600000280	0100000075032715215&uq?/r936+wR
000460244363600000280	0100000075032715215ThjIoC93yV2k
000460244363600000280	0100000075032715215c:,!SC93MsPO
000460244363600000280	0100000075032715215fSFNjS93LF+l
000460244363600000280	0100000075032715215gHHL5E93Ai9d
000460244363600000280	0100000075032715215WFOr3p93Dadu
000460244363600000299	0100000075032715215'LjlLx93l4fU
000460244363600000299	0100000075032715215GuctnM93GVvE
000460244363600000299	0100000075032715215CATDPY93+G3X
000460244363600000299	0100000075032715215M/Dqo*932eOb
000460244363600000299	0100000075032715215Vb1Uku93mXsG
000460244363600000299	01000000750327152158-IQYa93bPT+
000460244363600000299	0100000075032715215?UPV+C93H+ni
000460244363600000299	0100000075032715215CQr3:W939X4q
000460244363600000299	0100000075032715215h2YPE993bpx0
000460244363600000299	0100000075032715215g/JOtV93HWDe
000460244363600000299	0100000075032715215OU2m?v93vop1
000460244363600000299	0100000075032715215JMdpuF93tYrk
000460244363600000299	0100000075032715215W*INps93w6IE
000460244363600000299	0100000075032715215N7=42n93/0DU
000460244363600000299	0100000075032715215VzUshl93d9fc
000460244363600000299	0100000075032715215SW&Dgg93FCHh
000460244363600000299	0100000075032715215-;quql93wYOS
000460244363600000299	0100000075032715215BKWPln93xwCI
000460244363600000299	0100000075032715215h0IA/)9325qW
000460244363600000299	0100000075032715215-4aqVi93M6O0
000460244363600000299	0100000075032715215zgXYG<93A1/y
000460244363600000299	0100000075032715215U8kwag93Xvr3
000460244363600000299	0100000075032715215/qTQX!93Za8T
000460244363600000299	0100000075032715215qayanD93M6ft
000460244363600000305	0100000075032715215hKo'Zw930iuC
000460244363600000305	0100000075032715215nC4XYp93rVp4
000460244363600000305	0100000075032715215iMYEMI93kXo9
000460244363600000305	0100000075032715215O_%j!W93nSB1
000460244363600000305	0100000075032715215sAiDUb93dyzw
000460244363600000305	0100000075032715215bcCi?293E7X8
000460244363600000305	0100000075032715215RLQzM/93f2eW
000460244363600000305	0100000075032715215YVXUqW93P/np
000460244363600000305	0100000075032715215oNUqBi93wZe3
000460244363600000305	0100000075032715215FTgA)P93G0fu
000460244363600000305	0100000075032715215x0TaBF93+Wul
000460244363600000305	0100000075032715215dlGPs693x5cb
000460244363600000305	0100000075032715215oRl<Zw93Tr5i
000460244363600000305	0100000075032715215S/6h;793V7ga
000460244363600000305	0100000075032715215gjpVa"93DLlo
000460244363600000305	0100000075032715215eB09DM93q8im
000460244363600000305	0100000075032715215(ud7SE93MRvj
000460244363600000305	010000007503271521560t_Ky93/i+Z
000460244363600000305	0100000075032715215FGCFrM932NGT
000460244363600000305	0100000075032715215Ry8XLq93Ww5W
000460244363600000305	0100000075032715215ZS&7OU93hMAm
000460244363600000305	0100000075032715215eEnmdX93FdHr
000460244363600000305	0100000075032715215GTVeQE93Y0DO
000460244363600000305	0100000075032715215bzd<g-93icCA
000460244363600000314	0100000075032715215DF5:e093cLpm
000460244363600000314	0100000075032715215sHx2xK938zJE
000460244363600000314	0100000075032715215a;N7Hi93G1Cn
000460244363600000314	0100000075032715215.N0XaL93df7S
000460244363600000314	0100000075032715215qt/t8J93yZpy
000460244363600000314	0100000075032715215HgGCPe93spd+
000460244363600000314	0100000075032715215YP;YpH93SsdU
000460244363600000314	0100000075032715215AZ!8Fu93YBrD
000460244363600000314	01000000750327152152k-at?93hWPt
000460244363600000314	0100000075032715215BOMUER93DZIz
000460244363600000314	0100000075032715215:LEbKM93of/k
000460244363600000314	01000000750327152151a'oPg93F5P/
000460244363600000314	0100000075032715215rdOrrs93J1rI
000460244363600000314	0100000075032715215K1arRl93PlcK
000460244363600000314	0100000075032715215HfOa1B9395ww
000460244363600000314	0100000075032715215HY;VS"93I+Zn
000460244363600000314	0100000075032715215u5Yys;93NT8J
000460244363600000314	0100000075032715215KemKiY93+NK+
000460244363600000314	0100000075032715215FM,)zR93/9EC
000460244363600000314	0100000075032715215iXT=tt9324kj
000460244363600000314	0100000075032715215VyaAd093hkBz
000460244363600000314	0100000075032715215ljYEKU93oAAR
000460244363600000314	01000000750327152151G.mGN93hZ7J
000460244363600000314	0100000075032715215NGGfHa93BMHK
000460244363600000323	0100000075032715215KUowcB93CMK0
000460244363600000323	0100000075032715215WJDRrN93KmK9
000460244363600000323	0100000075032715215WeRy"C93ymHq
000460244363600000323	0100000075032715215<"tF)L93oWL0
000460244363600000323	0100000075032715215VoNcER93EFJt
000460244363600000323	0100000075032715215QVWsbT93oRdi
000460244363600000323	0100000075032715215:%eOKQ93HQvc
000460244363600000323	0100000075032715215f1c'Wo931ZYQ
000460244363600000323	0100000075032715215"mJopB93lFCj
000460244363600000323	0100000075032715215Z4P>aC93v8lH
000460244363600000323	0100000075032715215pUNi+J93JaAT
000460244363600000323	0100000075032715215d2JLqe93hR8X
000460244363600000323	0100000075032715215/B<KVs93JgvP
000460244363600000323	0100000075032715215,0pmP1933xCY
000460244363600000323	0100000075032715215T;y9qC93GY8I
000460244363600000323	0100000075032715215oI/di%93nrMv
000460244363600000323	0100000075032715215qBH3xg93C5ve
000460244363600000323	0100000075032715215.eWOKI93kl5J
000460244363600000323	0100000075032715215JNigS3932gAO
000460244363600000323	0100000075032715215j(G<MX93feDg
000460244363600000323	0100000075032715215HortiY934D5Z
000460244363600000323	0100000075032715215+BXBue934D41
000460244363600000323	0100000075032715215atfCKZ93gJ62
000460244363600000323	0100000075032715215ylZs9A939KhQ
000460244363600000332	0100000075032715215K4luL493w5YQ
000460244363600000332	0100000075032715215MgDY/<93eink
000460244363600000332	0100000075032715215-+DbHt93o3Jl
000460244363600000332	0100000075032715215sdQ(gy93S/AM
000460244363600000332	0100000075032715215Ag1>cF93ainW
000460244363600000332	0100000075032715215S1CBE+93l/eX
000460244363600000332	0100000075032715215*B?t.*935X80
000460244363600000332	0100000075032715215aHWp6c93uHT9
000460244363600000332	0100000075032715215Sq<rG'9300KG
000460244363600000332	0100000075032715215nJZZwT93RJg+
000460244363600000332	01000000750327152156n'M7V93t7DK
000460244363600000332	0100000075032715215jwKh*u93LZqA
000460244363600000332	0100000075032715215iViUPw939sl1
000460244363600000332	0100000075032715215EhJSrh93TP+W
000460244363600000332	0100000075032715215c:sOrz93Ikhp
000460244363600000332	0100000075032715215eP;wZU93T0vT
000460244363600000332	0100000075032715215:Wgf+D93BMgW
000460244363600000332	0100000075032715215WG=vU+934pfO
000460244363600000332	0100000075032715215bM/4Nl93Wt2B
000460244363600000332	0100000075032715215CF5mX=93JrPP
000460244363600000332	0100000075032715215FihDPU93tD9C
000460244363600000332	0100000075032715215F(57/?93bUcN
000460244363600000332	0100000075032715215rnubny934mV8
000460244363600000332	0100000075032715215d(?q8U93m98Y
000460244363600000341	0100000075032715215o!/cCu93R5Jl
000460244363600000341	0100000075032715215mpRdFQ93y2eM
000460244363600000341	0100000075032715215igtpk'9324Ni
000460244363600000341	0100000075032715215HGEX:T93zdan
000460244363600000341	0100000075032715215jhaM0F93OfzN
000460244363600000341	0100000075032715215TEofuj93ijGj
000460244363600000341	01000000750327152150J-Dsq93Rqo+
000460244363600000341	0100000075032715215wrhD3L93mhKo
000460244363600000341	01000000750327152152DRQu.93WQfX
000460244363600000341	0100000075032715215wV/osO93XrIY
000460244363600000341	0100000075032715215qtM3r<93lZsg
000460244363600000341	01000000750327152158"ieBj93tTy2
000460244363600000341	0100000075032715215A_?<m!93xEii
000460244363600000341	0100000075032715215OMdcVo930dTx
000460244363600000341	0100000075032715215eXjHAT93ykMp
000460244363600000341	0100000075032715215ajcwiU93LqcY
000460244363600000341	0100000075032715215BBbZSi93ZGjn
000460244363600000341	0100000075032715215SIifRK935ob0
000460244363600000341	0100000075032715215EvqL2K93Vm5o
000460244363600000341	0100000075032715215sp?N9:93Oezo
000460244363600000341	0100000075032715215RtH(q"935vz3
000460244363600000341	0100000075032715215S29mUX93uw0j
000460244363600000341	0100000075032715215bB4h1k93iT9C
000460244363600000341	0100000075032715215bO,;Si937fkA
000460244363600000350	0100000075032715215"C%)dc936vwW
000460244363600000350	0100000075032715215!TkMoN93SnUt
000460244363600000350	0100000075032715215XyM"HE93H9VJ
000460244363600000350	0100000075032715215Kt7n:C931ZOz
000460244363600000350	0100000075032715215_Crld&93yr6U
000460244363600000350	01000000750327152150pyUBM932xk8
000460244363600000350	0100000075032715215nRDZel930Buu
000460244363600000350	0100000075032715215NuVU=S93s6p1
000460244363600000350	0100000075032715215NJUigg93Ph+W
000460244363600000350	0100000075032715215IU_59v939oNp
000460244363600000350	01000000750327152156&ITLS938fm6
000460244363600000350	0100000075032715215Hz_dje93R+QB
000460244363600000350	0100000075032715215WWOZ*M93tcOa
000460244363600000350	0100000075032715215,iVywp93xgkD
000460244363600000350	0100000075032715215ccUw9w93gC7n
000460244363600000350	0100000075032715215u<pPU/93Uwwv
000460244363600000350	0100000075032715215,VFVnA93X9nM
000460244363600000350	0100000075032715215g?lERC93cQVf
000460244363600000350	0100000075032715215dxDYQ393ADOl
000460244363600000350	0100000075032715215t4chOC93Xdfn
000460244363600000350	0100000075032715215%kDl5293Rev6
000460244363600000350	0100000075032715215r,J1An93wx33
000460244363600000350	0100000075032715215pZ/ZNj938Har
000460244363600000350	0100000075032715215KJzyeA93OOL3
000460244363600000369	0100000075032715215/m"dW393xhPT
000460244363600000369	0100000075032715215=6Qtny93V8bG
000460244363600000369	0100000075032715215CgNnOB93EmY+
000460244363600000369	0100000075032715215FNLJ%793jz8N
000460244363600000369	0100000075032715215cW!O?M93iqK2
000460244363600000369	0100000075032715215WgWc8893uFfa
000460244363600000369	0100000075032715215pxVbxS933QHK
000460244363600000369	0100000075032715215Q0&0VF93XPKI
000460244363600000369	0100000075032715215!GtET,93aA81
000460244363600000369	01000000750327152156RiXg-93Oiv2
000460244363600000369	0100000075032715215fZkdZX93L8KW
000460244363600000369	0100000075032715215IJo2&!93jM0K
000460244363600000369	0100000075032715215eD)ESa939KzI
000460244363600000369	0100000075032715215ReZ'fN93B/Lu
000460244363600000369	0100000075032715215HrUWob93gFA4
000460244363600000369	0100000075032715215XjsQaW93tb+a
000460244363600000369	0100000075032715215A!S<AP93hAYx
000460244363600000369	0100000075032715215pQnPvE93IrsY
000460244363600000369	0100000075032715215V1_<eI93MlS+
000460244363600000369	0100000075032715215k"rlOO93OhN+
000460244363600000369	0100000075032715215tjSNaj93UhmP
000460244363600000369	0100000075032715215.cUNIh93+WkE
000460244363600000369	0100000075032715215<UN8vJ93GDag
000460244363600000369	01000000750327152157"DoPX93nNdD
000460244363600000378	0100000075032715215MuPdH:934rYu
000460244363600000378	0100000075032715215;uSGh>93h5hS
000460244363600000378	0100000075032715215tq-q1593sG4N
000460244363600000378	0100000075032715215%-TPeu93x5rt
000460244363600000378	01000000750327152152iVT.;930tS1
000460244363600000378	0100000075032715215s0QPqY93Q//E
000460244363600000378	0100000075032715215I(Qh._93X8xc
000460244363600000378	0100000075032715215XU6MaC93FhCk
000460244363600000378	0100000075032715215sgdQv/93QfWh
000460244363600000378	0100000075032715215QHOXYH93m+p8
000460244363600000378	0100000075032715215ZK7IdH93bV5b
000460244363600000378	0100000075032715215mNik/693LQzr
000460244363600000378	0100000075032715215wCM0JL93Kz67
000460244363600000378	0100000075032715215kiZj<g93rr8G
000460244363600000378	0100000075032715215fCUnQC93lbFt
000460244363600000378	01000000750327152153GikKl93GX27
000460244363600000378	0100000075032715215RxdQmq93l+zj
000460244363600000378	0100000075032715215aRn1NL93xtKe
000460244363600000378	0100000075032715215cWfZ4W93p6rY
000460244363600000378	01000000750327152157DblUy93ODa6
000460244363600000378	0100000075032715215dRYN=X93fzXa
000460244363600000378	0100000075032715215MOu8HM93P1Br
000460244363600000378	0100000075032715215YrGZ_D93XYEx
000460244363600000378	0100000075032715215Y7X7Ap933dSf
000460244363600000387	0100000075032715215&sOh-i93Kjfd
000460244363600000387	0100000075032715215PqdsDi93JNKu
000460244363600000387	0100000075032715215Lsgu)Y93oB2B
000460244363600000387	01000000750327152154/OiNk93iKQ8
000460244363600000387	0100000075032715215WU)O7Y93iMz/
000460244363600000387	0100000075032715215,v<PXT93i8YQ
000460244363600000387	0100000075032715215r/NN4S93xBCX
000460244363600000387	0100000075032715215B.VtQr93BT8b
000460244363600000387	0100000075032715215H62v'j93o5os
000460244363600000387	0100000075032715215EGu;"I93lWil
000460244363600000387	0100000075032715215&MvgSK93QBOR
000460244363600000387	0100000075032715215PIlFU,93wnNv
000460244363600000387	0100000075032715215Hc'BBk9343eb
000460244363600000387	01000000750327152154RtEZX93I97f
000460244363600000387	0100000075032715215kEv54i93r/Oa
000460244363600000387	0100000075032715215c.llgD93DFF5
000460244363600000387	0100000075032715215T:JSc393e71G
000460244363600000387	0100000075032715215CtL94d93krr8
000460244363600000387	0100000075032715215LYN-jI939D29
000460244363600000387	0100000075032715215uQFK-m93vo3h
000460244363600000387	0100000075032715215U5C!me93eiM6
000460244363600000387	0100000075032715215pJc0jR93h/oz
000460244363600000387	0100000075032715215AeeKWB93mpB7
000460244363600000387	01000000750327152154nS4,u93etZ8
000460244363600000396	0100000075032715215O/"dPh93iXsu
000460244363600000396	0100000075032715215mpcvii93Q9bG
000460244363600000396	0100000075032715215zugIk-93Riwa
000460244363600000396	0100000075032715215>SnU>L93YMev
000460244363600000396	01000000750327152151R&=-m93cono
000460244363600000396	0100000075032715215Gao%yZ935gD9
000460244363600000396	0100000075032715215QMKVRS93y7tT
000460244363600000396	0100000075032715215Nr&F!)932TlP
000460244363600000396	0100000075032715215!<.fWB93SKcW
000460244363600000396	0100000075032715215flt"_n93X/Rw
000460244363600000396	0100000075032715215MD87')93/ZAR
000460244363600000396	0100000075032715215f+!!pm93Cx6K
000460244363600000396	0100000075032715215IHZHm:930IlE
000460244363600000396	0100000075032715215haEYJ&93GVVj
000460244363600000396	0100000075032715215XT8nHJ93+eSm
000460244363600000396	0100000075032715215jOdS)C93nNm9
000460244363600000396	0100000075032715215Fzb1c.93VKaq
000460244363600000396	0100000075032715215mgmWA-933EUo
000460244363600000396	0100000075032715215is1J2993QBeR
000460244363600000396	0100000075032715215SOE'jA93To6t
000460244363600000396	0100000075032715215iYGo6n938TjT
000460244363600000396	0100000075032715215*QK3Bj93Gn4O
000460244363600000396	0100000075032715215rP0SqR93tXcH
000460244363600000396	0100000075032715215eFxCTa93ci9z
000460244363600000402	0100000075032715215KXGr/(93ny9K
000460244363600000402	0100000075032715215PYa-cc93kVLm
000460244363600000402	0100000075032715215dGvyx<93Y6+C
000460244363600000402	0100000075032715215u-Tj439393Jc
000460244363600000402	0100000075032715215q9/oIn93gEiy
000460244363600000402	0100000075032715215Q7oUsK93XsBh
000460244363600000402	0100000075032715215?X(=qO93P1bM
000460244363600000402	0100000075032715215rTkT8N93E6qR
000460244363600000402	0100000075032715215zcjJ.W93pgjx
000460244363600000402	0100000075032715215zpht8793XCPf
000460244363600000402	0100000075032715215LLph?R93TW+E
000460244363600000402	0100000075032715215Rboftf93x3Nc
000460244363600000402	0100000075032715215P?/u*6930Hlb
000460244363600000402	0100000075032715215aIrJT*93q9ix
000460244363600000402	0100000075032715215uM,BZS93dgL2
000460244363600000402	0100000075032715215Cjmu?C93BwmC
000460244363600000402	0100000075032715215:=2JMK93zafn
000460244363600000402	0100000075032715215?RAGaf938oi4
000460244363600000402	01000000750327152152'hfV&932u9z
000460244363600000402	0100000075032715215oE1NPj93U1BJ
000460244363600000402	0100000075032715215aM43;193EikS
000460244363600000402	0100000075032715215SmmyrI93X96F
000460244363600000402	0100000075032715215JpUlWe931Yfo
000460244363600000402	0100000075032715215u?6QoR93k3HJ
000460244363600000411	0100000075032715215=>VG;&93AVrY
000460244363600000411	0100000075032715215pCe_TS93eIPy
000460244363600000411	0100000075032715215YeXpZW93Q3GU
000460244363600000411	0100000075032715215eKvW3t93WzaC
000460244363600000411	0100000075032715215bjFeQp93bxwx
000460244363600000411	0100000075032715215oXYKkO931NiX
000460244363600000411	0100000075032715215qB*Xzl930MXe
000460244363600000411	0100000075032715215gjgKO9931zwF
000460244363600000411	0100000075032715215PS%I.;93n1+/
000460244363600000411	0100000075032715215oE1'Ep93TAp+
000460244363600000411	0100000075032715215GGr)ap93GV1C
000460244363600000411	0100000075032715215YJUd8g93Y0/a
000460244363600000411	0100000075032715215E7dYWT93WJTt
000460244363600000411	0100000075032715215P.laCk93O9ds
000460244363600000411	0100000075032715215A_dcnh93XAcN
000460244363600000411	0100000075032715215T3oi&O93pLVx
000460244363600000411	0100000075032715215OJ4<Zh93s+Ls
000460244363600000411	0100000075032715215NMa(DY931Ovq
000460244363600000411	0100000075032715215vqNHfY93Vutp
000460244363600000411	0100000075032715215NYlrO&93+3Ld
000460244363600000411	0100000075032715215%VeThb93AWKS
000460244363600000411	0100000075032715215mMDUs*935qOO
000460244363600000411	0100000075032715215esgE:T93Pm4y
000460244363600000411	0100000075032715215CNRe-s93E844
000460244363600000420	0100000075032715215o=s?c_93ctLk
000460244363600000420	01000000750327152151fDNlu93nNnm
000460244363600000420	0100000075032715215j5;TGd93HtBZ
000460244363600000420	0100000075032715215n_'bdW93L1sE
000460244363600000420	0100000075032715215Xm!PB<93jmJb
000460244363600000420	0100000075032715215fPuhYI93uQgY
000460244363600000420	0100000075032715215GV6fQQ93joK6
000460244363600000420	0100000075032715215apc75r93a1T+
000460244363600000420	0100000075032715215bJKP<x93C4v4
000460244363600000420	0100000075032715215eQZ%So93myri
000460244363600000420	010000007503271521505WG"N93bfjP
000460244363600000420	0100000075032715215i_dUqM936uR/
000460244363600000420	0100000075032715215_pzK6M93sxSX
000460244363600000420	0100000075032715215oB/mGI93gGyV
000460244363600000420	0100000075032715215Kc-U:N93VBsD
000460244363600000420	0100000075032715215BDOmls934dmQ
000460244363600000420	01000000750327152154h!')E93EFRF
000460244363600000420	0100000075032715215Ua.&He93XMC2
000460244363600000420	0100000075032715215B:s,B093JqK8
000460244363600000420	0100000075032715215z;e+X7931J0L
000460244363600000420	0100000075032715215Qpi&>S937rsK
000460244363600000420	0100000075032715215ElgPR0939DAt
000460244363600000420	0100000075032715215kqBUSD93iS6v
000460244363600000420	0100000075032715215Ngr<cq93cgSo
000460244363600000439	0100000075032715215Gb'nZD932sjH
000460244363600000439	0100000075032715215FNNNDS93q2Zy
000460244363600000439	0100000075032715215i-FF9=93vL02
000460244363600000439	0100000075032715215?bQ9iJ93U/CX
000460244363600000439	0100000075032715215oQJOdi93MvlB
000460244363600000439	0100000075032715215PhL,F&93r2aq
000460244363600000439	0100000075032715215SqI&ha93FVX2
000460244363600000439	0100000075032715215orcTHJ93qzGD
000460244363600000439	0100000075032715215Fna'Vl93Hep4
000460244363600000439	01000000750327152153jWYPV933oAC
000460244363600000439	0100000075032715215!gDLZj93/av3
000460244363600000439	0100000075032715215=KQjcZ93W3no
000460244363600000439	0100000075032715215LBTs<;93/nW3
000460244363600000439	0100000075032715215%Go?gt933Npn
000460244363600000439	0100000075032715215;P!q_o93ZkII
000460244363600000439	0100000075032715215ZKXFM>93Ud/+
000460244363600000439	0100000075032715215!tB2Yw93yHJ1
000460244363600000439	0100000075032715215R*f!te93sVTW
000460244363600000439	0100000075032715215RZUO5u936Ja1
000460244363600000439	0100000075032715215SQCoY=939e4H
000460244363600000439	0100000075032715215G/z*Xt93pz38
000460244363600000439	0100000075032715215RZfPRJ93PfGK
000460244363600000439	0100000075032715215oiZIu993GQMi
000460244363600000439	0100000075032715215SH*cAE93sBZs
000460244363600000448	0100000075032715215ltxsnX93A/Sy
000460244363600000448	0100000075032715215NpcyY>93kRTn
000460244363600000448	0100000075032715215a_E3Pq93o/k/
000460244363600000448	0100000075032715215*nFaGo93aj4G
000460244363600000448	0100000075032715215-M&Sqg93jzGv
000460244363600000448	0100000075032715215YClWBq93L1bt
000460244363600000448	0100000075032715215*O>,BF93J/tb
000460244363600000448	0100000075032715215)4Lx>893Jxoj
000460244363600000448	0100000075032715215OJbNkP93SvU6
000460244363600000448	0100000075032715215mVhIPG93O17a
000460244363600000448	0100000075032715215qSAqW<93oSXm
000460244363600000448	0100000075032715215Mo8sRC93GKEp
000460244363600000448	0100000075032715215TKgjjM93gXWg
000460244363600000448	0100000075032715215fES?Ti93PFJf
000460244363600000448	0100000075032715215SD"/dX93e6Zv
000460244363600000448	010000007503271521565kDxr934ZnS
000460244363600000448	0100000075032715215gZ6T(U93yF0D
000460244363600000448	0100000075032715215XT'mVe934qG1
000460244363600000448	0100000075032715215nh*&fa93C+nb
000460244363600000448	01000000750327152152f+D*l93QQuD
000460244363600000448	0100000075032715215yq34'%93sh9q
000460244363600000448	0100000075032715215hPCu9+93dcTW
000460244363600000448	0100000075032715215"aFFot93UWBx
000460244363600000448	0100000075032715215qircel93HxbN
000460244363600000457	0100000075032715215t,Vf*u936OkW
000460244363600000457	0100000075032715215mbgUZG93NtMw
000460244363600000457	0100000075032715215SWcfR?93Ex7O
000460244363600000457	01000000750327152152ceitq93RAPX
000460244363600000457	0100000075032715215It=fJ-93GPaa
000460244363600000457	0100000075032715215qiTVYD934/cJ
000460244363600000457	0100000075032715215efNQvw936ziW
000460244363600000457	0100000075032715215_.&aF293RPsG
000460244363600000457	0100000075032715215q&<AHg937Mxl
000460244363600000457	0100000075032715215mCnguN935eUZ
000460244363600000457	0100000075032715215fT1GUb930JB2
000460244363600000457	0100000075032715215vrEUHw93QbAw
000460244363600000457	0100000075032715215lWl%!'93ureD
000460244363600000457	0100000075032715215hpKYBh93TSzu
000460244363600000457	0100000075032715215llknNI93IXty
000460244363600000457	0100000075032715215SxETTX93dxZb
000460244363600000457	0100000075032715215(6-eAH93897O
000460244363600000457	0100000075032715215RV0JWT93aGHF
000460244363600000457	0100000075032715215mh)eVE939bsJ
000460244363600000457	0100000075032715215Ckpqj"93MfIb
000460244363600000457	0100000075032715215d"Y+7+931Fl2
000460244363600000457	0100000075032715215Pi'ZVs937uOZ
000460244363600000457	0100000075032715215DBIn2n93ij0M
000460244363600000457	0100000075032715215m.)O!O938J2v
000460244363600000466	01000000750327152159iXiCh93HGLx
000460244363600000466	0100000075032715215GoUtb493v7De
000460244363600000466	0100000075032715215xBZkpg931N5N
000460244363600000466	0100000075032715215n5qebF93F9/x
000460244363600000466	01000000750327152154nKIL/93P0Yo
000460244363600000466	0100000075032715215k0V0n&93xG1m
000460244363600000466	0100000075032715215fyDTra9316v5
000460244363600000466	0100000075032715215L1d?kB93yGOH
000460244363600000466	0100000075032715215khrL(q93zRFV
000460244363600000466	0100000075032715215o+Ued793gS/e
000460244363600000466	0100000075032715215NWGCn%93Fv0a
000460244363600000466	0100000075032715215RQ9(VK93sfO2
000460244363600000466	0100000075032715215!*StX+93lasK
000460244363600000466	0100000075032715215RwMxcU93GM4f
000460244363600000466	0100000075032715215XNw&/=93amMM
000460244363600000466	0100000075032715215//HWm>93EaOF
000460244363600000466	0100000075032715215q5<*6G935/Ad
000460244363600000466	0100000075032715215Ko;WwO93U6xe
000460244363600000466	0100000075032715215OLp9W?934eye
000460244363600000466	0100000075032715215Gx(Rq293X3q/
000460244363600000466	0100000075032715215VppNkJ93nvaX
000460244363600000466	0100000075032715215(LQ/bB93kEJK
000460244363600000466	0100000075032715215RFrLuY93RikY
000460244363600000466	0100000075032715215LNipna93bUYu
000460244363600000475	0100000075032715215IPC&E+938LBW
000460244363600000475	0100000075032715215CrWYil93c7VE
000460244363600000475	0100000075032715215g)kg:K93sD04
000460244363600000475	0100000075032715215wwTbIb932Knk
000460244363600000475	0100000075032715215HoJ1OF93lOEP
000460244363600000475	0100000075032715215pMWHME93l+wp
000460244363600000475	0100000075032715215JFCgfL93ZW/7
000460244363600000475	0100000075032715215c"UNkE93pmje
000460244363600000475	0100000075032715215HihN5Z93n1Bd
000460244363600000475	0100000075032715215mKBvZo93KJgr
000460244363600000475	0100000075032715215)a:60V93P9k8
000460244363600000475	0100000075032715215gr9gTF93UvVN
000460244363600000475	0100000075032715215RTtWF093Jclc
000460244363600000475	0100000075032715215rceSM&93ls5O
000460244363600000475	0100000075032715215TrLM_.931FB7
000460244363600000475	0100000075032715215>0(5nd93ORjG
000460244363600000475	0100000075032715215%o(Bhd93ozOV
000460244363600000475	0100000075032715215ylhs&E931klz
000460244363600000475	0100000075032715215Imq5SK93dlIG
000460244363600000475	0100000075032715215hpqx6O93IXGj
000460244363600000475	0100000075032715215dI<:+/93pq5l
000460244363600000475	01000000750327152151*kR1V93OvPh
000460244363600000475	0100000075032715215Ph!ONj93UIel
000460244363600000475	010000007503271521528mdqS93Snad
000460244363600000484	0100000075032715215o4eonA93hzAc
000460244363600000484	0100000075032715215SuDdHg93esDe
000460244363600000484	0100000075032715215V0tiaU936Eti
000460244363600000484	0100000075032715215ZZdyBO93x/9z
000460244363600000484	0100000075032715215)1ZgnN93KH6z
000460244363600000484	0100000075032715215zN>lTT93f4yZ
000460244363600000484	0100000075032715215Qn(WAC93+m4b
000460244363600000484	0100000075032715215n)kHbN932MMy
000460244363600000484	0100000075032715215urPK&r93uDHE
000460244363600000484	0100000075032715215,O*2"q933qGK
000460244363600000484	0100000075032715215)3beLJ93tZaH
000460244363600000484	0100000075032715215mBQNPj93QkFu
000460244363600000484	0100000075032715215Rhps1t93JJqI
000460244363600000484	0100000075032715215DUnVj)93d/DG
000460244363600000484	0100000075032715215AXTXqo93MlOm
000460244363600000484	0100000075032715215cTJiau93k7pd
000460244363600000484	0100000075032715215CA/Poh93WZIf
000460244363600000484	0100000075032715215nsSJrN93JKLI
000460244363600000484	0100000075032715215rUbDb&93E2KS
000460244363600000484	0100000075032715215P<n.-m93oBFF
000460244363600000484	0100000075032715215fzEuAC93b6qh
000460244363600000484	0100000075032715215+G"q1I93/1gf
000460244363600000484	0100000075032715215aYaC7a93Ab5z
000460244363600000484	0100000075032715215HjBpki93htu6
000460244363600000493	0100000075032715215W%QTd'93jhAt
000460244363600000493	0100000075032715215Hh7c"Q93cErg
000460244363600000493	0100000075032715215QRsh7Q93xA8H
000460244363600000493	0100000075032715215(_N(mK935kT3
000460244363600000493	0100000075032715215jZBWes935JV6
000460244363600000493	0100000075032715215WLvTTB93eEqm
000460244363600000493	0100000075032715215+U&iDp93xBW9
000460244363600000493	0100000075032715215MFdWP)93Ie7t
000460244363600000493	0100000075032715215XoI!1j93B5GN
000460244363600000493	0100000075032715215Bddk0F93OkkQ
000460244363600000493	0100000075032715215KMIXJD93Eikj
000460244363600000493	0100000075032715215r&<oB?93dTVt
000460244363600000493	0100000075032715215Y()Jha93LO6t
000460244363600000493	0100000075032715215f8JXaf93q1BR
000460244363600000493	0100000075032715215Rc!/JL93H55I
000460244363600000493	0100000075032715215Hg!LPO93tWBZ
000460244363600000493	0100000075032715215l?Jatn93QV9a
000460244363600000493	0100000075032715215(k6!Wf933T0a
000460244363600000493	0100000075032715215Xd7NUM933dDI
000460244363600000493	0100000075032715215Hp=Y1N93Ymuu
000460244363600000493	0100000075032715215)Ou=Hg930CAY
000460244363600000493	0100000075032715215OexNLJ93GlmN
000460244363600000493	0100000075032715215IzBXn393+aLR
000460244363600000493	0100000075032715215xljLEI93KxjA
000460244363600000509	0100000075032715215uMQ7e.939pN9
000460244363600000509	0100000075032715215UrZ3qk93ABCf
000460244363600000509	0100000075032715215m-gCJs9379g7
000460244363600000509	0100000075032715215n>LSz893anmB
000460244363600000509	0100000075032715215JfFno/93OxfI
000460244363600000509	0100000075032715215S3c+FF93tzFC
000460244363600000509	0100000075032715215nNmNLI93kD56
000460244363600000509	0100000075032715215'dBYu193cNeJ
000460244363600000509	0100000075032715215L%EWBa93CNyg
000460244363600000509	0100000075032715215-*D!ID93Ty9p
000460244363600000509	0100000075032715215QEZIMU93ZoSe
000460244363600000509	0100000075032715215G'Ri%J93Y4z1
000460244363600000509	0100000075032715215jsOTYr938BXf
000460244363600000509	0100000075032715215pG'hhk93/U28
000460244363600000509	0100000075032715215PZStea93f3I9
000460244363600000509	0100000075032715215n<N3zX93hPqz
000460244363600000509	0100000075032715215;c7>W(93fOAx
000460244363600000509	0100000075032715215Z)9t&K937wIs
000460244363600000509	01000000750327152157kBtTs93QSmL
000460244363600000509	0100000075032715215Q'NH5<93Uc9T
000460244363600000509	0100000075032715215Z+XNfy93UPdw
000460244363600000509	0100000075032715215DKo'Uc936auO
000460244363600000509	0100000075032715215_BuG5S93IgFo
000460244363600000509	0100000075032715215YDev2s93Dhy9
000460244363600000518	0100000075032715215UeLlkg93lhgm
000460244363600000518	0100000075032715215PAjZ3x93+HfW
000460244363600000518	0100000075032715215QVf6:r93uIup
000460244363600000518	0100000075032715215rH?WRY93gXjl
000460244363600000518	0100000075032715215zZo*sS93L6ZI
000460244363600000518	01000000750327152157AJFHd938/di
000460244363600000518	0100000075032715215aTa:Np93yAE8
000460244363600000518	0100000075032715215AS.8.k93/dlJ
000460244363600000518	0100000075032715215dVioSA93Pbc2
000460244363600000518	0100000075032715215K01.Tq93BGBa
000460244363600000518	0100000075032715215<pmh_U93IaSi
000460244363600000518	0100000075032715215&bnDRq93awaw
000460244363600000518	0100000075032715215TtFcOL93EVaC
000460244363600000518	0100000075032715215uEFkOc93WIC2
000460244363600000518	0100000075032715215KypbmK93QUj4
000460244363600000518	0100000075032715215m1OgEP93PRhI
000460244363600000518	0100000075032715215mkuR0m93OKMM
000460244363600000518	0100000075032715215OV:JsP93fo9V
000460244363600000518	0100000075032715215vo=dkf93eb25
000460244363600000518	0100000075032715215F2Jf%t93ovAP
000460244363600000518	0100000075032715215JSOWrE93gDzo
000460244363600000518	0100000075032715215Ikka%&93pDk4
000460244363600000518	0100000075032715215Y27GY_93Xf8A
000460244363600000518	0100000075032715215=ClDAJ93woxM
000460244363600000527	0100000075032715215LnM,Wj93y7UR
000460244363600000527	0100000075032715215bM0K<993LtH9
000460244363600000527	0100000075032715215GMZdpF938wYb
000460244363600000527	0100000075032715215vsCJ.N93SFey
000460244363600000527	0100000075032715215Tpf,_e93e1vW
000460244363600000527	0100000075032715215Lf"s:l938n64
000460244363600000527	0100000075032715215J48dha93N0xo
000460244363600000527	0100000075032715215t<WRbi93QCoK
000460244363600000527	0100000075032715215kg8JWO93y4uE
000460244363600000527	0100000075032715215THJbjk93Uzfs
000460244363600000527	0100000075032715215aX)OmQ933Ot9
000460244363600000527	0100000075032715215TlD!!193W+gy
000460244363600000527	0100000075032715215A(+IpG93C8KD
000460244363600000527	0100000075032715215CtggI*93aFB/
000460244363600000527	0100000075032715215wsG=Q.93+xyT
000460244363600000527	0100000075032715215B3J0"t93o5yH
000460244363600000527	0100000075032715215&BtsJ*931E+t
000460244363600000527	0100000075032715215!VS80o93sUzB
000460244363600000527	01000000750327152155urvYM93+OZl
000460244363600000527	0100000075032715215BbrdyU9363jE
000460244363600000527	0100000075032715215G_UcdV93lbvM
000460244363600000527	0100000075032715215goZHUK93s6yg
000460244363600000527	0100000075032715215QJWnXo9300cn
000460244363600000527	0100000075032715215UYl61L93yCAj
000460244363600000536	0100000075032715215V?%)wG93wLDQ
000460244363600000536	0100000075032715215gkzFh%93PUgQ
000460244363600000536	0100000075032715215Vd!nze93h8h5
000460244363600000536	0100000075032715215cwN.D693EhbB
000460244363600000536	0100000075032715215hEJDiR93hx4K
000460244363600000536	0100000075032715215;Bse4e93JPl1
000460244363600000536	0100000075032715215mtO.KT93bieW
000460244363600000536	0100000075032715215N;3U+Q93gfym
000460244363600000536	0100000075032715215iq;vwS93ExBR
000460244363600000536	0100000075032715215zH1'eL93wCnT
000460244363600000536	0100000075032715215QdJq0<938iwZ
000460244363600000536	0100000075032715215uE_O1g93j+Or
000460244363600000536	0100000075032715215uMPkLK93upPc
000460244363600000536	0100000075032715215ui0PDK93X6it
000460244363600000536	0100000075032715215K71B2B93MMn/
000460244363600000536	0100000075032715215aZ_rCA93R7Q9
000460244363600000536	0100000075032715215oZWDVT93cmAU
000460244363600000536	0100000075032715215aGgvis935HbT
000460244363600000536	0100000075032715215.tuRYi93fXSs
000460244363600000536	0100000075032715215CeiOYu93dk+r
000460244363600000536	0100000075032715215V%lkjK93Y6xW
000460244363600000536	01000000750327152153ptL%993ELmG
000460244363600000536	0100000075032715215+1ds_m93GdZJ
000460244363600000536	0100000075032715215?N3BhM934q96
000460244363600000545	0100000075032715215a-PZU,93Btg4
000460244363600000545	0100000075032715215MB-xK793SNKm
000460244363600000545	0100000075032715215Ey:5d%93UR6r
000460244363600000545	0100000075032715215um.qe<93OL1o
000460244363600000545	0100000075032715215mtSb',93lXHd
000460244363600000545	0100000075032715215&k'Bi&93GPl+
000460244363600000545	0100000075032715215iDDTGl93gIrW
000460244363600000545	0100000075032715215hT,(X(93H6SU
000460244363600000545	0100000075032715215LTmQ.'93eJHw
000460244363600000545	0100000075032715215BZWiR,93TtEQ
000460244363600000545	0100000075032715215XS(Psh93/0Fh
000460244363600000545	0100000075032715215MnEnOC93yTPo
000460244363600000545	0100000075032715215IrKGHd93FO2g
000460244363600000545	0100000075032715215VJhqbq93m6gR
000460244363600000545	0100000075032715215Rs5Bbp931W44
000460244363600000545	0100000075032715215aC9AIW93hrvt
000460244363600000545	0100000075032715215Zg=0qx93XvHn
000460244363600000545	0100000075032715215'Co;Kl93aPSk
000460244363600000545	0100000075032715215Yod1ku93izXQ
000460244363600000545	0100000075032715215WYkZ+393nFRe
000460244363600000545	0100000075032715215RNonLU931dam
000460244363600000545	01000000750327152157Yx7lR93XPDV
000460244363600000545	0100000075032715215HUlK&A93CX6J
000460244363600000545	0100000075032715215U3L!ow93HttX
000460244363600000554	0100000075032715215.CA'Sa93+C6v
000460244363600000554	0100000075032715215R9CHpp93C5o2
000460244363600000554	0100000075032715215ecFZNa93OGZK
000460244363600000554	0100000075032715215Ia6.Ca930cev
000460244363600000554	0100000075032715215D*f%kn93IKZZ
000460244363600000554	0100000075032715215'Kj;"m93QwLk
000460244363600000554	0100000075032715215pSd3'M93FDl2
000460244363600000554	0100000075032715215GqsWpe93nyAO
000460244363600000554	0100000075032715215s9olrX93KYPc
000460244363600000554	0100000075032715215NdSkXy93fyxS
000460244363600000554	0100000075032715215MpP0%s93NnTh
000460244363600000554	0100000075032715215UXHGeW932jbM
000460244363600000554	0100000075032715215!KBaX&93fKA+
000460244363600000554	0100000075032715215H/k>eF93Lg7c
000460244363600000554	0100000075032715215W?7YPu93GGgM
000460244363600000554	0100000075032715215.Wt%_-93T4b2
000460244363600000554	0100000075032715215af""!C93SRot
000460244363600000554	0100000075032715215eUs/nX93lhBA
000460244363600000554	0100000075032715215RYCjcI93EYpB
000460244363600000554	0100000075032715215hWH_bW9337lZ
000460244363600000554	0100000075032715215KFwGA=93+JSv
000460244363600000554	0100000075032715215J%6P9U93ACdK
000460244363600000554	0100000075032715215oKOeUO93jcOE
000460244363600000554	0100000075032715215-E_FcV935LBv
000460244363600000563	0100000075032715215aljw,:93w8We
000460244363600000563	0100000075032715215poc3=U93DF0Q
000460244363600000563	01000000750327152158toygP93OZ8O
000460244363600000563	0100000075032715215QcP-xi93bq+H
000460244363600000563	0100000075032715215PJn4IG93pf+W
000460244363600000563	0100000075032715215CacU<u938S6D
000460244363600000563	0100000075032715215URIbwE93Tcix
000460244363600000563	0100000075032715215.'B?'W93DcOT
000460244363600000563	0100000075032715215hTEc-Q93YIg5
000460244363600000563	01000000750327152152KWoUY93AGFC
000460244363600000563	01000000750327152157VMF"O93G/aZ
000460244363600000563	0100000075032715215h=9HP=93NZuQ
000460244363600000563	0100000075032715215oQqrGe93YVbj
000460244363600000563	0100000075032715215tnkAdp93w1pU
000460244363600000563	0100000075032715215NnX*KV93rGld
000460244363600000563	0100000075032715215dZPZ>Q93Ds/J
000460244363600000563	0100000075032715215ZEdBbI93NXSL
000460244363600000563	0100000075032715215WZU=VA93MvZZ
000460244363600000563	0100000075032715215p97ps?93GN2i
000460244363600000563	0100000075032715215Yet(=l93zreI
000460244363600000563	0100000075032715215KGvSEK93Bp2r
000460244363600000563	0100000075032715215oU"gkx93Ne3N
000460244363600000563	0100000075032715215JpeVqX937jBy
000460244363600000563	0100000075032715215Ih4FQ,93Z7Fg
000460244363600000572	0100000075032715215Hm2kgC93Gklu
000460244363600000572	0100000075032715215jsoZT693HJHp
000460244363600000572	0100000075032715215v_iX.g93oFl9
000460244363600000572	0100000075032715215op/W<993BFT+
000460244363600000572	0100000075032715215JRu5JN93Z01E
000460244363600000572	0100000075032715215ioE6+T93yWKw
000460244363600000572	0100000075032715215l7z)l-93RSeG
000460244363600000572	0100000075032715215?wuapP93Vr1e
000460244363600000572	0100000075032715215hSCT.793Nv2w
000460244363600000572	0100000075032715215;>Wp:R93b+PA
000460244363600000572	0100000075032715215NLiSkk93kZqQ
000460244363600000572	0100000075032715215nM*U0E93Zzn/
000460244363600000572	0100000075032715215*rewk393dd4T
000460244363600000572	0100000075032715215g8hEJx9358me
000460244363600000572	0100000075032715215hJ_VPj93Gb5V
000460244363600000572	0100000075032715215qnI,eB937Ir7
000460244363600000572	0100000075032715215M3acEl93pI6v
000460244363600000572	0100000075032715215mOYt+M93Vkb4
000460244363600000572	0100000075032715215SE)Al593WqFR
000460244363600000572	0100000075032715215ZGfi.?93kWwC
000460244363600000572	0100000075032715215EOQCpT93atuR
000460244363600000572	0100000075032715215L2QmOM93BlHv
000460244363600000572	0100000075032715215mwcwmO93S4Xk
000460244363600000572	0100000075032715215Topm.s93DtOY
000460244363600000581	0100000075032715215SCvifo93k9ZF
000460244363600000581	0100000075032715215OlST"H93yZut
000460244363600000581	0100000075032715215b6oxCO93TomZ
000460244363600000581	0100000075032715215zk-OTF935tVe
000460244363600000581	0100000075032715215QmTucr93VFEA
000460244363600000581	0100000075032715215VtkPEn93LA52
000460244363600000581	0100000075032715215AJgBoh93JelM
000460244363600000581	010000007503271521587Vl%C93lZxg
000460244363600000581	0100000075032715215MdNT-m93T9C9
000460244363600000581	0100000075032715215iciS'o93d64a
000460244363600000581	0100000075032715215'2Ip?u93CmAL
000460244363600000581	0100000075032715215'biZrE93+VWN
000460244363600000581	0100000075032715215*Kl8oD939Lit
000460244363600000581	0100000075032715215K)IgcH93tefR
000460244363600000581	0100000075032715215hBA7&q93Pugx
000460244363600000581	0100000075032715215hELtHg938Y53
000460244363600000581	0100000075032715215LKmchP93kh/l
000460244363600000581	01000000750327152153Z8git93VHXb
000460244363600000581	0100000075032715215Fzg2y(93Qp20
000460244363600000581	0100000075032715215kY0aW=93TBYa
000460244363600000581	0100000075032715215nsfEfI93tgwG
000460244363600000581	0100000075032715215Ja2no%93ZrsF
000460244363600000581	0100000075032715215XbDhIC93Jc9r
000460244363600000581	0100000075032715215Ad<B?>934LKc
000460244363600000590	01000000750327152151gLoGw93zdhV
000460244363600000590	0100000075032715215_v?FmU93otiG
000460244363600000590	0100000075032715215sY?J:H93FVXD
000460244363600000590	0100000075032715215WGsr_g93lh8/
000460244363600000590	0100000075032715215;bQSOj93SljB
000460244363600000590	0100000075032715215JlYAPX93176/
000460244363600000590	0100000075032715215fTac3V93oxOb
000460244363600000590	01000000750327152154Cm;Kc93NqZD
000460244363600000590	0100000075032715215CBaDOT93AtVd
000460244363600000590	0100000075032715215GGUBGX93diGO
000460244363600000590	0100000075032715215l*qfF(93Fk65
000460244363600000590	0100000075032715215Wb(k-a93hSal
000460244363600000590	0100000075032715215NdTORE93Ml4L
000460244363600000590	01000000750327152153g)lkL938FVV
000460244363600000590	0100000075032715215kRbHHW93JDla
000460244363600000590	0100000075032715215SGnA;H93o4gN
000460244363600000590	0100000075032715215MOY2NJ93s5Ct
000460244363600000590	0100000075032715215t9m0A693+lnH
000460244363600000590	0100000075032715215L6DHSJ93OcYs
000460244363600000590	0100000075032715215SM4Pro93XVNH
000460244363600000590	0100000075032715215Y94oXi93K+XI
000460244363600000590	0100000075032715215bUVo&"93dUJ3
000460244363600000590	0100000075032715215h"jvZP930mHE
000460244363600000590	0100000075032715215oQGHQh93wvF8
000460244363600000606	0100000075032715215SNpZh*93+mw+
000460244363600000606	0100000075032715215fw8Ka-932ibL
000460244363600000606	0100000075032715215,o)gdg93wXMA
000460244363600000606	0100000075032715215)Rj%v,93prPd
000460244363600000606	0100000075032715215pD_LOl935aVF
000460244363600000606	010000007503271521595EEP?93UcLb
000460244363600000606	0100000075032715215gTME'C93gheG
000460244363600000606	0100000075032715215_eBa<093Roi4
000460244363600000606	0100000075032715215s>!dJv9308SH
000460244363600000606	0100000075032715215=BlTNX93gOoe
000460244363600000606	0100000075032715215(Fi1l293pZJU
000460244363600000606	0100000075032715215hU:kXE934VFB
000460244363600000606	0100000075032715215PL.XoL93CpSK
000460244363600000606	0100000075032715215ZPcSAZ93wZug
000460244363600000606	0100000075032715215Ep%pTU93kjYF
000460244363600000606	01000000750327152154hluHO93a9c9
000460244363600000606	0100000075032715215AQMQo!93fwwt
000460244363600000606	0100000075032715215sPbMj_93qKbo
000460244363600000606	0100000075032715215IgQNQW93fzHr
000460244363600000606	0100000075032715215"UWdOJ93H7Zi
000460244363600000606	0100000075032715215,*Qf*P93DU0W
000460244363600000606	0100000075032715215vlIS-E93tJju
000460244363600000606	0100000075032715215D&Vgta93hU0D
000460244363600000606	0100000075032715215+ZBPql93G4Sk
000460244363600000615	0100000075032715215?JO5fV93p1YE
000460244363600000615	0100000075032715215K66'D.93HhXU
000460244363600000615	0100000075032715215rTTFJs93FbPg
000460244363600000615	0100000075032715215eauoYm93oubi
000460244363600000615	0100000075032715215yM9qil93UFsG
000460244363600000615	0100000075032715215z=;ksE93RdjH
000460244363600000615	0100000075032715215LJTIS:93rd1P
000460244363600000615	0100000075032715215EZl:;Z936l+V
000460244363600000615	0100000075032715215QuQ:uJ93VP84
000460244363600000615	0100000075032715215ebJCY/93rEz2
000460244363600000615	0100000075032715215CJXHJR93uExu
000460244363600000615	0100000075032715215Lg=P:p93H5gS
000460244363600000615	0100000075032715215DVO*sL93Ni2a
000460244363600000615	0100000075032715215,jtg=.93q2US
000460244363600000615	0100000075032715215uYX<l;93KlDi
000460244363600000615	0100000075032715215xJ1F/Y93DQoD
000460244363600000615	0100000075032715215b_IcEx935EAk
000460244363600000615	0100000075032715215lNZ?Z'93EB51
000460244363600000615	0100000075032715215RAaC+493BjU5
000460244363600000615	01000000750327152150d_gnr93jaAz
000460244363600000615	0100000075032715215VTLfTE93t/mO
000460244363600000615	0100000075032715215XD+y!Y93NLBa
000460244363600000615	0100000075032715215ekuIUQ93GMyV
000460244363600000615	0100000075032715215q7<qHk93e3Qn
000460244363600000624	0100000075032715215onYRDB93n4jA
000460244363600000624	0100000075032715215HgX!1I93TllK
000460244363600000624	0100000075032715215P;wFTR934SsY
000460244363600000624	0100000075032715215GgzxeX93os3x
000460244363600000624	0100000075032715215N>XEQ_93puQF
000460244363600000624	0100000075032715215PWcn/%93abUW
000460244363600000624	0100000075032715215sw*659937Hlh
000460244363600000624	0100000075032715215dbKW83934nbE
000460244363600000624	0100000075032715215JO!TG:93GLZp
000460244363600000624	0100000075032715215UTSf=e93WIM5
000460244363600000624	0100000075032715215L,dZhc93Z8zu
000460244363600000624	0100000075032715215MVbN7t93Hy06
000460244363600000624	0100000075032715215Tje-SB93h4UF
000460244363600000624	0100000075032715215rKrkf.935PgX
000460244363600000624	0100000075032715215amVXjy93cV3w
000460244363600000624	0100000075032715215tss6Q;93RKoT
000460244363600000624	0100000075032715215hd%w(c93GMza
000460244363600000624	0100000075032715215Tp%DN!934NZS
000460244363600000624	0100000075032715215CNMUo=93iwth
000460244363600000624	0100000075032715215DbygTc93UlVA
000460244363600000624	0100000075032715215XVl%ul93Jhm+
000460244363600000624	0100000075032715215ki-Dbj934nds
000460244363600000624	0100000075032715215Nqey))93skBR
000460244363600000624	0100000075032715215Q34HHn93xpk3
000460244363600000633	0100000075032715215UcFMkb93/rDR
000460244363600000633	0100000075032715215gPeq+4933Mao
000460244363600000633	0100000075032715215GVPfMJ93Dlgs
000460244363600000633	0100000075032715215waiPp493lF20
000460244363600000633	0100000075032715215yqXMRd93o1ZV
000460244363600000633	0100000075032715215pxiMTf93rvc1
000460244363600000633	0100000075032715215VEFz9r93Srpt
000460244363600000633	0100000075032715215GTJalT932TRT
000460244363600000633	0100000075032715215FS0CYT93ZCKQ
000460244363600000633	0100000075032715215a4xEMk931y6F
000460244363600000633	0100000075032715215TISHOM93XEPe
000460244363600000633	0100000075032715215GG-geR93jlAF
000460244363600000633	0100000075032715215PCI3uh93I8OV
000460244363600000633	0100000075032715215HWMNM293fiOA
000460244363600000633	0100000075032715215FbH+kw93L1w/
000460244363600000633	0100000075032715215boOz0a93trs7
000460244363600000633	01000000750327152152Qgd.k937eww
000460244363600000633	0100000075032715215&eBZkG93oAUU
000460244363600000633	0100000075032715215eQn/qp93wThd
000460244363600000633	0100000075032715215onNcb/9388R6
000460244363600000633	0100000075032715215o5CCW>93Hcs9
000460244363600000633	0100000075032715215C+RDUI93Q5Gs
000460244363600000633	0100000075032715215;7%bxI93bB7A
000460244363600000633	0100000075032715215D=y(Ta935NZe
000460244363600000642	0100000075032715215eH7!"c93qs2N
000460244363600000642	0100000075032715215aVg/GO93KxLH
000460244363600000642	0100000075032715215LkfK6k932FV/
000460244363600000642	0100000075032715215OFoKPh93qvvE
000460244363600000642	0100000075032715215bMveBs93Q7AV
000460244363600000642	0100000075032715215"EFyBI93pNFU
000460244363600000642	0100000075032715215SdxolW93cBCM
000460244363600000642	0100000075032715215:>REXn93ebdd
000460244363600000642	0100000075032715215yuCzai93E0yI
000460244363600000642	0100000075032715215_rC+K_93OV2u
000460244363600000642	01000000750327152157NdVpQ93pmQk
000460244363600000642	0100000075032715215VgNqQY93f5ON
000460244363600000642	0100000075032715215etyEBt930vVG
000460244363600000642	0100000075032715215Ts8ORW93n/jO
000460244363600000642	0100000075032715215oX5TU993c8QB
000460244363600000642	01000000750327152151m7QCS93rWMD
000460244363600000642	0100000075032715215C0A.i_93m9Qw
000460244363600000642	0100000075032715215RRcMuU93XCTM
000460244363600000642	0100000075032715215gdjo=v93orFA
000460244363600000642	01000000750327152153ZU(Dg93UaYN
000460244363600000642	0100000075032715215IGHO'Y93X7vw
000460244363600000642	0100000075032715215MB;CdH93+HWk
000460244363600000642	0100000075032715215nfpxsa93JuOJ
000460244363600000642	0100000075032715215TaRsOG93O2vP
000460244363600000651	0100000075032715215sq&mb293OV8g
000460244363600000651	0100000075032715215fTtuL893Q8WJ
000460244363600000651	01000000750327152153.%GoE93CMNs
000460244363600000651	0100000075032715215zo-GvP934JS+
000460244363600000651	0100000075032715215NM:FKr938Jvq
000460244363600000651	0100000075032715215EXI3iK93Ss1u
000460244363600000651	0100000075032715215W>Q4&Y93XkTk
000460244363600000651	0100000075032715215MJqdxE93Cr6O
000460244363600000651	0100000075032715215eq-nVr93HlUI
000460244363600000651	0100000075032715215BKTNeI93KGEe
000460244363600000651	01000000750327152152gEgGK93vLv5
000460244363600000651	0100000075032715215RsGU,+9396dj
000460244363600000651	0100000075032715215ivo0E>93LHo1
000460244363600000651	0100000075032715215cY"xYj937Ier
000460244363600000651	0100000075032715215Zq_L_g93NV6w
000460244363600000651	0100000075032715215F<+zzf93a5Y0
000460244363600000651	0100000075032715215NbmiA:93qT9m
000460244363600000651	0100000075032715215QluK+g93R5Tq
000460244363600000651	0100000075032715215V4U:9*93IiWU
000460244363600000651	0100000075032715215"WIghf93KyA/
000460244363600000651	0100000075032715215)TZfYp93QA14
000460244363600000651	0100000075032715215u+nMOv93TuJw
000460244363600000651	0100000075032715215j+K7TV93rcpP
000460244363600000651	0100000075032715215KBifMY93x9JP
000460244363600000660	0100000075032715215FMEX8I93bjsQ
000460244363600000660	0100000075032715215TCLkIA93osFg
000460244363600000660	0100000075032715215AdNAtN93Ro+6
000460244363600000660	0100000075032715215ftFBLS93knNZ
000460244363600000660	0100000075032715215J;aTT*93DqC5
000460244363600000660	0100000075032715215DSNdTJ93eOcQ
000460244363600000660	0100000075032715215oU>uQb93d/fY
000460244363600000660	0100000075032715215)E&7EW93Jvee
000460244363600000660	0100000075032715215ZeaLHO93DII1
000460244363600000660	0100000075032715215gZ-AKp93lnfd
000460244363600000660	0100000075032715215KNiq,d93qGF7
000460244363600000660	0100000075032715215SIG+Js93CnP6
000460244363600000660	0100000075032715215BsEj:l93pnfY
000460244363600000660	0100000075032715215?CS>QV93bG3E
000460244363600000660	010000007503271521592XeuK936Abz
000460244363600000660	0100000075032715215vGYJji93T5eW
000460244363600000660	0100000075032715215MFDpbn93LirK
000460244363600000660	0100000075032715215aDIsjx93LJdq
000460244363600000660	0100000075032715215jhk-cU93dZ3P
000460244363600000660	0100000075032715215%:(Kc993izXD
000460244363600000660	0100000075032715215f:pbBZ93P0Ht
000460244363600000660	0100000075032715215q'pej493K6E8
000460244363600000660	0100000075032715215rD2ZhC9389ai
000460244363600000660	0100000075032715215ag4GMH930SAb
000460244363600000679	0100000075032715215iWVkpF935Znw
000460244363600000679	0100000075032715215<?x1Ap93N2db
000460244363600000679	0100000075032715215BOMhOU930lJX
000460244363600000679	0100000075032715215YAVfmo93m3/n
000460244363600000679	0100000075032715215o8AWcr93Twyz
000460244363600000679	0100000075032715215YIu+Eq93YwBY
000460244363600000679	0100000075032715215STc>YX93bQNL
000460244363600000679	01000000750327152152kzVaY93Khcs
000460244363600000679	0100000075032715215YbFv+d93ivP5
000460244363600000679	01000000750327152153>U31I93K7GF
000460244363600000679	0100000075032715215Z<6cUm93zm/j
000460244363600000679	0100000075032715215eG<zHv93y1/3
000460244363600000679	0100000075032715215XXu-PW93a4SP
000460244363600000679	0100000075032715215QTa%Bf9321Ne
000460244363600000679	0100000075032715215io/+'Y93ovxv
000460244363600000679	0100000075032715215oS!MfX93wxMg
000460244363600000679	0100000075032715215F!u%Z593ftgD
000460244363600000679	0100000075032715215B:WQ=;93vh+U
000460244363600000679	0100000075032715215LNN8j_93oC92
000460244363600000679	0100000075032715215WPGPBX93j7Me
000460244363600000679	0100000075032715215f*mlX)930VU2
000460244363600000679	0100000075032715215Eo4tDW93IJrQ
000460244363600000679	0100000075032715215Hgu%mQ93lVoI
000460244363600000679	0100000075032715215qii3vu93joRh
000460244363600000688	0100000075032715215InD8sF93U5tq
000460244363600000688	0100000075032715215oSng1r93mp+M
000460244363600000688	0100000075032715215N<.r:B934eXX
000460244363600000688	01000000750327152155bKRz493l0IJ
000460244363600000688	01000000750327152154aFzFJ93VAbE
000460244363600000688	0100000075032715215T?rGTx93LL7r
000460244363600000688	0100000075032715215PHF4!r93W3Nr
000460244363600000688	0100000075032715215RnS--F93bpzj
000460244363600000688	0100000075032715215GtXHaO93nKpc
000460244363600000688	0100000075032715215cefa6m93yh/8
000460244363600000688	0100000075032715215q,ETxr93FYCR
000460244363600000688	0100000075032715215=Cca+l93uf4z
000460244363600000688	0100000075032715215R1Qni"93h96+
000460244363600000688	0100000075032715215BqW1Rk93ikmF
000460244363600000688	0100000075032715215Y&=gQx93TMFp
000460244363600000688	01000000750327152157hSo<b93wdoU
000460244363600000688	0100000075032715215-k6RQP93lRzv
000460244363600000688	0100000075032715215Ci(:3l93pwDO
000460244363600000688	0100000075032715215V-QGWd93Hjb8
000460244363600000688	0100000075032715215Q1,fmT93rvN+
000460244363600000688	0100000075032715215rA9EPV93fiBE
000460244363600000688	0100000075032715215PW?PAa93VemZ
000460244363600000688	0100000075032715215;"-WFS93GDEU
000460244363600000688	0100000075032715215oVg!FV93isPJ
000460244363600000697	01000000750327152158V>OPs93N1ZY
000460244363600000697	0100000075032715215&vSHlR93Phm1
000460244363600000697	0100000075032715215FNsLb393psBG
000460244363600000697	0100000075032715215Lo'1tZ93/46I
000460244363600000697	0100000075032715215QCFFCT93Iz26
000460244363600000697	0100000075032715215+Vq+Gf93r59r
000460244363600000697	0100000075032715215+T%jHW93Uy8x
000460244363600000697	0100000075032715215AQuCPO93kUie
000460244363600000697	0100000075032715215HJ*Cg193iVvi
000460244363600000697	0100000075032715215Zyofqp93uKuu
000460244363600000697	01000000750327152153GSI:)9331tu
000460244363600000697	0100000075032715215YTP7g793xQkq
000460244363600000697	0100000075032715215IS:PkL93k7zJ
000460244363600000697	0100000075032715215"MdId>93vnfy
000460244363600000697	0100000075032715215;v,HRb93zRIP
000460244363600000697	0100000075032715215c0gNAK93Mg/E
000460244363600000697	0100000075032715215,?oCYt93neZo
000460244363600000697	0100000075032715215.E_rXw93pLt9
000460244363600000697	01000000750327152150VAguW93vJVJ
000460244363600000697	0100000075032715215'bjK.Z93XcFk
000460244363600000697	0100000075032715215RgIZW)93pzEB
000460244363600000697	01000000750327152153"fVls93QJhC
000460244363600000697	0100000075032715215BkCuc9936uzG
000460244363600000697	0100000075032715215a3R9Ls93Jtg1
000460244363600000703	0100000075032715215Sb3TNE93tWjK
000460244363600000703	0100000075032715215k;sA4s93fyLC
000460244363600000703	0100000075032715215=NZftE93+W/m
000460244363600000703	0100000075032715215QtsFik93YT71
000460244363600000703	0100000075032715215WsqgHB93f2S4
000460244363600000703	0100000075032715215?JUVjK93sKT4
000460244363600000703	0100000075032715215Ce"oMK93yVfO
000460244363600000703	0100000075032715215-;Zt4J93X7sB
000460244363600000703	0100000075032715215LBb4)e93VTF0
000460244363600000703	0100000075032715215>fuk-Q930MLJ
000460244363600000703	0100000075032715215rg:)rI934zHE
000460244363600000703	0100000075032715215"Y,lgW93xopx
000460244363600000703	0100000075032715215Mg<'B%93dUkj
000460244363600000703	0100000075032715215BCgYvG93s8RR
000460244363600000703	0100000075032715215;ejVj/93Bf83
000460244363600000703	0100000075032715215=-v3op93V179
000460244363600000703	0100000075032715215HiVODP93gfY1
000460244363600000703	01000000750327152150mQBQF93GFCL
000460244363600000703	0100000075032715215LTMMJu936MKC
000460244363600000703	0100000075032715215K?PNG093zAdA
000460244363600000703	0100000075032715215iiJGGV93U94S
000460244363600000703	0100000075032715215fIh;Tt93sS/X
000460244363600000703	0100000075032715215/UkOhv93Pxu+
000460244363600000703	0100000075032715215NMRROW93chrW
000460244363600000712	0100000075032715215Ebmw9C93SOaj
000460244363600000712	0100000075032715215IerIry93C53t
000460244363600000712	0100000075032715215>nh;"A93hRt1
000460244363600000712	0100000075032715215GkkTZf93mJOI
000460244363600000712	0100000075032715215aE2Y=p93xxc8
000460244363600000712	0100000075032715215lN0'!V93MwIZ
000460244363600000712	01000000750327152155pd%Qi93o1ir
000460244363600000712	0100000075032715215m?/)Qq93YzGP
000460244363600000712	010000007503271521505Z*Xz93JzGM
000460244363600000712	0100000075032715215gKyHVI93W6Gp
000460244363600000712	0100000075032715215N'3bC-93jTwq
000460244363600000712	0100000075032715215Gq'Gvg93uTAX
000460244363600000712	0100000075032715215uIDMhp931Gzm
000460244363600000712	0100000075032715215pMGNe293HFy5
000460244363600000712	0100000075032715215WytZcD93u5ay
000460244363600000712	0100000075032715215TkVPcl93aNWk
000460244363600000712	01000000750327152156VrwQU93d9hI
000460244363600000712	0100000075032715215=CAOsX931E+4
000460244363600000712	0100000075032715215n?VMGR93QEsD
000460244363600000712	0100000075032715215p,DSgL93R/EG
000460244363600000712	0100000075032715215"C'mGJ9309dm
000460244363600000712	0100000075032715215L*CbuX93IBEX
000460244363600000712	0100000075032715215'mLtQX932Xl9
000460244363600000712	01000000750327152154eNjnZ93uBW0
000460244363600000721	0100000075032715215JL7QrV932S+m
000460244363600000721	0100000075032715215-mS/Rb93NcFz
000460244363600000721	0100000075032715215cl=H8-931GaB
000460244363600000721	0100000075032715215Md/HkU93OxcJ
000460244363600000721	0100000075032715215:dm"AO93eMbu
000460244363600000721	0100000075032715215SF!rd?93Hf4n
000460244363600000721	0100000075032715215RFTXCN93gwvx
000460244363600000721	01000000750327152158WbnSA93J+ON
000460244363600000721	0100000075032715215pPFs&O93nKao
000460244363600000721	0100000075032715215'U8oGV93fyOh
000460244363600000721	0100000075032715215j9g/dr93EcUS
000460244363600000721	0100000075032715215Ogtqr193lLDj
000460244363600000721	0100000075032715215JkaYX>936APW
000460244363600000721	0100000075032715215YQyG7"93bg0B
000460244363600000721	0100000075032715215cis_Nm933JLt
000460244363600000721	0100000075032715215VmEBg,935bHO
000460244363600000721	0100000075032715215DZdf?z93szOP
000460244363600000721	01000000750327152157lVvJl9356VW
000460244363600000721	0100000075032715215&UXHqP93iLqm
000460244363600000721	01000000750327152159:E6PM93d7wM
000460244363600000721	0100000075032715215aBJwNy93KpSq
000460244363600000721	0100000075032715215<NWPuL93QL03
000460244363600000721	0100000075032715215PvSSDW9399Ss
000460244363600000721	0100000075032715215bCM+XN93xdtR
000460244363600000730	0100000075032715215sJWcAW93hMbg
000460244363600000730	0100000075032715215ZPkUnV93XnYv
000460244363600000730	0100000075032715215rdZjmq93lxFA
000460244363600000730	0100000075032715215fw,.nr93MrcR
000460244363600000730	0100000075032715215n"oq%C93jAf0
000460244363600000730	0100000075032715215mJ*WWw93OQxL
000460244363600000730	0100000075032715215CFUItP936g25
000460244363600000730	0100000075032715215QjCsex93/QJl
000460244363600000730	0100000075032715215lT-LL093Y16W
000460244363600000730	0100000075032715215aISyz093NWqu
000460244363600000730	0100000075032715215ghNzWl93OwWt
000460244363600000730	0100000075032715215Jr:1xU93lLiu
000460244363600000730	01000000750327152156Ytgps93Uf3Y
000460244363600000730	0100000075032715215q4rc:S93ZhQd
000460244363600000730	0100000075032715215iBR(s'93PLNE
000460244363600000730	0100000075032715215xNPR7:93lNoz
000460244363600000730	0100000075032715215XrZN+V932CEW
000460244363600000730	0100000075032715215ZKKgWD93gOCk
000460244363600000730	0100000075032715215xnh,sQ9317IG
000460244363600000730	0100000075032715215qg*GSO93E5yJ
000460244363600000730	01000000750327152158VCAIE93AVi7
000460244363600000730	0100000075032715215TM;GVR93Ui2o
000460244363600000730	0100000075032715215m3GmJB93WW/K
000460244363600000730	0100000075032715215jSOo/l93VVmg
000460244363600000749	0100000075032715215tLkZBJ93Pdh2
000460244363600000749	0100000075032715215w'R!+u93K9bK
000460244363600000749	0100000075032715215GHZp(493JoAR
000460244363600000749	0100000075032715215Uko2W;93vLSC
000460244363600000749	0100000075032715215ut!MMQ93gaeT
000460244363600000749	0100000075032715215*P'VjL93uTKO
000460244363600000749	0100000075032715215T5sgnJ938kRs
000460244363600000749	0100000075032715215xGqQ'Q93BFF0
000460244363600000749	0100000075032715215uSO.Zg93SeNG
000460244363600000749	0100000075032715215&o/Kad93oGbb
000460244363600000749	0100000075032715215PXB6t293k4Hm
000460244363600000749	0100000075032715215YCkZQ-93hksB
000460244363600000749	0100000075032715215VhiefW93E/fi
000460244363600000749	0100000075032715215EKhnnv93DA+o
000460244363600000749	0100000075032715215C(knGo93CUY4
000460244363600000749	0100000075032715215BOk?Ge932gCf
000460244363600000749	0100000075032715215WMNcnh93XW7c
000460244363600000749	0100000075032715215K5Uwpq936hRn
000460244363600000749	0100000075032715215p'ct2j934NCY
000460244363600000749	0100000075032715215rvpSqX93AhZR
000460244363600000749	0100000075032715215ngJkV"93ytlv
000460244363600000749	0100000075032715215jG=K4r93AC9R
000460244363600000749	0100000075032715215V(Di!P93rYIu
000460244363600000749	0100000075032715215_5DaTo937LPW
000460244363600000758	0100000075032715215f*jRIN93wUQy
000460244363600000758	0100000075032715215wp%Pf693fF85
000460244363600000758	0100000075032715215Hb+k%i93IXtR
000460244363600000758	0100000075032715215'8WCU593hQz4
000460244363600000758	0100000075032715215P>&Oun93QBdr
000460244363600000758	0100000075032715215jloKrZ93Qn0T
000460244363600000758	0100000075032715215XL>fpf93WzpR
000460244363600000758	0100000075032715215/Otprz93LtPt
000460244363600000758	01000000750327152150BmBKq93U7N5
000460244363600000758	0100000075032715215olYl7893V+bs
000460244363600000758	0100000075032715215g5BrV393F4mt
000460244363600000758	0100000075032715215%b.Iaq93Kcdg
000460244363600000758	0100000075032715215rQroql93kZV0
000460244363600000758	0100000075032715215r"H!gy9303hB
000460244363600000758	01000000750327152153!OFAH93iR7q
000460244363600000758	0100000075032715215KN,t"D93i0Om
000460244363600000758	0100000075032715215zbtS(X93VRBU
000460244363600000758	01000000750327152154-a.!793QDkp
000460244363600000758	0100000075032715215Dg*1JI93AKoW
000460244363600000758	0100000075032715215ED+p--9360lG
000460244363600000758	0100000075032715215erd%8J93TEYH
000460244363600000758	0100000075032715215dtf*J%93rau9
000460244363600000758	0100000075032715215brlQAz93klz+
000460244363600000758	0100000075032715215mGypkX93hfUR
000460244363600000767	0100000075032715215LgMEuq93qwef
000460244363600000767	0100000075032715215i%-oT&93eivR
000460244363600000767	0100000075032715215lMSrCQ93d6UZ
000460244363600000767	01000000750327152156kJ/kn93GYzb
000460244363600000767	0100000075032715215qorwqE93aQQg
000460244363600000767	0100000075032715215sSFC6A93ZSrE
000460244363600000767	0100000075032715215VW0VpP93wdCu
000460244363600000767	0100000075032715215sD-JJa93xts7
000460244363600000767	0100000075032715215Fwt9:O9384Aq
000460244363600000767	0100000075032715215Zp3VsW93Xvb9
000460244363600000767	0100000075032715215CKO6+X93v/LA
000460244363600000767	0100000075032715215:ZjKui93J1sR
000460244363600000767	0100000075032715215lVvjlK93erJn
000460244363600000767	0100000075032715215>X2R8u93RjWN
000460244363600000767	0100000075032715215FwLWdA93uzmW
000460244363600000767	0100000075032715215>OrR<F93W2dp
000460244363600000767	0100000075032715215gHwkBP93dpag
000460244363600000767	0100000075032715215!NR2ZH93V5FR
000460244363600000767	0100000075032715215dG2QHm93Rv8l
000460244363600000767	0100000075032715215hind"h93Uazp
000460244363600000767	0100000075032715215HNrmpS93i5DF
000460244363600000767	0100000075032715215uE%VoY93++hp
000460244363600000767	0100000075032715215J=BZWg93Suti
000460244363600000767	0100000075032715215JZx2qg93Ybt6
000460244363600000776	0100000075032715215vytZCP93j+m2
000460244363600000776	0100000075032715215KCRzCY93z1OF
000460244363600000776	0100000075032715215IgpNSI93MXD6
000460244363600000776	0100000075032715215=hPX2!93igYx
000460244363600000776	0100000075032715215SCU3IO932N9Q
000460244363600000776	01000000750327152158SSmBp93ikcM
000460244363600000776	0100000075032715215dlBYO793s6ee
000460244363600000776	0100000075032715215IvEtK&93xMAK
000460244363600000776	0100000075032715215LtjINH939zI2
000460244363600000776	0100000075032715215UDepd;93TLQ8
000460244363600000776	0100000075032715215pdXVNK93jtil
000460244363600000776	0100000075032715215G7Z>D,93oWYL
000460244363600000776	0100000075032715215IlV'Oh93IQss
000460244363600000776	0100000075032715215dP.>N793PunS
000460244363600000776	0100000075032715215R_CS5493U+M1
000460244363600000776	0100000075032715215PsQW979312WO
000460244363600000776	0100000075032715215_NdZ*293XGVB
000460244363600000776	0100000075032715215jYS+aQ93QifL
000460244363600000776	01000000750327152158pRcZc93qCMd
000460244363600000776	0100000075032715215D<ptbL93RQFz
000460244363600000776	0100000075032715215Sg<9DH932tav
000460244363600000776	0100000075032715215:GTS3C933k5S
000460244363600000776	01000000750327152153X%xMB93JZdD
000460244363600000776	0100000075032715215o+Z4MU93xfiR
000460244363600000785	0100000075032715215c8uY?L93fGiu
000460244363600000785	0100000075032715215GjfZgO93lMPg
000460244363600000785	0100000075032715215)P/BLC93Gqe0
000460244363600000785	0100000075032715215OZU'jP93j1jJ
000460244363600000785	0100000075032715215TEjZhj93rHl3
000460244363600000785	0100000075032715215WDF,!b93txso
000460244363600000785	0100000075032715215Mi*fKT93SbFo
000460244363600000785	0100000075032715215*P.Rmw93Vsn4
000460244363600000785	0100000075032715215,sHWuQ93Hku5
000460244363600000785	0100000075032715215rA2hgF93pYZx
000460244363600000785	0100000075032715215MN;n1V93vnNs
000460244363600000785	0100000075032715215bn/Ra_931K8s
000460244363600000785	0100000075032715215MQiCYO934eWL
000460244363600000785	0100000075032715215/CSj&Y93OU3J
000460244363600000785	0100000075032715215ShXa'B93vLKK
000460244363600000785	0100000075032715215HTH&Bg93Gb5r
000460244363600000785	0100000075032715215KasJ0m93fzjr
000460244363600000785	0100000075032715215>JTDta93JnDJ
000460244363600000785	0100000075032715215ee"QFq9328vQ
000460244363600000785	0100000075032715215C'XNNF935bUc
000460244363600000785	0100000075032715215p*:mtJ93TvPO
000460244363600000785	0100000075032715215MkneF%932TxZ
000460244363600000785	0100000075032715215R1PRZW93wS4N
000460244363600000785	0100000075032715215RQhikH93gJe0
000460244363600000794	0100000075032715215usLZF+932j4R
000460244363600000794	0100000075032715215_HSBd093fq76
000460244363600000794	0100000075032715215PvPGZB93iS6G
000460244363600000794	01000000750327152159EJMl;93+2Pl
000460244363600000794	0100000075032715215!B+m(p93PsPn
000460244363600000794	0100000075032715215vRLC4W93WAWh
000460244363600000794	0100000075032715215Sjr9nJ93PiIt
000460244363600000794	0100000075032715215z:pto=93Q3K3
000460244363600000794	0100000075032715215pcYQvs93pOff
000460244363600000794	0100000075032715215naJXXR93uJDO
000460244363600000794	0100000075032715215IchwDl93tj9Y
000460244363600000794	0100000075032715215sil*GC93+vdq
000460244363600000794	0100000075032715215ocjeRQ937qf3
000460244363600000794	01000000750327152151ISAYf93olbX
000460244363600000794	0100000075032715215J9RjUI93N1Jq
000460244363600000794	0100000075032715215jrnt+)93nlqe
000460244363600000794	0100000075032715215wC'%KJ93hams
000460244363600000794	0100000075032715215B"n8gb93hJvL
000460244363600000794	01000000750327152153ZOv(P93MTKS
000460244363600000794	0100000075032715215xsVKM593KVpd
000460244363600000794	0100000075032715215TuGuMu93NsOL
000460244363600000794	0100000075032715215HoVeTM93G3mI
000460244363600000794	01000000750327152155h9ha=93Nus4
000460244363600000794	0100000075032715215i.9SYr93lMqp
000460244363600000800	01000000750327152150%CA>c93N4zS
000460244363600000800	0100000075032715215Vd72DT93cTd2
000460244363600000800	0100000075032715215Tt=5Lm93YahV
000460244363600000800	0100000075032715215Ypdrao93k+yl
000460244363600000800	0100000075032715215yTtVca93akrE
000460244363600000800	01000000750327152156q1M2h93FAFf
000460244363600000800	0100000075032715215lyHiHU932ffq
000460244363600000800	0100000075032715215Uxp..M93C6Rr
000460244363600000800	0100000075032715215W2kPcB93oLqQ
000460244363600000800	0100000075032715215+>s.jU93CzRa
000460244363600000800	0100000075032715215Yq=uiJ93jO9T
000460244363600000800	01000000750327152158lDgDO93RhP3
000460244363600000800	0100000075032715215kefclX93gh6p
000460244363600000800	0100000075032715215iH+TGl93OcDc
000460244363600000800	0100000075032715215zqFdT>93qW9K
000460244363600000800	0100000075032715215Dy.oSH93Ang4
000460244363600000800	0100000075032715215cP*Nry93fX82
000460244363600000800	0100000075032715215C&nwX&931AtD
000460244363600000800	0100000075032715215pUJDSJ93Ac8/
000460244363600000800	01000000750327152157SMB5W93SGxv
000460244363600000800	0100000075032715215Bf2jnc937773
000460244363600000800	0100000075032715215GVlkGj93kIo4
000460244363600000800	0100000075032715215_!4?GH93Z2+L
000460244363600000800	0100000075032715215ahnmQj934hLs
000460244363600000819	0100000075032715215FNoY/v93ROFh
000460244363600000819	0100000075032715215pdDYOU93bACH
000460244363600000819	01000000750327152156tJv.e93f6BR
000460244363600000819	0100000075032715215ltRhrD93PqX6
000460244363600000819	0100000075032715215U:(WD993Rus7
000460244363600000819	0100000075032715215=Vg*Gs93AokP
000460244363600000819	0100000075032715215q(rjTO93uEad
000460244363600000819	01000000750327152154ZoT8T933lCK
000460244363600000819	0100000075032715215HrXwPD93Yaq0
000460244363600000819	01000000750327152150FF9Uf93fkXJ
000460244363600000819	0100000075032715215jByHz793GYcD
000460244363600000819	0100000075032715215er%WJO93eOD1
000460244363600000819	0100000075032715215cud4!g93Z2Nk
000460244363600000819	0100000075032715215gHpqGb93ZLY+
000460244363600000819	0100000075032715215%MtMPm93a4Ob
000460244363600000819	0100000075032715215O"G8L?93YfOy
000460244363600000819	0100000075032715215&B8ske93hd2G
000460244363600000819	0100000075032715215yVtyeW937qRp
000460244363600000819	0100000075032715215VZdLzX93y1jm
000460244363600000819	0100000075032715215KJWGTv93gXtG
000460244363600000819	0100000075032715215mCaVmS93Ar7F
000460244363600000819	0100000075032715215U<tBPF93pbGb
000460244363600000819	0100000075032715215ouXT-b939C/V
000460244363600000819	0100000075032715215kIJZNd93Ny+V
000460244363600000828	0100000075032715215:tXVMl93fsKw
000460244363600000828	0100000075032715215c)5fQE93kd+j
000460244363600000828	0100000075032715215ce8YIR931GAu
000460244363600000828	0100000075032715215fmZO*H93Cisj
000460244363600000828	0100000075032715215bkBcVQ93Ctyd
000460244363600000828	01000000750327152154dE%Ec93g0mh
000460244363600000828	0100000075032715215voKWFd93fdvp
000460244363600000828	0100000075032715215PhBZW)939dVE
000460244363600000828	0100000075032715215bcA0PL93P//j
000460244363600000828	0100000075032715215l;*35&93CckY
000460244363600000828	0100000075032715215VReP,b93Xhxh
000460244363600000828	0100000075032715215.UFZWN93v8ER
000460244363600000828	0100000075032715215S&rB>m93n9fa
000460244363600000828	0100000075032715215GG5x;k93woJ/
000460244363600000828	01000000750327152152FQmGB93LsGm
000460244363600000828	0100000075032715215W69NCb93cUui
000460244363600000828	0100000075032715215OGR*B593GLIM
000460244363600000828	0100000075032715215smlNCM93nkWE
000460244363600000828	0100000075032715215MEGnpc93rUjl
000460244363600000828	0100000075032715215ClDfIt93Lnkc
000460244363600000828	0100000075032715215MF7b0t93u/aB
000460244363600000828	0100000075032715215q<)Kcr93Xttr
000460244363600000828	0100000075032715215xhWKGm93jSKx
000460244363600000828	0100000075032715215rYr0de93mtaq
000460244363600000837	0100000075032715215(y8oCg93LUEH
000460244363600000837	0100000075032715215ljrGfk93wZ5W
000460244363600000837	0100000075032715215Eag-mE93ZD3O
000460244363600000837	0100000075032715215bYVBHT93PyfH
000460244363600000837	0100000075032715215XWIM9A93Lywx
000460244363600000837	0100000075032715215Fd0f-.93nfW6
000460244363600000837	0100000075032715215oi'*<f93ogke
000460244363600000837	0100000075032715215iIjC4b93hpOQ
000460244363600000837	0100000075032715215rEPr?"93sLEc
000460244363600000837	0100000075032715215n.AFSz93A0OZ
000460244363600000837	0100000075032715215SGcHyC933Vzo
000460244363600000837	0100000075032715215tBFoPU937KSk
000460244363600000837	01000000750327152158CKrPr931rjt
000460244363600000837	0100000075032715215e5N0Ut938nND
000460244363600000837	0100000075032715215,U6IXO93W06P
000460244363600000837	0100000075032715215idnnSA93xdeU
000460244363600000837	01000000750327152156X0F.g93W6B0
000460244363600000837	0100000075032715215(;ME:;93/N53
000460244363600000837	0100000075032715215*txF9s93ke7R
000460244363600000837	0100000075032715215O=E?W?93Stzm
000460244363600000837	0100000075032715215UP._mr93lI2h
000460244363600000837	0100000075032715215U8X-S_93rV4/
000460244363600000837	0100000075032715215ACC(x.93ERR/
000460244363600000837	0100000075032715215lJdCfL93laQl
000460244363600000846	0100000075032715215"YF)!793eDWs
000460244363600000846	0100000075032715215CEmUvL93iG9T
000460244363600000846	0100000075032715215"Oqsfz93Wp+v
000460244363600000846	0100000075032715215s8YYMl93OiF9
000460244363600000846	0100000075032715215LjcT1n93kzpW
000460244363600000846	0100000075032715215G!4aV>93FmNr
000460244363600000846	0100000075032715215hgm'5L935glx
000460244363600000846	0100000075032715215=Kb2cF93RBwm
000460244363600000846	0100000075032715215QgZMdF93hL5I
000460244363600000846	0100000075032715215cZmB.I93DGl/
000460244363600000846	0100000075032715215ToJwQI93opBC
000460244363600000846	0100000075032715215h+uLFH93Hn/l
000460244363600000846	0100000075032715215G+VEB_931cjz
000460244363600000846	0100000075032715215NDeoRd936opw
000460244363600000846	0100000075032715215*7uJnx930HVr
000460244363600000846	0100000075032715215TZX&vi93PB/R
000460244363600000846	0100000075032715215y=sKj_93Tj7D
000460244363600000846	0100000075032715215hrLcGK93kfv3
000460244363600000846	0100000075032715215g<ISDJ93tFW3
000460244363600000846	0100000075032715215Me2KsN9373+d
000460244363600000846	01000000750327152150CHM9f93twiR
000460244363600000846	0100000075032715215Cg%8Gj93b5nv
000460244363600000846	0100000075032715215iow4HH93KexW
000460244363600000846	0100000075032715215a?IY"I93Dnhd
000460244363600000855	0100000075032715215BtVhVT93NeKk
000460244363600000855	0100000075032715215rSMLrz93lmvv
000460244363600000855	0100000075032715215VSRJ,U932FMX
000460244363600000855	0100000075032715215/igc)r93WEKh
000460244363600000855	0100000075032715215gZhKXQ93S39X
000460244363600000855	0100000075032715215F+WihF93QPh7
000460244363600000855	0100000075032715215rbbePX93rYYd
000460244363600000855	0100000075032715215X5%iq!93VHrc
000460244363600000855	0100000075032715215'fogKE93TYWh
000460244363600000855	0100000075032715215qPdhsC93G3dB
000460244363600000855	0100000075032715215ftdkJ(93GPjf
000460244363600000855	0100000075032715215M9HR'k93BQOi
000460244363600000855	0100000075032715215T6EKbG935WPQ
000460244363600000855	0100000075032715215jY.qgs93c/7s
000460244363600000855	0100000075032715215CiT_m,93Dywj
000460244363600000855	0100000075032715215A*WZl693qtY+
000460244363600000855	0100000075032715215BCSG&C93KXxC
000460244363600000855	0100000075032715215nJ?K9593zBwB
000460244363600000855	0100000075032715215J%+l1C93zwsB
000460244363600000855	0100000075032715215rHK/pl93xKko
000460244363600000855	0100000075032715215ckYXFr93ZejS
000460244363600000855	0100000075032715215WumpYi93r8zg
000460244363600000855	0100000075032715215k9pvhD93SpC0
000460244363600000855	0100000075032715215xLR7ON93sFD1
000460244363600000864	0100000075032715215Zook0s93qSAf
000460244363600000864	0100000075032715215j4UFH!93Uesk
000460244363600000864	0100000075032715215TH9uUD93tjWM
000460244363600000864	0100000075032715215H9lbfm93yIXa
000460244363600000864	0100000075032715215k;*9fw93UjS9
000460244363600000864	0100000075032715215Cqe!Gd935/uO
000460244363600000864	0100000075032715215O<tt4693Moll
000460244363600000864	0100000075032715215Nc;HNF939QxN
000460244363600000864	0100000075032715215"YOjJD93VzeJ
000460244363600000864	0100000075032715215bMZQEL93Tr5e
000460244363600000864	0100000075032715215M'D8A*93pijq
000460244363600000864	0100000075032715215CJVoeM93eOTr
000460244363600000864	0100000075032715215ruqTN(93scOY
000460244363600000864	0100000075032715215gxVDC;93LQby
000460244363600000864	0100000075032715215VOoZjR933/C9
000460244363600000864	0100000075032715215RYeNUu93pYkl
000460244363600000864	0100000075032715215B4rUDM93l3Y2
000460244363600000864	0100000075032715215hfZEPR93RwU5
000460244363600000864	0100000075032715215pAetVS93pxN6
000460244363600000864	0100000075032715215j%SWQB93nPki
000460244363600000864	0100000075032715215VDIDqQ93v7WS
000460244363600000864	01000000750327152158wZRY'93sHz9
000460244363600000864	0100000075032715215cGfJfo93YOvO
000460244363600000864	0100000075032715215:u%M3C93lpis
000460244363600000873	0100000075032715215Yr=eDY93Zn8U
000460244363600000873	0100000075032715215%lHBCn93/FO9
000460244363600000873	0100000075032715215n(i_;P934cBS
000460244363600000873	0100000075032715215O%SEJB93dveu
000460244363600000873	0100000075032715215m4Tm_p93l7VC
000460244363600000873	0100000075032715215J8!FY)93M2df
000460244363600000873	0100000075032715215TyhEwe93pCGR
000460244363600000873	0100000075032715215kUTsH*93epBp
000460244363600000873	0100000075032715215h0sHhO93fzgD
000460244363600000873	0100000075032715215oMmDZC93mduV
000460244363600000873	0100000075032715215nZriih93UWal
000460244363600000873	0100000075032715215xDZ0Su93aWm7
000460244363600000873	0100000075032715215-Fc5:o93iase
000460244363600000873	0100000075032715215ZT)eYB93xKDH
000460244363600000873	0100000075032715215DCnJdA93KLYP
000460244363600000873	0100000075032715215adHm;E931QX9
000460244363600000873	0100000075032715215m1G3FE939kob
000460244363600000873	0100000075032715215yxMLRW93lLoN
000460244363600000873	0100000075032715215oC1PwR93QBwh
000460244363600000873	0100000075032715215cje/yK93ZfUl
000460244363600000873	0100000075032715215Y1OJZc93zws2
000460244363600000873	0100000075032715215APyY!g93oFzx
000460244363600000873	0100000075032715215rOVfGC93zo/W
000460244363600000873	0100000075032715215qHSD.y93J9hq
000460244363600000882	0100000075032715215XtUaKs93CI6k
000460244363600000882	0100000075032715215aH)%.d930YyQ
000460244363600000882	0100000075032715215S7OEgW93oqh9
000460244363600000882	0100000075032715215Wgg?MJ93w4RT
000460244363600000882	0100000075032715215>=F)nh930/j8
000460244363600000882	0100000075032715215u&irEO93QK2m
000460244363600000882	0100000075032715215HEJ+g*93H4lw
000460244363600000882	0100000075032715215;FeY6h936hBF
000460244363600000882	0100000075032715215UorNET934jW0
000460244363600000882	0100000075032715215sQjVCC936QSQ
000460244363600000882	0100000075032715215Q7hJE193zRZ5
000460244363600000882	0100000075032715215QaZwmr93ErLV
000460244363600000882	0100000075032715215t+H(vc93bekG
000460244363600000882	0100000075032715215+DOPrX93sXan
000460244363600000882	0100000075032715215sTjM!s934kh1
000460244363600000882	0100000075032715215usHmRp93Cr2c
000460244363600000882	0100000075032715215FKM4Z793h1gB
000460244363600000882	0100000075032715215/ArwB,93K541
000460244363600000882	0100000075032715215BZKdN993yr+s
000460244363600000882	01000000750327152151ZnHRB93DQwm
000460244363600000882	0100000075032715215u&(y,793XUr+
000460244363600000882	0100000075032715215DMvgTj93tbYp
000460244363600000882	0100000075032715215iZO*6X93OVCL
000460244363600000882	0100000075032715215K*=li693pkeM
000460244363600000891	0100000075032715215dk8UL-93Rfff
000460244363600000891	0100000075032715215T'rrmK93D3o3
000460244363600000891	0100000075032715215wKXTV893QnpQ
000460244363600000891	0100000075032715215)%5c>K93r4Kg
000460244363600000891	0100000075032715215wtUE_;93Lrn7
000460244363600000891	0100000075032715215XFcBFL93LuHa
000460244363600000891	0100000075032715215pce,vs9380bW
000460244363600000891	0100000075032715215p2=-Yq93GIB8
000460244363600000891	0100000075032715215ogc4._93Es7C
000460244363600000891	0100000075032715215rXlfJD93gEFT
000460244363600000891	0100000075032715215pGW,/S93OqSd
000460244363600000891	0100000075032715215QKNCd"933YfX
000460244363600000891	0100000075032715215BXa(IT93nao+
000460244363600000891	0100000075032715215UUerYW939IrX
000460244363600000891	0100000075032715215DmKq6693O9cN
000460244363600000891	0100000075032715215yjaDMn93vE+V
000460244363600000891	0100000075032715215c>mtTE93vA+a
000460244363600000891	0100000075032715215WwjwUp93jXhR
000460244363600000891	0100000075032715215oNx6DX93p+lW
000460244363600000891	0100000075032715215qece;)93UXLo
000460244363600000891	0100000075032715215ia36EY93g8uG
000460244363600000891	0100000075032715215p,(ggK9329oq
000460244363600000891	0100000075032715215Ik5q=293GieU
000460244363600000891	0100000075032715215q9Krl393rZzA
000460244363600000907	0100000075032715215FKOeP?93AggQ
000460244363600000907	0100000075032715215mnlDqg93k9B0
000460244363600000907	0100000075032715215khVwrA93rEbS
000460244363600000907	0100000075032715215rnWAf!93jJMu
000460244363600000907	0100000075032715215JEjIfC93T3Tq
000460244363600000907	0100000075032715215'>xM(S93y/hk
000460244363600000907	0100000075032715215T-2nsP93UfSk
000460244363600000907	0100000075032715215UYmzf-93/dbd
000460244363600000907	0100000075032715215grErOd932Dp5
000460244363600000907	0100000075032715215YPLYWs93kb64
000460244363600000907	0100000075032715215cE%Wsi93UgpL
000460244363600000907	0100000075032715215Jg+X=N93mnil
000460244363600000907	0100000075032715215UASC3X93V7a4
000460244363600000907	0100000075032715215)haPUp93Oerf
000460244363600000907	0100000075032715215eMM'Bu93sTo5
000460244363600000907	0100000075032715215VHLpnW93vNff
000460244363600000907	0100000075032715215aEn;kT931iW7
000460244363600000907	0100000075032715215l>wSJ293L4Pv
000460244363600000907	0100000075032715215KWodmw93NZbR
000460244363600000907	0100000075032715215U!lSWl931eVv
000460244363600000907	0100000075032715215eemn'i93YrtY
000460244363600000907	0100000075032715215PZi5o_93aqC7
000460244363600000907	0100000075032715215jogoG'93IT7n
000460244363600000907	0100000075032715215uuKBM793Qm8H
000460244363600000916	0100000075032715215IC-VT=931IyR
000460244363600000916	0100000075032715215Nr%ThM932EUg
000460244363600000916	0100000075032715215MHIGN-93CMgU
000460244363600000916	0100000075032715215qcoYk(93EYWQ
000460244363600000916	0100000075032715215GoGaYL93A0CG
000460244363600000916	0100000075032715215rZxjHs93WiT4
000460244363600000916	0100000075032715215_6j8xh93NJ/S
000460244363600000916	010000007503271521514HM:k93zh92
000460244363600000916	0100000075032715215d"N8ZY93qa1w
000460244363600000916	0100000075032715215>JwktX93BU/a
000460244363600000916	0100000075032715215-HpYrT93zRS3
000460244363600000916	0100000075032715215%BLq<S93yMzm
000460244363600000916	0100000075032715215opPDqc93v76h
000460244363600000916	0100000075032715215.Eysmo93vRzf
000460244363600000916	0100000075032715215rkbjr:93NC3m
000460244363600000916	0100000075032715215IsO_M/93rYWu
000460244363600000916	0100000075032715215G_RkD'93qkVD
000460244363600000916	0100000075032715215RUqnoh93bNpG
000460244363600000916	0100000075032715215zfTL5n936Ekw
000460244363600000916	0100000075032715215pN>b=P93kcWw
000460244363600000916	0100000075032715215OV':tf93fCmC
000460244363600000916	0100000075032715215acs2cK93GNTP
000460244363600000916	0100000075032715215GJkuXc93cTzf
000460244363600000916	0100000075032715215VX32ii936+Vz
000460244363600000925	0100000075032715215hAQnOx93WqO2
000460244363600000925	0100000075032715215P)ZICj93jqIP
000460244363600000925	0100000075032715215P*tC-H93OwsJ
000460244363600000925	0100000075032715215hSylep93LDgc
000460244363600000925	0100000075032715215sB-/Y193J9YH
000460244363600000925	0100000075032715215arEAfb93IhdC
000460244363600000925	01000000750327152150rhLn993bMq4
000460244363600000925	0100000075032715215_akoTb93eMi5
000460244363600000925	0100000075032715215UGTRqi93Z+Fw
000460244363600000925	0100000075032715215?npjM/93LLhY
000460244363600000925	0100000075032715215JBM_Fg93IAVA
000460244363600000925	0100000075032715215Q&(/9:93j3wE
000460244363600000925	0100000075032715215Pq8M6F93qUd5
000460244363600000925	0100000075032715215FYeKvd936Qyc
000460244363600000925	0100000075032715215Au;xfl93LMWQ
000460244363600000925	0100000075032715215m)zoXB93TKJ2
000460244363600000925	0100000075032715215G7vNDj93hKGo
000460244363600000925	0100000075032715215c4/4ra93Pd++
000460244363600000925	0100000075032715215S6tgGq93HAjq
000460244363600000925	0100000075032715215JK7N.s93odbj
000460244363600000925	0100000075032715215OSL+3b93vghp
000460244363600000925	01000000750327152152(ik/993U+K2
000460244363600000925	0100000075032715215H<;bjs93ORkV
000460244363600000925	0100000075032715215O4dZVg93T6jz
000460244363600000934	01000000750327152154BOiKZ93ZpqL
000460244363600000934	0100000075032715215YKreIk93/CBb
000460244363600000934	0100000075032715215oN9dXY932OQ1
000460244363600000934	0100000075032715215DxINYK93hJYf
000460244363600000934	0100000075032715215KO<Xdq933VbZ
000460244363600000934	0100000075032715215ccFVUG93XmCd
000460244363600000934	0100000075032715215%02jOm93AHD/
000460244363600000934	0100000075032715215LCPuJO93AleS
000460244363600000934	0100000075032715215lft*4C93FXUa
000460244363600000934	0100000075032715215HNFBd"93LFB5
000460244363600000934	0100000075032715215hRVRmx93EeJ9
000460244363600000934	0100000075032715215dViE4a93TOuQ
000460244363600000934	0100000075032715215A,rKEK931Oiw
000460244363600000934	0100000075032715215NbKl?x93yFBo
000460244363600000934	0100000075032715215e>NgIT93WjLD
000460244363600000934	0100000075032715215)petjc93i77K
000460244363600000934	0100000075032715215hy.,Pu93FCk+
000460244363600000934	0100000075032715215b.9JPd93Ozbn
000460244363600000934	0100000075032715215ijvhgS93H9dB
000460244363600000934	0100000075032715215tq?CUc934kuj
000460244363600000934	0100000075032715215MaP0SK93DHIx
000460244363600000934	0100000075032715215&&izqr93vAK9
000460244363600000934	0100000075032715215EnMYYi93r0Mf
000460244363600000934	0100000075032715215WXq9%W93U/e/
000460244363600000943	0100000075032715215C_rAjM93IOmL
000460244363600000943	0100000075032715215fY_'MQ93OOWc
000460244363600000943	0100000075032715215rcnnV&93WM8q
000460244363600000943	0100000075032715215Vb&bSU93QA4X
000460244363600000943	0100000075032715215jjQOGx93CVsu
000460244363600000943	0100000075032715215HQWYGi93EX+N
000460244363600000943	0100000075032715215IXy3JX93pmJe
000460244363600000943	0100000075032715215qrc,l=93+U29
000460244363600000943	0100000075032715215Cjx<qP93nIC7
000460244363600000943	0100000075032715215Uc'Q)a93hPxt
000460244363600000943	0100000075032715215,82qEc93AYqY
000460244363600000943	0100000075032715215IqJXk:935Wjw
000460244363600000943	0100000075032715215AAt4_I93XcB+
000460244363600000943	0100000075032715215+6IhbC93tImy
000460244363600000943	0100000075032715215D1e7EZ93X6F+
000460244363600000943	0100000075032715215.e_Dkq9344Nj
000460244363600000943	0100000075032715215hpoOj"93lokO
000460244363600000943	0100000075032715215FFQsJd93Ltdx
000460244363600000943	01000000750327152154hna!?935Q4y
000460244363600000943	0100000075032715215wirVKc93/1bq
000460244363600000943	0100000075032715215/QRs.393gjid
000460244363600000943	0100000075032715215fkli%o93L5h4
000460244363600000943	0100000075032715215OMyWVI935K0g
000460244363600000943	0100000075032715215PE8cKC935fFx
000460244363600000952	0100000075032715215ZNr?:E93VNEo
000460244363600000952	0100000075032715215+C6*Qp93B4VI
000460244363600000952	0100000075032715215E*rVyy93V04G
000460244363600000952	0100000075032715215t+tU.T93oTM/
000460244363600000952	0100000075032715215OodF1(93hKv0
000460244363600000952	0100000075032715215jCIjnW93XWpZ
000460244363600000952	0100000075032715215%gbC.k93ws50
000460244363600000952	0100000075032715215:UN?YH93PkY3
000460244363600000952	0100000075032715215u!JzSK93o1l8
000460244363600000952	0100000075032715215%bPwJ?93FjqM
000460244363600000952	0100000075032715215UM'fV%93UQ0T
000460244363600000952	0100000075032715215qcrGq>93+ozM
000460244363600000952	0100000075032715215lk:25F93nd8L
000460244363600000952	0100000075032715215mFLSeG93b3xf
000460244363600000952	01000000750327152158oA;ND93u8My
000460244363600000952	0100000075032715215ydNHjN93fRg2
000460244363600000952	01000000750327152155+Pjp*931W3K
000460244363600000952	0100000075032715215&CIea+93s0mv
000460244363600000952	0100000075032715215Umht=m93Wpq8
000460244363600000952	0100000075032715215jAXz.F93WBWJ
000460244363600000952	0100000075032715215URfM%U93xEiN
000460244363600000952	0100000075032715215ff%k4w939xnW
000460244363600000952	0100000075032715215JJdFTG93cqqF
000460244363600000952	0100000075032715215/e!fqF93NQWY
000460244363600000961	0100000075032715215aG-fek93+GFf
000460244363600000961	0100000075032715215Q44cob93oUB7
000460244363600000961	0100000075032715215X!rbZE937qNZ
000460244363600000961	0100000075032715215"TXc*)93F64G
000460244363600000961	0100000075032715215tU,xIC93zUWa
000460244363600000961	0100000075032715215GYH8,l93Nj7g
000460244363600000961	0100000075032715215-INZNz93H+G7
000460244363600000961	0100000075032715215w6nmUp93BOzO
000460244363600000961	0100000075032715215uWTMOg934pr1
000460244363600000961	0100000075032715215UR,;iM93ayxP
000460244363600000961	01000000750327152151Dpa!O93jSQj
000460244363600000961	0100000075032715215pWhO=K930NBk
000460244363600000961	0100000075032715215%TTVu=93iFbF
000460244363600000961	0100000075032715215fngJT&93XtfN
000460244363600000961	0100000075032715215GW%XRn938l8O
000460244363600000961	0100000075032715215KfE,i<93BjYG
000460244363600000961	0100000075032715215G2d+P)93eqhi
000460244363600000961	0100000075032715215r*k.i6933oRO
000460244363600000961	0100000075032715215HxMV_a93OfwT
000460244363600000961	0100000075032715215Be+kG>936X30
000460244363600000961	0100000075032715215Vd-suH93hEzk
000460244363600000961	0100000075032715215v?BRF=930rK2
000460244363600000961	0100000075032715215>a'FXV93sNoo
000460244363600000961	0100000075032715215TXNcrP93XrUc
000460244363600000970	0100000075032715215-7gk8q93RfeM
000460244363600000970	0100000075032715215dlmPn(93NrsF
000460244363600000970	0100000075032715215g'JRYO93gstx
000460244363600000970	0100000075032715215FW:?:t93NCeT
000460244363600000970	0100000075032715215aUUeb493OY2T
000460244363600000970	0100000075032715215hLbVcM93d01I
000460244363600000970	0100000075032715215%7rohB93osv+
000460244363600000970	0100000075032715215'ZyLQ593nw0b
000460244363600000970	0100000075032715215YAt=XE93dS+P
000460244363600000970	0100000075032715215TRhnif93tuqv
000460244363600000970	0100000075032715215p,anXF93H6t2
000460244363600000970	0100000075032715215"jYr"'93pHm/
000460244363600000970	0100000075032715215Jt<HPi931zaG
000460244363600000970	0100000075032715215LdGlzc933cfC
000460244363600000970	0100000075032715215t9Jbhg93zlWf
000460244363600000970	01000000750327152159thzhx93HRsF
000460244363600000970	0100000075032715215i-g/ht93hBaD
000460244363600000970	0100000075032715215qZQ;Ni932c+T
000460244363600000970	0100000075032715215W.tTna93s/G0
000460244363600000970	0100000075032715215V=W6h:939rB7
000460244363600000970	01000000750327152151tRUMQ93+FMT
000460244363600000970	0100000075032715215!GplrZ933gvB
000460244363600000970	0100000075032715215ShbYU"93KbKz
000460244363600000970	0100000075032715215kXtXFt93eS2F
000460244363600000989	0100000075032715215.NTbHi936Iz0
000460244363600000989	0100000075032715215.QoYHM93HdQ0
000460244363600000989	0100000075032715215sw:>q4936vuH
000460244363600000989	0100000075032715215J/g8i793RFlO
000460244363600000989	0100000075032715215Fb"Xoc93gT0q
000460244363600000989	0100000075032715215/wvYYj93uwu6
000460244363600000989	0100000075032715215KJY1"S93yRtf
000460244363600000989	0100000075032715215eQCsdF93OWoJ
000460244363600000989	0100000075032715215aYBE,:93EDa1
000460244363600000989	0100000075032715215-;<A5h93k8NC
000460244363600000989	0100000075032715215)?G%xl93jS7V
000460244363600000989	0100000075032715215dDgI4m93gKMf
000460244363600000989	0100000075032715215JPhOzV93raDA
000460244363600000989	0100000075032715215FHcyM393LnFI
000460244363600000989	0100000075032715215_qS6U'9387+Y
000460244363600000989	01000000750327152154V"HP793lZ3V
000460244363600000989	0100000075032715215uUhgr!93VjHd
000460244363600000989	0100000075032715215?Wh!G<93w5kP
000460244363600000989	0100000075032715215oXLHQp93OK8R
000460244363600000989	0100000075032715215NX8Y(i93gB7+
000460244363600000989	0100000075032715215VRlzyM93T8ZC
000460244363600000989	0100000075032715215IOEtF593T5iK
000460244363600000989	0100000075032715215Z:S25i93imit
000460244363600000989	0100000075032715215FbeeZD93OZ3G
000460244363600000998	0100000075032715215!%aH?O93ACMY
000460244363600000998	0100000075032715215nK<7wz93dUgI
000460244363600000998	0100000075032715215<hMj%R93yqxU
000460244363600000998	0100000075032715215JJmobk93+a+A
000460244363600000998	0100000075032715215jys/>I93Rme9
000460244363600000998	0100000075032715215:QH:JP93yH1O
000460244363600000998	0100000075032715215*UaX;T93HcfP
000460244363600000998	0100000075032715215+-LmU093Ue15
000460244363600000998	0100000075032715215jpXn-n93Y3SI
000460244363600000998	0100000075032715215MOar1s93E3d2
000460244363600000998	0100000075032715215Zoza)H93Ne2o
000460244363600000998	0100000075032715215iPMKoO93XxhQ
000460244363600000998	0100000075032715215FQmY4e93rnYA
000460244363600000998	0100000075032715215gn6CMZ93uEFk
000460244363600000998	0100000075032715215d8ZBmo93Dkx3
000460244363600000998	0100000075032715215KTtSni93ihvY
000460244363600000998	0100000075032715215VsPScT93j4SL
000460244363600000998	0100000075032715215PZ>lXQ93un/U
000460244363600000998	0100000075032715215bX%'GX93X+Xf
000460244363600000998	01000000750327152152S*iSW93Rd4d
000460244363600000998	01000000750327152153,;NqT935Zi9
000460244363600000998	0100000075032715215X?VNX"93dqk0
000460244363600000998	0100000075032715215d/M_t_93rIpX
000460244363600000998	0100000075032715215vWr1RJ93pEyI
000460244363600001003	0100000075032715215Cctf?z93CMAI
000460244363600001003	0100000075032715215dYHEmn93zFlO
000460244363600001003	0100000075032715215gWD,"=93lt72
000460244363600001003	0100000075032715215bk=Y5:93ZlrX
000460244363600001003	0100000075032715215q8WqH593Irr3
000460244363600001003	0100000075032715215oGEv.H93jnbs
000460244363600001003	0100000075032715215sZ,>(O93qVyf
000460244363600001003	0100000075032715215=HaNPi93X40I
000460244363600001003	0100000075032715215SP?>bd93dBOL
000460244363600001003	0100000075032715215JtjPfO93u+fr
000460244363600001003	0100000075032715215UXPdng93aDJM
000460244363600001003	0100000075032715215ES/yE>93BcKO
000460244363600001003	0100000075032715215zhWD?893+fel
000460244363600001003	0100000075032715215GcEnll93DDQk
000460244363600001003	0100000075032715215utSCiJ93Bj7q
000460244363600001003	0100000075032715215Atb"fY93b8cY
000460244363600001003	0100000075032715215lv.elS93GyWB
000460244363600001003	0100000075032715215XAO+i"93kPZE
000460244363600001003	0100000075032715215QnEQg993Ezy8
000460244363600001003	0100000075032715215sSE0lc93fNqB
000460244363600001003	0100000075032715215pj=-N)93FeUN
000460244363600001003	0100000075032715215bcQdse93bdCr
000460244363600001003	0100000075032715215bXjSRx93ZNZm
000460244363600001003	0100000075032715215dPgyR<93QheD
000460244363600001012	0100000075032715215rDF9Fe93kOL8
000460244363600001012	0100000075032715215jGsoq2932KxU
000460244363600001012	0100000075032715215y+cDmY93id6t
000460244363600001012	0100000075032715215YfMSY193XnhU
000460244363600001012	01000000750327152151tp)d)934XeT
000460244363600001012	0100000075032715215'ynSHp93o95f
000460244363600001012	0100000075032715215sH=dx293S5WC
000460244363600001012	0100000075032715215K'_G9h93btW6
000460244363600001012	0100000075032715215&o!Lld933Vm2
000460244363600001012	0100000075032715215XPqRQ:93wLxv
000460244363600001012	0100000075032715215Pqc_.193GRO/
000460244363600001012	0100000075032715215XE9GGd93dtEx
000460244363600001012	0100000075032715215n2D8rt93A5kd
000460244363600001012	0100000075032715215ka4nVs93/0nL
000460244363600001012	0100000075032715215hG4:U,932Ayx
000460244363600001012	0100000075032715215xHRIVV931H+8
000460244363600001012	0100000075032715215TgnmWU93C27e
000460244363600001012	0100000075032715215eQ7Mkl93JZy3
000460244363600001012	0100000075032715215GdKZ4G93wZPo
000460244363600001012	01000000750327152157HY7X_93K1yI
000460244363600001012	0100000075032715215d3PXde93QEPr
000460244363600001012	0100000075032715215TKn4VN93Rc6l
000460244363600001012	0100000075032715215tHBNHV93ixSc
000460244363600001012	0100000075032715215KiM._Q93Lu2+
000460244363600001021	0100000075032715215Hy4EfW93LGWk
000460244363600001021	0100000075032715215lIST/N93ZIxq
000460244363600001021	0100000075032715215m8S63O93SfV9
000460244363600001021	0100000075032715215:<XG's932euI
000460244363600001021	0100000075032715215'Tz!9P93mHjA
000460244363600001021	0100000075032715215Kbd7T,934e04
000460244363600001021	0100000075032715215GBDj:a93zX1X
000460244363600001021	0100000075032715215W&zH5W935lrI
000460244363600001021	0100000075032715215UD:daK93G09O
000460244363600001021	01000000750327152150VRD?o93rw8O
000460244363600001021	0100000075032715215kOBQoG93XIkV
000460244363600001021	01000000750327152153TlJiF93QJik
000460244363600001021	0100000075032715215=fr8Mc93C19P
000460244363600001021	0100000075032715215InjT*c9389hb
000460244363600001021	0100000075032715215gk)jqF93uffn
000460244363600001021	0100000075032715215k'.q-g939EMQ
000460244363600001021	0100000075032715215.Nr9=d93G2d3
000460244363600001021	0100000075032715215eHiCha93/Ma0
000460244363600001021	0100000075032715215k6FKYX93yqqh
000460244363600001021	0100000075032715215qIOWo(93KFxY
000460244363600001021	0100000075032715215ICe%nU93m3X+
000460244363600001021	0100000075032715215thKEVN93hmij
000460244363600001021	0100000075032715215yqm*R893wxW6
000460244363600001021	0100000075032715215Y%lH1893jbKl
000460244363600001030	0100000075032715215GUseiA93/Hii
000460244363600001030	0100000075032715215<CwdmK93/MNu
000460244363600001030	0100000075032715215soZgTL93s4wr
000460244363600001030	0100000075032715215dQ0/ES938g8S
000460244363600001030	0100000075032715215ktmb8i93kxon
000460244363600001030	0100000075032715215taUX*B93347r
000460244363600001030	0100000075032715215TF'aS9936iPm
000460244363600001030	0100000075032715215%Wg%>C93ubAf
000460244363600001030	0100000075032715215Vk)0VV93RVca
000460244363600001030	0100000075032715215o_J+vf93WA9s
000460244363600001030	0100000075032715215s,Efv493/23D
000460244363600001030	0100000075032715215d'!G.=93bA8N
000460244363600001030	0100000075032715215_GP&RQ93aEVF
000460244363600001030	0100000075032715215Fm!bz-936OKq
000460244363600001030	0100000075032715215j_<bDm936f4y
000460244363600001030	0100000075032715215QATWjD934B/5
000460244363600001030	0100000075032715215X2Qbx:93cOme
000460244363600001030	0100000075032715215fY&q3d93BcWY
000460244363600001030	0100000075032715215YR6mV793axCo
000460244363600001030	0100000075032715215&fMQwd93mKty
000460244363600001030	0100000075032715215NjL,O&93egJh
000460244363600001030	0100000075032715215xPRP/h937NFD
000460244363600001030	0100000075032715215V17QVD93EzWv
000460244363600001030	0100000075032715215q!eZie93VEbE
000460244363600001049	0100000075032715215c=d:b=937Q8F
000460244363600001049	0100000075032715215?AdNt'930ogv
000460244363600001049	0100000075032715215bCEESe939A+M
000460244363600001049	0100000075032715215.ukub!939Lwc
000460244363600001049	0100000075032715215iMRF1)932pPf
000460244363600001049	0100000075032715215ZfpGH093hqDl
000460244363600001049	0100000075032715215k/16KR93wrWc
000460244363600001049	0100000075032715215*f7(b(933D7u
000460244363600001049	0100000075032715215n!er(X936+y1
000460244363600001049	0100000075032715215zwKOhB93WlH0
000460244363600001049	0100000075032715215s,ls</93ygy5
000460244363600001049	0100000075032715215QomlTM939wFg
000460244363600001049	0100000075032715215CjCl)Q93fBdF
000460244363600001049	01000000750327152152gaZ:S93oogx
000460244363600001049	0100000075032715215CEPPcD93B8y1
000460244363600001049	01000000750327152157;Mbjt93IQY+
000460244363600001049	0100000075032715215a6p"'H93knqB
000460244363600001049	0100000075032715215BNLzuC93aIfV
000460244363600001049	0100000075032715215WoRJLS932rLt
000460244363600001049	0100000075032715215h8BXzO93CAzL
000460244363600001049	0100000075032715215P-8<US93buME
000460244363600001049	0100000075032715215H_uH&%93oa/i
000460244363600001049	0100000075032715215bE_J!t93kw/K
000460244363600001049	0100000075032715215qi'tId93YJwN
000460244363600001058	0100000075032715215oAQ4Ho93QSsS
000460244363600001058	0100000075032715215VmM'ex93I+/d
000460244363600001058	0100000075032715215ruY+nQ93d9Iu
000460244363600001058	0100000075032715215MQZ.cb93JGlb
000460244363600001058	0100000075032715215kf>Aqe93uOcG
000460244363600001058	0100000075032715215mhiM,*93LoT7
000460244363600001058	0100000075032715215nfu3CV93fD9o
000460244363600001058	0100000075032715215;dMr.!93+clS
000460244363600001058	0100000075032715215HZUniI933U8d
000460244363600001058	0100000075032715215fWlXVp931hXh
000460244363600001058	0100000075032715215nhaXpS93HkvA
000460244363600001058	0100000075032715215OUQ,as93kkAN
000460244363600001058	0100000075032715215,-vefg9341zo
000460244363600001058	0100000075032715215nCWwqE935nha
000460244363600001058	0100000075032715215I?&FY393TzHj
000460244363600001058	0100000075032715215bh'AYL93qu8k
000460244363600001058	0100000075032715215ST_ITl937WNQ
000460244363600001058	0100000075032715215"GD?w?93lxsQ
000460244363600001058	0100000075032715215(*Df_d93ksVO
000460244363600001058	0100000075032715215PS<T(G93z61R
000460244363600001058	0100000075032715215N5hj>B93eU2h
000460244363600001058	01000000750327152156wKf/,93ZrlO
000460244363600001058	0100000075032715215UCE*M193BStH
000460244363600001058	0100000075032715215jV=Xpf93q1m9
000460244363600001067	0100000075032715215_7qGvj93RFhE
000460244363600001067	0100000075032715215YxuG"*93v3af
000460244363600001067	0100000075032715215y1L+(B93xoeD
000460244363600001067	0100000075032715215U_c/ZF93ivt2
000460244363600001067	0100000075032715215R;sI%,932KlP
000460244363600001067	0100000075032715215IRRl!)93TrGW
000460244363600001067	0100000075032715215>8D!D/93UfzL
000460244363600001067	0100000075032715215t=?KDK93DNm8
000460244363600001067	01000000750327152154:g4Im93e4Ct
000460244363600001067	0100000075032715215UfdVE_93pOmA
000460244363600001067	01000000750327152158a;lNd93nYt1
000460244363600001067	01000000750327152159mFW0e93vnqt
000460244363600001067	0100000075032715215c'Jb?n93VCZB
000460244363600001067	01000000750327152150BSA3Z93cE/x
000460244363600001067	0100000075032715215m)Q9<:93Kq/K
000460244363600001067	01000000750327152153CmFgK93w47/
000460244363600001067	0100000075032715215hKQr-H93Zle1
000460244363600001067	0100000075032715215U)hL?W93C+nR
000460244363600001067	0100000075032715215rmE(IC93Q3J9
000460244363600001067	0100000075032715215DEHZTT93695T
000460244363600001067	01000000750327152159-x"t3930MCI
000460244363600001067	0100000075032715215H(C'uy93EVOB
000460244363600001067	0100000075032715215s'i(mQ93uTI0
000460244363600001067	0100000075032715215mAgS&a93tzak
000460244363600001076	0100000075032715215d5bIJM93gQ1z
000460244363600001076	0100000075032715215JlZ.q_937sL/
000460244363600001076	0100000075032715215DunAd.934d9Q
000460244363600001076	0100000075032715215sQIrqb9390a4
000460244363600001076	0100000075032715215YIqSq(93hlF3
000460244363600001076	0100000075032715215p3qY!c93rWIA
000460244363600001076	0100000075032715215iN*j.I93r+Ct
000460244363600001076	0100000075032715215n6hVWf93Kthh
000460244363600001076	0100000075032715215X'eFi+930e3J
000460244363600001076	0100000075032715215.V2iUn93oUb4
000460244363600001076	0100000075032715215PEl*5q93JQdH
000460244363600001076	0100000075032715215K*kLlI93Qjks
000460244363600001076	0100000075032715215:FuQRv93R7C4
000460244363600001076	0100000075032715215JnDkGP93Of8g
000460244363600001076	0100000075032715215MQs+?M93uFTl
000460244363600001076	0100000075032715215IAUZhT93VOK7
000460244363600001076	0100000075032715215YeqCgG93/cSz
000460244363600001076	0100000075032715215+3vVwo93ZigF
000460244363600001076	0100000075032715215OaID%=93ZdFT
000460244363600001076	0100000075032715215?DY4Tx93KqNR
000460244363600001076	0100000075032715215lUHHMN93yVl2
000460244363600001076	0100000075032715215i1L<Qb93DJfM
000460244363600001076	0100000075032715215cFIgwL93Hs+S
000460244363600001076	0100000075032715215e8VEN393/8Z9
000460244363600001085	0100000075032715215cElL%%933gok
000460244363600001085	010000007503271521539cToQ93s3Sd
000460244363600001085	0100000075032715215y-j0IR9365L7
000460244363600001085	0100000075032715215f(bb&y93wckh
000460244363600001085	01000000750327152151,GKRJ9369hf
000460244363600001085	0100000075032715215;srMPK93luWT
000460244363600001085	0100000075032715215QIVHxZ93OWmX
000460244363600001085	0100000075032715215Zz,'bY93QCZm
000460244363600001085	0100000075032715215*!sd(<93Mt28
000460244363600001085	0100000075032715215oBJkUr93S0hY
000460244363600001085	0100000075032715215hNnHA>939Lsf
000460244363600001085	0100000075032715215cFrF4l933Buz
000460244363600001085	01000000750327152150hkcG*93prwr
000460244363600001085	0100000075032715215+h-7Ma93JkMD
000460244363600001085	0100000075032715215<N4m)n93AP4z
000460244363600001085	0100000075032715215kaFCEO93rkWj
000460244363600001085	0100000075032715215u:QdHG93/cI6
000460244363600001085	0100000075032715215Wm!eJK935gqU
000460244363600001085	0100000075032715215*Yn:Kp93u5fT
000460244363600001085	0100000075032715215APUQr/93fL3n
000460244363600001085	0100000075032715215U-MA)O93lPbn
000460244363600001085	0100000075032715215-qp3UM93hC5O
000460244363600001085	0100000075032715215T"c,>V93FCgS
000460244363600001085	0100000075032715215v=rW;&93aPXj
000460244363600001094	0100000075032715215dRMsIq93aIqx
000460244363600001094	0100000075032715215JYj%ka93EaLe
000460244363600001094	0100000075032715215iZXTiH93MIKr
000460244363600001094	0100000075032715215rLTakW93gFFK
000460244363600001094	0100000075032715215W"HV7293v5R3
000460244363600001094	0100000075032715215-qZ=(N93WW68
000460244363600001094	01000000750327152155kpiSP93IWEW
000460244363600001094	0100000075032715215VnaXHA93MuRC
000460244363600001094	0100000075032715215f7Hn_i935gXD
000460244363600001094	0100000075032715215HnHCAS93+CMZ
000460244363600001094	0100000075032715215U5/GbS937gQO
000460244363600001094	0100000075032715215&v3,Vs93mDSM
000460244363600001094	0100000075032715215G6Qgg!93lu7g
000460244363600001094	0100000075032715215<IWC%T93gbG9
000460244363600001094	0100000075032715215lhnXKa93hAr3
000460244363600001094	0100000075032715215nfTGjt93lgz7
000460244363600001094	0100000075032715215s0V1kJ93VfXr
000460244363600001094	0100000075032715215gdTn7z936wMK
000460244363600001094	0100000075032715215VRZZnD93yFyc
000460244363600001094	0100000075032715215+BaFsT93YMF6
000460244363600001094	0100000075032715215TF3gH.93/4xI
000460244363600001094	0100000075032715215t+r?5'93Z5bV
000460244363600001094	0100000075032715215AX6=TY9320PO
000460244363600001094	0100000075032715215MbOYZz93zoW8
000460244363600001100	0100000075032715215PxNkg793Gq55
000460244363600001100	0100000075032715215(sV'bt93CTym
000460244363600001100	0100000075032715215!xrR9k93XTYv
000460244363600001100	0100000075032715215tiTj7H93qV5X
000460244363600001100	0100000075032715215WV:UtZ93hwL6
000460244363600001100	0100000075032715215KjlfUk93GCqY
000460244363600001100	0100000075032715215qCEtU,93N8bl
000460244363600001100	0100000075032715215umQLe193J7bb
000460244363600001100	0100000075032715215jEeQoM93g3CP
000460244363600001100	0100000075032715215BY_YBA93rrVK
000460244363600001100	0100000075032715215ICuO"t93MLJD
000460244363600001100	0100000075032715215fWD7*r938xhF
000460244363600001100	0100000075032715215Rtb+-J93nJSJ
000460244363600001100	0100000075032715215UnFBJ/93sen3
000460244363600001100	0100000075032715215/Zvgtt93caXR
000460244363600001100	0100000075032715215VQKEUx93xE3n
000460244363600001100	0100000075032715215QF.Ecp93TZP8
000460244363600001100	0100000075032715215*ETa(k93bR3q
000460244363600001100	0100000075032715215-vIWeg93w+x+
000460244363600001100	0100000075032715215CrHkBY93f5x8
000460244363600001100	0100000075032715215f.oN0)9384UR
000460244363600001100	0100000075032715215:+TlJj93MAUP
000460244363600001100	0100000075032715215IrrcbX93wYXt
000460244363600001100	0100000075032715215;OWtCH93uFPr
000460244363600001119	0100000075032715215MaVHr/93CPxT
000460244363600001119	0100000075032715215JqRRkW9371/1
000460244363600001119	0100000075032715215VB;!Om93hP9X
000460244363600001119	0100000075032715215OB6nb!93Iyxj
000460244363600001119	0100000075032715215u'lQCk93MEPw
000460244363600001119	01000000750327152155ccc?=93foax
000460244363600001119	01000000750327152156=HKDP93rYcB
000460244363600001119	0100000075032715215WmMSdF93HN3M
000460244363600001119	0100000075032715215J1o;mF9349A/
000460244363600001119	0100000075032715215q8qjKx93eDpZ
000460244363600001119	0100000075032715215;e6fPH930+zI
000460244363600001119	0100000075032715215c6DN=w938gWs
000460244363600001119	0100000075032715215_Y5ipC936NJS
000460244363600001119	0100000075032715215f0TbKI939THH
000460244363600001119	0100000075032715215RkQl=)93nDqB
000460244363600001119	0100000075032715215OED)m693jlSp
000460244363600001119	0100000075032715215g6c&eh93u9c+
000460244363600001119	0100000075032715215Siaat693Nh7j
000460244363600001119	0100000075032715215m>p*!T93kHrH
000460244363600001119	0100000075032715215(KT7bn93gPM5
000460244363600001119	0100000075032715215HYnO8N93G9vs
000460244363600001119	0100000075032715215Z-(i6(93Lzxa
000460244363600001119	0100000075032715215MTQtQo93NKXg
000460244363600001119	0100000075032715215U&GV90930tSn
000460244363600001128	0100000075032715215KMtaSH93flPT
000460244363600001128	0100000075032715215GKWuer9304qu
000460244363600001128	0100000075032715215)2FEN5935io0
000460244363600001128	0100000075032715215i3!,Sn93/fQJ
000460244363600001128	0100000075032715215Eb)Znt93zL6Y
000460244363600001128	0100000075032715215RSN?5Q93tTMW
000460244363600001128	0100000075032715215Hh"ACY93lDW+
000460244363600001128	0100000075032715215ZBEwbg93ecik
000460244363600001128	0100000075032715215JSkWUF93j9er
000460244363600001128	0100000075032715215EZHlPQ938K1C
000460244363600001128	0100000075032715215prZ/<593nW4B
000460244363600001128	0100000075032715215Rn=q,l93TGkM
000460244363600001128	0100000075032715215nms;i693pdSA
000460244363600001128	0100000075032715215lcrR1593nj0u
000460244363600001128	0100000075032715215Q4CZ!q93mLeI
000460244363600001128	0100000075032715215Cl4pF6939zrE
000460244363600001128	0100000075032715215Vo(D<u93G737
000460244363600001128	0100000075032715215;1omRF93OOHR
000460244363600001128	0100000075032715215)Ka9Mu938vCK
000460244363600001128	0100000075032715215gyTMWO93U72w
000460244363600001128	0100000075032715215rjHtt<93n3K6
000460244363600001128	0100000075032715215FIw/uP93vJdF
000460244363600001128	0100000075032715215EC:plk93DksX
000460244363600001128	0100000075032715215tIiGMN93qJjP
000460244363600001137	0100000075032715215:tQChp93ufpl
000460244363600001137	0100000075032715215yf6cZJ93izR6
000460244363600001137	01000000750327152156_2(Qs93cxmO
000460244363600001137	0100000075032715215F_(iE693bx1s
000460244363600001137	0100000075032715215j3:Hi%93mXcg
000460244363600001137	0100000075032715215lClDSI93wsJN
000460244363600001137	0100000075032715215lQ=ZmT93W1wO
000460244363600001137	0100000075032715215IEPtCG93Pkqt
000460244363600001137	0100000075032715215ODII8D93mPTf
000460244363600001137	0100000075032715215XCgl5X93nwzz
000460244363600001137	0100000075032715215IEFCke93CLzO
000460244363600001137	0100000075032715215*PDpkV933Vrt
000460244363600001137	0100000075032715215NVgTsi93W0to
000460244363600001137	0100000075032715215R:OHWl93RLBb
000460244363600001137	0100000075032715215HfWB/&93yz4G
000460244363600001137	0100000075032715215Pb,Jo093nzOG
000460244363600001137	0100000075032715215aX>Bp+93wYsb
000460244363600001137	0100000075032715215XUqumz93KDbG
000460244363600001137	0100000075032715215rxDxMl93uiXS
000460244363600001137	0100000075032715215D"<5/m93481Z
000460244363600001137	0100000075032715215EWEiNO93O1G+
000460244363600001137	0100000075032715215O3yBVV9330Dw
000460244363600001137	01000000750327152153VoB6J93XBAL
000460244363600001137	0100000075032715215><dQbt93NDTa
000460244363600001146	0100000075032715215rmjMGl93LqHW
000460244363600001146	0100000075032715215,Eg1nJ9361Dk
000460244363600001146	0100000075032715215;_nSYK93Mv3V
000460244363600001146	0100000075032715215>SjLCd93n7ZO
000460244363600001146	0100000075032715215:nGDxe93C3v4
000460244363600001146	0100000075032715215QZHcS993w2ke
000460244363600001146	0100000075032715215bJ;CsE93HY+e
000460244363600001146	0100000075032715215Csjsd,93MPoI
000460244363600001146	0100000075032715215bXpTNK93T9RC
000460244363600001146	0100000075032715215Vx1Geu93eAJV
000460244363600001146	0100000075032715215Hx4ySk93V9S7
000460244363600001146	0100000075032715215'8HTo)93qenY
000460244363600001146	0100000075032715215TNUU.s93B7hh
000460244363600001146	0100000075032715215EStv<R93afad
000460244363600001146	0100000075032715215x'OIoU93WsZ8
000460244363600001146	0100000075032715215w,KFTv938Ygc
000460244363600001146	0100000075032715215&)GbbI93RXst
000460244363600001146	01000000750327152155P_Ih493S+ZR
000460244363600001146	0100000075032715215B?wBp>93fmvi
000460244363600001146	0100000075032715215KaCnT'93KQvM
000460244363600001146	0100000075032715215ukgjc-93L8V2
000460244363600001146	0100000075032715215nLe_F1931x8h
000460244363600001146	0100000075032715215g=mwhm936Th2
000460244363600001146	0100000075032715215L4vDNX93tyKq
000460244363600001155	0100000075032715215Oa::"F937i4a
000460244363600001155	0100000075032715215sAH"dG93OCSc
000460244363600001155	0100000075032715215sTaE<u93q2xZ
000460244363600001155	0100000075032715215HEPWnj93hX5y
000460244363600001155	0100000075032715215cXfBJm93WKwl
000460244363600001155	0100000075032715215DIVQNL93Dx4Z
000460244363600001155	0100000075032715215BR,Prt93XeCb
000460244363600001155	0100000075032715215demEwc93ZACj
000460244363600001155	0100000075032715215"FejEu93Bbjj
000460244363600001155	0100000075032715215htQVI_93Ia6C
000460244363600001155	0100000075032715215FAQCkb93KZU1
000460244363600001155	0100000075032715215W'JriV93pdgK
000460244363600001155	0100000075032715215ToOcH193LaF6
000460244363600001155	01000000750327152150pm.Zw93Xp23
000460244363600001155	0100000075032715215Slh&fA93WvZf
000460244363600001155	0100000075032715215MU(lb'931X/u
000460244363600001155	0100000075032715215m0TYLY93uVbF
000460244363600001155	0100000075032715215(98ZqS93VxLA
000460244363600001155	01000000750327152153FfiD793Plw5
000460244363600001155	0100000075032715215bqhhjq93h3u4
000460244363600001155	0100000075032715215ldnpCK93qMxm
000460244363600001155	0100000075032715215q(F',z93A/Lt
000460244363600001155	0100000075032715215v;'sKK93JfFN
000460244363600001155	0100000075032715215=2Ni8L9396gs
000460244363600001164	01000000750327152152;&EAM932IY5
000460244363600001164	0100000075032715215Z/,Mi;93Xp36
000460244363600001164	0100000075032715215cQrxDz93OdsZ
000460244363600001164	0100000075032715215wcczuq93MEz/
000460244363600001164	0100000075032715215_!<6hQ93pMH8
000460244363600001164	0100000075032715215_Z+skP93EFJE
000460244363600001164	0100000075032715215ugVxUF93RXdF
000460244363600001164	0100000075032715215GieHZe937MMl
000460244363600001164	0100000075032715215SHI>p-93GX1R
000460244363600001164	0100000075032715215drO1ZO931Kfl
000460244363600001164	0100000075032715215>ATBTs939H3u
000460244363600001164	0100000075032715215MlBMnM932SJi
000460244363600001164	0100000075032715215QLZJFH93oz4a
000460244363600001164	0100000075032715215>BVW-y93q3e6
000460244363600001164	0100000075032715215O/TMSO93IqXQ
000460244363600001164	0100000075032715215TBy/4c93J4Rv
000460244363600001164	0100000075032715215MP;Rk%93qcym
000460244363600001164	0100000075032715215RRPCEQ93JGiU
000460244363600001164	0100000075032715215YnwnvR93JlEw
000460244363600001164	0100000075032715215B"Izlt93VdCh
000460244363600001164	0100000075032715215uYPFml93Ik7m
000460244363600001164	0100000075032715215fZJ8Ub9362g7
000460244363600001164	01000000750327152153TiYX%93uJsi
000460244363600001164	0100000075032715215QSKRiD93tSc0
000460244363600001173	01000000750327152150ML-vN93YYSw
000460244363600001173	0100000075032715215)bdMf:93X7vB
000460244363600001173	0100000075032715215N;(BgW93SjcW
000460244363600001173	0100000075032715215JV6rgS93AJUl
000460244363600001173	0100000075032715215WZcH.z93H/MV
000460244363600001173	0100000075032715215XX'QvK939Apm
000460244363600001173	0100000075032715215MI;LDg93n86P
000460244363600001173	0100000075032715215DnwrTG93rBqz
000460244363600001173	0100000075032715215i"F/C_93yEtN
000460244363600001173	0100000075032715215BKrEVg939tyd
000460244363600001173	0100000075032715215KS9Q-8935EkD
000460244363600001173	0100000075032715215Z7Ngkl93o+NP
000460244363600001173	0100000075032715215L%RRNG93zD6R
000460244363600001173	0100000075032715215/oTo_T93lKgL
000460244363600001173	0100000075032715215,QYPBd93JxDT
000460244363600001173	01000000750327152153X;+)h93y2bV
000460244363600001173	0100000075032715215ssNcqs93n8sj
000460244363600001173	0100000075032715215_8?qOA93xYgY
000460244363600001173	0100000075032715215tstdPH93SmTN
000460244363600001173	0100000075032715215RIR5Nl934ja4
000460244363600001173	0100000075032715215cdCV3l93dEDH
000460244363600001173	0100000075032715215ghfm7R93I3kq
000460244363600001173	0100000075032715215hD&Y>j93+t5c
000460244363600001173	0100000075032715215=8NUBt93kx2m
000460244363600001182	0100000075032715215Ko5_pt93PmIV
000460244363600001182	0100000075032715215<6nK'k93ZfqX
000460244363600001182	0100000075032715215Vpc(0o93jIc6
000460244363600001182	0100000075032715215F,QLt!93POsA
000460244363600001182	0100000075032715215cULmSP932dQ/
000460244363600001182	0100000075032715215ev+pQZ93wHTE
000460244363600001182	0100000075032715215'eiFvW93Jk2K
000460244363600001182	0100000075032715215cF3"'h93KFY5
000460244363600001182	0100000075032715215j<eCbe93coyV
000460244363600001182	0100000075032715215t-IZqv93vNU0
000460244363600001182	0100000075032715215Zp*DBc93TROk
000460244363600001182	0100000075032715215oO92oh93nDpe
000460244363600001182	0100000075032715215W=c3'u93ph2s
000460244363600001182	0100000075032715215p<-LaD934Cvn
000460244363600001182	0100000075032715215Ohvbb<939DFQ
000460244363600001182	0100000075032715215IhYqUt934/WE
000460244363600001182	0100000075032715215MRbq6V93/Bj2
000460244363600001182	0100000075032715215se7FuE93w2Jr
000460244363600001182	0100000075032715215/Ti;e393GrXJ
000460244363600001182	0100000075032715215leNJfy93YlTi
000460244363600001182	0100000075032715215ZpE=2H93dE2k
000460244363600001182	0100000075032715215MOY"IG9301o4
000460244363600001182	0100000075032715215oPJEXY93rCLQ
000460244363600001182	0100000075032715215ZTWu9h93ufjB
000460244363600001191	0100000075032715215bvfG.N93bBJw
000460244363600001191	0100000075032715215NM,.eZ93RRBT
000460244363600001191	0100000075032715215E=DF-y93fGru
000460244363600001191	0100000075032715215y-IxIy933NMj
000460244363600001191	0100000075032715215dSr6AF93V/7I
000460244363600001191	0100000075032715215cTkyj893X4tG
000460244363600001191	0100000075032715215f&J"Hp93GL+z
000460244363600001191	0100000075032715215Tn6lej93OAVr
000460244363600001191	0100000075032715215hA+h.L93O1OR
000460244363600001191	0100000075032715215hAlGgT93hSX6
000460244363600001191	0100000075032715215Ds/vzE93zZms
000460244363600001191	0100000075032715215BOfkPr93C9sE
000460244363600001191	0100000075032715215ww;bu3930iy4
000460244363600001191	01000000750327152158qxxZY93QEBX
000460244363600001191	0100000075032715215XfKEkh931JeW
000460244363600001191	0100000075032715215RYrEbi930Fw4
000460244363600001191	0100000075032715215Wg'ETa93gS/Z
000460244363600001191	01000000750327152154LCBbq930LhD
000460244363600001191	0100000075032715215C4il,s937sKQ
000460244363600001191	0100000075032715215RLVhC093chNG
000460244363600001191	0100000075032715215cCv35D93VYfg
000460244363600001191	0100000075032715215QrHllM93HUe/
000460244363600001191	0100000075032715215aB)lP=93zg6H
000460244363600001191	0100000075032715215SWkzoW93onqn
000460244363600001207	0100000075032715215NcAHH(93KFV3
000460244363600001207	0100000075032715215)AjANe936kVT
000460244363600001207	0100000075032715215CRemog93NUjT
000460244363600001207	01000000750327152150M5aHD93LwvA
000460244363600001207	0100000075032715215xcltml93LzuH
000460244363600001207	0100000075032715215>&gOZT93FeVY
000460244363600001207	0100000075032715215ioL0+w93zqL4
000460244363600001207	0100000075032715215RWI/TN93hRAD
000460244363600001207	0100000075032715215JTOuAO93bEbi
000460244363600001207	0100000075032715215kMJAta93Zb1a
000460244363600001207	0100000075032715215D>(uQF93K/k2
000460244363600001207	0100000075032715215.mu;Ae93hOKW
000460244363600001207	0100000075032715215q;njlt93b+sT
000460244363600001207	01000000750327152157"fajD93oBOu
000460244363600001207	0100000075032715215t0JHlS93xZvC
000460244363600001207	0100000075032715215x1vfOX93b2Ok
000460244363600001207	0100000075032715215I:x1wf93yWTm
000460244363600001207	0100000075032715215mtPFBa93KujI
000460244363600001207	0100000075032715215u*yKJK932CXC
000460244363600001207	0100000075032715215e<aRkk93Su9W
000460244363600001207	0100000075032715215cUBPao930LfF
000460244363600001207	0100000075032715215djo,On93jerZ
000460244363600001207	0100000075032715215-"dqeT93VxSC
000460244363600001207	0100000075032715215h8L9DC937PQC
000460244363600001216	0100000075032715215D!jvts93ce2R
000460244363600001216	0100000075032715215lpRYJB9348S3
000460244363600001216	01000000750327152157"FRbU93bC+9
000460244363600001216	0100000075032715215Y>TdV/93snks
000460244363600001216	0100000075032715215W=6PtQ936OqP
000460244363600001216	0100000075032715215sf.!WF93FTAQ
000460244363600001216	0100000075032715215dmLF'B93Ppck
000460244363600001216	0100000075032715215WSl,YT93fKSv
000460244363600001216	0100000075032715215!SIBO&93xnkb
000460244363600001216	01000000750327152152=&zsZ93c/jn
000460244363600001216	0100000075032715215,KXYuK936j1I
000460244363600001216	01000000750327152155Djc1q93GzbS
000460244363600001216	0100000075032715215G=7SdJ93tvZo
000460244363600001216	010000007503271521549SHDu93Ps6g
000460244363600001216	0100000075032715215At"YNl93mY/V
000460244363600001216	0100000075032715215I;XB:l93kBZ0
000460244363600001216	0100000075032715215nHWGsN935PqK
000460244363600001216	0100000075032715215Suj85N93yP8R
000460244363600001216	0100000075032715215mWVVDm93jNpF
000460244363600001216	0100000075032715215Ly=,es93kW8+
000460244363600001216	0100000075032715215>4OlNn93TUAO
000460244363600001216	01000000750327152155oxI+U93V8fW
000460244363600001216	0100000075032715215pMJLgK939L6o
000460244363600001216	01000000750327152157h2Mwh93huSj
000460244363600001225	01000000750327152157damJ!93e/h/
000460244363600001225	0100000075032715215ZqFN%A932uRz
000460244363600001225	01000000750327152153<%Log93SkKo
000460244363600001225	0100000075032715215B<*aA593xG5H
000460244363600001225	0100000075032715215XIfcnS938c3q
000460244363600001225	0100000075032715215LTcIpi93og49
000460244363600001225	0100000075032715215OnlzNb93GaAy
000460244363600001225	0100000075032715215v/O!bn930oA/
000460244363600001225	0100000075032715215-AJnR793EFlv
000460244363600001225	01000000750327152151*5hRV93SI9/
000460244363600001225	0100000075032715215>R1s_l93gvT6
000460244363600001225	0100000075032715215,a-"U%93P+7Q
000460244363600001225	0100000075032715215!GoFsH93RTPQ
000460244363600001225	0100000075032715215YCW9PV93yWrq
000460244363600001225	0100000075032715215UlE;Do93Nq9Q
000460244363600001225	0100000075032715215muIrDP93LqYf
000460244363600001225	0100000075032715215AsaRK>93HCr2
000460244363600001225	0100000075032715215GgzRb)93DwZA
000460244363600001225	0100000075032715215t5(BqG93y2Aq
000460244363600001225	0100000075032715215VtMlqI93wSDI
000460244363600001225	0100000075032715215>dPJWH93Ien3
000460244363600001225	0100000075032715215ACvZ31937PXD
000460244363600001225	0100000075032715215)t4DEh93w7tC
000460244363600001225	0100000075032715215NLreHS93UZOz
000460244363600001234	0100000075032715215p"?aQJ93QPPM
000460244363600001234	0100000075032715215hAl<8B93QqPg
000460244363600001234	0100000075032715215(mCaS293brUG
000460244363600001234	0100000075032715215qYRGiE9346N3
000460244363600001234	0100000075032715215RwmhKo93SpEn
000460244363600001234	0100000075032715215u+fuVn93UBII
000460244363600001234	0100000075032715215O8hFMB93AZ2M
000460244363600001234	0100000075032715215FFCH3W93KkRV
000460244363600001234	0100000075032715215%Ejqli93L17L
000460244363600001234	0100000075032715215J%<YwA93ChNg
000460244363600001234	01000000750327152155CcSep93AkeZ
000460244363600001234	0100000075032715215iKLU=g93Bzpx
000460244363600001234	0100000075032715215<V7NGZ93uhXK
000460244363600001234	0100000075032715215mE_t-h93Sc5H
000460244363600001234	0100000075032715215*ByqDd937vMX
000460244363600001234	0100000075032715215Mnr6&(93vSO3
000460244363600001234	01000000750327152153LRg/a93y9lK
000460244363600001234	0100000075032715215F"fcFc936A3x
000460244363600001234	0100000075032715215XFUnTa93Ap+o
000460244363600001234	0100000075032715215lo!XZk93e731
000460244363600001234	0100000075032715215E0GN8G93pno1
000460244363600001234	010000007503271521554mN"193dcfF
000460244363600001234	0100000075032715215Hn6T;i93Wr7L
000460244363600001234	0100000075032715215HaHahK93WLXL
000460244363600001243	0100000075032715215QWh<Pm93fAWN
000460244363600001243	0100000075032715215q6JHeU934wmV
000460244363600001243	0100000075032715215;s/ZQ'932k9K
000460244363600001243	0100000075032715215jfqNgt93CBSk
000460244363600001243	0100000075032715215eWIMrr93RVjY
000460244363600001243	0100000075032715215:ctZdX93uWro
000460244363600001243	0100000075032715215hD'IV;93f/b3
000460244363600001243	0100000075032715215W)O?b-93UdTG
000460244363600001243	0100000075032715215>OYmkw93NxYB
000460244363600001243	0100000075032715215izoQ4n93hICt
000460244363600001243	0100000075032715215DHoGml93T+FS
000460244363600001243	0100000075032715215TT0PQY93734j
000460244363600001243	0100000075032715215GB)dTf93c+Fk
000460244363600001243	0100000075032715215+)TQ<R93fkEk
000460244363600001243	0100000075032715215&mnUJJ93Nd0F
000460244363600001243	0100000075032715215mRRjWP93YUiq
000460244363600001243	0100000075032715215VajOuj93tclB
000460244363600001243	0100000075032715215bQSSEh932KBO
000460244363600001243	0100000075032715215G3!,fU93kNZk
000460244363600001243	0100000075032715215st-ECY93dNCs
000460244363600001243	01000000750327152153ifo*!93ukzS
000460244363600001243	0100000075032715215U1MKIp93W2Z3
000460244363600001243	0100000075032715215<Y"?J.933p7B
000460244363600001243	0100000075032715215H*O'*H93GmaI
000460244363600001252	0100000075032715215cYRUWG93OoXk
000460244363600001252	0100000075032715215qHAS%p93onAq
000460244363600001252	0100000075032715215odD8ex93pPOe
000460244363600001252	0100000075032715215nB"qP(936vfB
000460244363600001252	0100000075032715215Q=%D7p93E7Ks
000460244363600001252	0100000075032715215Q)vhXh93GLpI
000460244363600001252	0100000075032715215iU5A=693xNGQ
000460244363600001252	0100000075032715215DIvr9H93cnLy
000460244363600001252	0100000075032715215'7ZGoK9326KT
000460244363600001252	0100000075032715215YOnsZ=93G9xj
000460244363600001252	0100000075032715215PLr&ls93NwNq
000460244363600001252	0100000075032715215M/y"m<935+RA
000460244363600001252	0100000075032715215q"uj83932S6Z
000460244363600001252	0100000075032715215tgScy%93J90k
000460244363600001252	0100000075032715215pliHft93i7J3
000460244363600001252	0100000075032715215lkljUW93bdyR
000460244363600001252	0100000075032715215:(p%Y393HXcR
000460244363600001252	0100000075032715215Pin00i934ADe
000460244363600001252	0100000075032715215Pt%t(*93AZYG
000460244363600001252	0100000075032715215nOsW,c93GekZ
000460244363600001252	0100000075032715215:&Wzlf93ZHZB
000460244363600001252	0100000075032715215ftqQF(93d7U2
000460244363600001252	0100000075032715215lu!BEV93gZIg
000460244363600001252	0100000075032715215!VKgc;93oU7n
000460244363600001261	0100000075032715215-uHS>d93Xg+L
000460244363600001261	01000000750327152152a+;Lc93nSZ/
000460244363600001261	0100000075032715215dYd6B.93jhj0
000460244363600001261	0100000075032715215YYMNBm93DiJB
000460244363600001261	0100000075032715215D'YhT>93PPHR
000460244363600001261	0100000075032715215TYJMWp93Bx1y
000460244363600001261	0100000075032715215rCOTmQ930CG2
000460244363600001261	0100000075032715215;6p;ck93SEe8
000460244363600001261	0100000075032715215G"aIe293gAgo
000460244363600001261	0100000075032715215H>K,FW93lzts
000460244363600001261	0100000075032715215V0*liv93Fay5
000460244363600001261	0100000075032715215WlWo)z93N6aI
000460244363600001261	0100000075032715215FZfg:_93EKcv
000460244363600001261	0100000075032715215rIWJD193yRw2
000460244363600001261	0100000075032715215JsOcYl93/QTR
000460244363600001261	0100000075032715215JOM.4C93u4CO
000460244363600001261	0100000075032715215p?OhsV93ULaj
000460244363600001261	0100000075032715215*s-QSl93pDoj
000460244363600001261	0100000075032715215DzCSr>93j4Hw
000460244363600001261	0100000075032715215j=rZwI93kQm7
000460244363600001261	0100000075032715215r&;LQp93/Bio
000460244363600001261	01000000750327152154ddC*V93bkQR
000460244363600001261	0100000075032715215r1SPH'93DG8y
000460244363600001261	0100000075032715215Noddfb930CtR
000460244363600001270	0100000075032715215&thP)P93SDhy
000460244363600001270	0100000075032715215tqelev93g9cu
000460244363600001270	0100000075032715215PeeH"D93pFvW
000460244363600001270	0100000075032715215+9<rEM93VJEj
000460244363600001270	0100000075032715215Za0s(d93Xs0m
000460244363600001270	0100000075032715215eRbrUJ93lW/F
000460244363600001270	0100000075032715215ytulb/93900N
000460244363600001270	0100000075032715215cmDbAC93Cw9V
000460244363600001270	0100000075032715215OK'dK993qGkd
000460244363600001270	0100000075032715215O>SsKh93CN4w
000460244363600001270	0100000075032715215>ZmT*&93Kyd5
000460244363600001270	0100000075032715215wFYVOD93SKCr
000460244363600001270	0100000075032715215&fqD-793+SwT
000460244363600001270	0100000075032715215oNA0QR937Mta
000460244363600001270	0100000075032715215,tHR0V93g+S5
000460244363600001270	0100000075032715215OqlzYD93qPZX
000460244363600001270	0100000075032715215*eJNcb9352NJ
000460244363600001270	0100000075032715215s1PNCE93xIvZ
000460244363600001270	0100000075032715215+wumx793frIp
000460244363600001270	0100000075032715215EJJ!yW93na4B
000460244363600001270	01000000750327152157lHcIM93sHtA
000460244363600001270	0100000075032715215TCpsLV93bkZ6
000460244363600001270	0100000075032715215;2tic;93K7d9
000460244363600001270	0100000075032715215J1a*RL93N0Lo
000460244363600001289	0100000075032715215ubZwq_93blpK
000460244363600001289	0100000075032715215mBCy0;93p0Jm
000460244363600001289	0100000075032715215qLmdIH93oV2E
000460244363600001289	01000000750327152152YhQJG93knGZ
000460244363600001289	0100000075032715215jFsOTE93mdY8
000460244363600001289	0100000075032715215bDdHJb93l7Wz
000460244363600001289	0100000075032715215K!rT.U93emtt
000460244363600001289	01000000750327152157w_qh:936TNI
000460244363600001289	0100000075032715215AT0sOt932RLE
000460244363600001289	0100000075032715215o;sHhf93lu1F
000460244363600001289	0100000075032715215uKR&uM93sDdy
000460244363600001289	0100000075032715215IqXPSh93XI07
000460244363600001289	0100000075032715215W2!_?I93rNqd
000460244363600001289	0100000075032715215:?E.!493sPUa
000460244363600001289	01000000750327152154bc:H593lTcW
000460244363600001289	0100000075032715215dy-NFb937ed+
000460244363600001289	01000000750327152150MHiBc93BJmn
000460244363600001289	0100000075032715215R.GY)L931C3r
000460244363600001289	0100000075032715215<dQrU'93C6NX
000460244363600001289	0100000075032715215fpJLC393J9vn
000460244363600001289	0100000075032715215jnCnKg93dHKj
000460244363600001289	0100000075032715215.vD0XI936So0
000460244363600001289	0100000075032715215ZYImHY93fJba
000460244363600001289	0100000075032715215dNg=jj939xHF
000460244363600001298	01000000750327152151)mdb!93D9NK
000460244363600001298	0100000075032715215kWthhc93GvFx
000460244363600001298	0100000075032715215P7BuMg93dZvW
000460244363600001298	0100000075032715215v"g;;793y0OT
000460244363600001298	0100000075032715215G.FTBI93p3WK
000460244363600001298	0100000075032715215TlB3Z293uE4a
000460244363600001298	0100000075032715215aQgaUg93yIKe
000460244363600001298	0100000075032715215Q)JJ5p9349L+
000460244363600001298	0100000075032715215hp<ZOQ93oFAz
000460244363600001298	0100000075032715215RLdeSw93/TOI
000460244363600001298	0100000075032715215+TlAUu93HAvB
000460244363600001298	0100000075032715215_:9tXH93synH
000460244363600001298	0100000075032715215LchZxv93BOPq
000460244363600001298	0100000075032715215W2gT2S93gqz8
000460244363600001298	0100000075032715215jt,33u93HhUE
000460244363600001298	0100000075032715215ZHM!2T93ox3Q
000460244363600001298	0100000075032715215PbV/ZK93DIfU
000460244363600001298	0100000075032715215O,J"=W93Y0qJ
000460244363600001298	01000000750327152151Gu6Dq9306V8
000460244363600001298	0100000075032715215WTvaHH93/2qW
000460244363600001298	0100000075032715215O"Iifh93JeTB
000460244363600001298	0100000075032715215mIeFsv93wjQY
000460244363600001298	0100000075032715215c"N)cw93X9W0
000460244363600001298	0100000075032715215gO7HiN93jp+2
000460244363600001304	0100000075032715215"WmwGP93nEJh
000460244363600001304	0100000075032715215.J?Q;g93pTx0
000460244363600001304	0100000075032715215BD*4GO93+UJb
000460244363600001304	01000000750327152152EVEIQ93/QXH
000460244363600001304	0100000075032715215'WlBX:93wXTj
000460244363600001304	0100000075032715215NWlF5;93xnAJ
000460244363600001304	01000000750327152150iFI"S93UNk6
000460244363600001304	0100000075032715215X4hTc(93MIdT
000460244363600001304	0100000075032715215/Dh38l93Y2i5
000460244363600001304	0100000075032715215E9pt+e93lNj4
000460244363600001304	0100000075032715215nXB!e(93SuqX
000460244363600001304	01000000750327152152H80aM93FHdl
000460244363600001304	0100000075032715215bYQILJ93nTSl
000460244363600001304	0100000075032715215uAjg/<93KK2Z
000460244363600001304	0100000075032715215oLggvd93Pvoe
000460244363600001304	0100000075032715215'.ZchZ93gG6+
000460244363600001304	0100000075032715215j'Bv3v93LbKE
000460244363600001304	01000000750327152159ZnUtV93/L50
000460244363600001304	0100000075032715215MpY2pI93CFro
000460244363600001304	0100000075032715215TJYmhP93qau3
000460244363600001304	0100000075032715215uEV=kj93wc5o
000460244363600001304	0100000075032715215FB6D=L93qMSh
000460244363600001304	0100000075032715215UWc0kt932MPR
000460244363600001304	0100000075032715215QZDccP93HoiK
000460244363600001313	0100000075032715215A:Pf7h93Mysk
000460244363600001313	0100000075032715215RirGEP93OFjh
000460244363600001313	0100000075032715215xn!VHm93Z3nY
000460244363600001313	0100000075032715215cMCGR29356de
000460244363600001313	0100000075032715215'TMMa+93SzLd
000460244363600001313	0100000075032715215cbOlN;93Sbgp
000460244363600001313	0100000075032715215sqLzGf93ixVk
000460244363600001313	0100000075032715215nZXHW.93Xua2
000460244363600001313	0100000075032715215JVneqe93DxmC
000460244363600001313	0100000075032715215dBeSvr933uhw
000460244363600001313	0100000075032715215Gb.58T93huQx
000460244363600001313	0100000075032715215Gsufz>93Fu+M
000460244363600001313	01000000750327152157GpUtZ93qRRy
000460244363600001313	0100000075032715215c")n%q93+Fdq
000460244363600001313	0100000075032715215gnZUHC932C44
000460244363600001313	0100000075032715215OUg3FJ93J7v1
000460244363600001313	0100000075032715215pbbhpa933WYp
000460244363600001313	0100000075032715215r6NNr193S0ia
000460244363600001313	0100000075032715215W:rOCJ93Scs/
000460244363600001313	0100000075032715215cfs_PL93HvN8
000460244363600001313	0100000075032715215Ai/ruV93sceN
000460244363600001313	0100000075032715215wfyjo_93NT+E
000460244363600001313	0100000075032715215aBdYQm93/SmF
000460244363600001313	0100000075032715215DQYYs;93Svtc
000460244363600001322	0100000075032715215pTcFnE93E0tt
000460244363600001322	0100000075032715215_C3Rm"93lqwE
000460244363600001322	0100000075032715215*=s+Th93TiJk
000460244363600001322	0100000075032715215nXIeK993gWQX
000460244363600001322	0100000075032715215C3a4Ez93W4kq
000460244363600001322	0100000075032715215wWtBC,93vDZs
000460244363600001322	0100000075032715215Ug/eH:93Pb8d
000460244363600001322	0100000075032715215tiGmbC932eDw
000460244363600001322	01000000750327152157fCGBH93cYrs
000460244363600001322	0100000075032715215Za97MQ9357HG
000460244363600001322	0100000075032715215pnFk>S93pWZW
000460244363600001322	0100000075032715215SVKwVi938ciY
000460244363600001322	0100000075032715215qVL%NB93ddvr
000460244363600001322	0100000075032715215d>7bqq93BAmS
000460244363600001322	010000007503271521569Akd_93A0EB
000460244363600001322	0100000075032715215cCn2VZ934Xhe
000460244363600001322	01000000750327152150ESr(!93vGW6
000460244363600001322	0100000075032715215smtdw?93+32i
000460244363600001322	0100000075032715215ghBNOV933QNe
000460244363600001322	0100000075032715215pyiG'N93FDHA
000460244363600001322	0100000075032715215e?K/+G93Uf3J
000460244363600001322	0100000075032715215"E?Uoq93k2IU
000460244363600001322	0100000075032715215_Nhelu9338jI
000460244363600001322	0100000075032715215RHw>EF93jUKU
000460244363600001331	0100000075032715215tlWsbV93kV2P
000460244363600001331	0100000075032715215pIIHEO93JjwC
000460244363600001331	0100000075032715215DIpbMJ93iq9I
000460244363600001331	0100000075032715215NA:pkD93nxQ8
000460244363600001331	0100000075032715215PNMujB936wdW
000460244363600001331	0100000075032715215:CN'*+93uisx
000460244363600001331	0100000075032715215CoFFh>93vDqV
000460244363600001331	0100000075032715215hpYi)C93HCVk
000460244363600001331	0100000075032715215jAhAa"93nUVU
000460244363600001331	0100000075032715215eJKg3A93X5VB
000460244363600001331	0100000075032715215Bububm93KKjC
000460244363600001331	0100000075032715215h'ee,w93LWuP
000460244363600001331	0100000075032715215PgXZpP93rCux
000460244363600001331	0100000075032715215_prXJ-93kSqH
000460244363600001331	0100000075032715215IRezcy93cKsT
000460244363600001331	0100000075032715215QR+OlJ93YeTE
000460244363600001331	0100000075032715215sFdPKr933wyn
000460244363600001331	0100000075032715215ZbW>fc932MvR
000460244363600001331	0100000075032715215XP!u2U93Knge
000460244363600001331	0100000075032715215BgthVU93Lpxa
000460244363600001331	0100000075032715215eSpUJJ93ggzF
000460244363600001331	0100000075032715215egUW6993uFxi
000460244363600001331	0100000075032715215lrcKAG93Rm/W
000460244363600001331	0100000075032715215LwgMWe93+FT2
000460244363600001340	0100000075032715215uW2*Ir93GFO6
000460244363600001340	0100000075032715215(r7!tY93emIa
000460244363600001340	0100000075032715215Z+PTzq93GrIu
000460244363600001340	0100000075032715215KRbkB;93mCIx
000460244363600001340	0100000075032715215Sf"ScW93zcuA
000460244363600001340	0100000075032715215%sOSCd93SzeY
000460244363600001340	0100000075032715215x+r)v193ClO4
000460244363600001340	0100000075032715215z-DgfE930knu
000460244363600001340	0100000075032715215GYeNnW93cG5M
000460244363600001340	0100000075032715215SW!gtj93/MHV
000460244363600001340	0100000075032715215ZijcJu93cCbq
000460244363600001340	0100000075032715215bhJZKZ93ztZx
000460244363600001340	0100000075032715215IQoCTY93oCIn
000460244363600001340	0100000075032715215OYZJr)93PHP0
000460244363600001340	0100000075032715215igcaRS93VIXs
000460244363600001340	0100000075032715215jnglKQ93Yfyb
000460244363600001340	01000000750327152150IkV0893pHwo
000460244363600001340	0100000075032715215iQVGUv930lDi
000460244363600001340	0100000075032715215T0T;&t93fAiD
000460244363600001340	01000000750327152154Xb?PY932H0c
000460244363600001340	0100000075032715215&!VVA493a3v3
000460244363600001340	0100000075032715215u4HkHP93hGAx
000460244363600001340	0100000075032715215E2GGYW93Gh4S
000460244363600001340	0100000075032715215,:5XVB93xb4G
000460244363600001359	0100000075032715215);nOJi93G486
000460244363600001359	0100000075032715215a=%w-z93cih0
000460244363600001359	0100000075032715215qCxhnl93cfCx
000460244363600001359	0100000075032715215PpEc*p93GtVT
000460244363600001359	01000000750327152159Xak+M93t2de
000460244363600001359	0100000075032715215sRU+Pa93hqey
000460244363600001359	0100000075032715215MARH'G93ls6p
000460244363600001359	0100000075032715215f&jYOA930Ina
000460244363600001359	0100000075032715215OzRWhA93yW+z
000460244363600001359	0100000075032715215/ptn=y93xD8Q
000460244363600001359	0100000075032715215PkPOnM93bU27
000460244363600001359	0100000075032715215swyOQj93Nuw2
000460244363600001359	0100000075032715215ClAka?93WkYW
000460244363600001359	0100000075032715215IeSRNf93asEY
000460244363600001359	0100000075032715215u39e+c93D9j6
000460244363600001359	0100000075032715215BZ&i.!93VLVu
000460244363600001359	01000000750327152153yFIer93DC1E
000460244363600001359	0100000075032715215I5sV;L93leOC
000460244363600001359	0100000075032715215yA%cBd93cYGL
000460244363600001359	01000000750327152156GSj5*93nw1q
000460244363600001359	0100000075032715215Buq)*Z93q7Qh
000460244363600001359	0100000075032715215ATro9c93Mqv0
000460244363600001359	0100000075032715215AfEa=i937DLf
000460244363600001359	0100000075032715215JVP'JE93VUj/
000460244363600001368	0100000075032715215MR>kng93nHhs
000460244363600001368	0100000075032715215bK=cul93zJgs
000460244363600001368	01000000750327152154)Vo,H937IeC
000460244363600001368	0100000075032715215Uit=1,93+3fd
000460244363600001368	0100000075032715215gq(Cmc9387Yv
000460244363600001368	0100000075032715215EsWEiG9345fl
000460244363600001368	01000000750327152158GsmlU93HpC3
000460244363600001368	0100000075032715215W3zR.T93IPH6
000460244363600001368	0100000075032715215:BK-Zf93UMxN
000460244363600001368	0100000075032715215ueXTJr93Ss6G
000460244363600001368	0100000075032715215DH(zD>93IH3d
000460244363600001368	0100000075032715215>ikqpn93N86z
000460244363600001368	0100000075032715215SeON6B93ZHPz
000460244363600001368	0100000075032715215L8Vj)U93oltm
000460244363600001368	0100000075032715215wYDIF'93h5N7
000460244363600001368	0100000075032715215owdI4J93TKjp
000460244363600001368	0100000075032715215U.VGff93YFpx
000460244363600001368	0100000075032715215mn9!co93vw48
000460244363600001368	0100000075032715215aKbfay93ZdYV
000460244363600001368	0100000075032715215oh7W-X934qvK
000460244363600001368	0100000075032715215"=Xws+93lb/l
000460244363600001368	0100000075032715215riHy7m93esZQ
000460244363600001368	0100000075032715215U%)A,I93IlGq
000460244363600001368	0100000075032715215seH;/O93YzyA
000460244363600001377	0100000075032715215dRX>TR93VlxV
000460244363600001377	0100000075032715215k9i34893QWkm
000460244363600001377	0100000075032715215OsMMBJ93+GEN
000460244363600001377	0100000075032715215PGfT*L932Jjl
000460244363600001377	0100000075032715215kZ(uXi93U/7W
000460244363600001377	0100000075032715215nhD&Dp932NWK
000460244363600001377	0100000075032715215<:9g"o93Hwti
000460244363600001377	0100000075032715215mf9ee493KQUU
000460244363600001377	0100000075032715215p4;BZV93HmBn
000460244363600001377	0100000075032715215glri+M93HsIq
000460244363600001377	0100000075032715215a9kpDF93cKx4
000460244363600001377	0100000075032715215MBH+Nl93nChh
000460244363600001377	0100000075032715215AL7iRg93QM21
000460244363600001377	0100000075032715215ddgD)Y93F+Wc
000460244363600001377	0100000075032715215"VO51Q93PUtF
000460244363600001377	0100000075032715215tUoAcu93pjho
000460244363600001377	0100000075032715215U;a'R,93BqZ5
000460244363600001377	0100000075032715215H"9dhz93K++F
000460244363600001377	0100000075032715215jDJbWW93PGuj
000460244363600001377	0100000075032715215YRTssj93JIs2
000460244363600001377	0100000075032715215dleeAt93xyxe
000460244363600001377	0100000075032715215PTvN.g93rbbG
000460244363600001377	0100000075032715215fW"axD93lRsm
000460244363600001377	0100000075032715215&jCG9I93Y2TM
000460244363600001386	0100000075032715215i&oJfo93DlxX
000460244363600001386	0100000075032715215A+nOc493x+2B
000460244363600001386	0100000075032715215PDQ'IC931gR9
000460244363600001386	0100000075032715215U/L>WZ935OOk
000460244363600001386	0100000075032715215>"B>a593M8pP
000460244363600001386	01000000750327152158F'2(X93crNZ
000460244363600001386	0100000075032715215rcd7KW93niMZ
000460244363600001386	0100000075032715215A(g".%9344GC
000460244363600001386	0100000075032715215J;(u;H93JLGq
000460244363600001386	0100000075032715215rt%CIB937dlV
000460244363600001386	0100000075032715215N1%8=B93DDjp
000460244363600001386	01000000750327152151s"bE-93v2Ul
000460244363600001386	0100000075032715215jfUcEf932HqF
000460244363600001386	0100000075032715215yB/>3Y93KIyX
000460244363600001386	0100000075032715215nI:td(931jAj
000460244363600001386	0100000075032715215ekg>VF93qVzF
000460244363600001386	0100000075032715215s+/rm<93Kw+a
000460244363600001386	0100000075032715215LPyhm_93/t1b
000460244363600001386	01000000750327152151LsTf-93Ge6G
000460244363600001386	0100000075032715215"(MJDQ93V4ju
000460244363600001386	0100000075032715215jZk4Rf93EyTN
000460244363600001386	0100000075032715215c/bHDN93C1VB
000460244363600001386	01000000750327152153>z'5W93VjSI
000460244363600001386	0100000075032715215CDmW=493FjZj
000460244363600001395	0100000075032715215CJOR2q93A66E
000460244363600001395	01000000750327152155KJSq.93aPtd
000460244363600001395	0100000075032715215AOvMLg93y25F
000460244363600001395	0100000075032715215TigHmH93LqD/
000460244363600001395	0100000075032715215H-"Qeo934qtC
000460244363600001395	0100000075032715215rLTfcA93eMh2
000460244363600001395	01000000750327152152.FoL:93TlmS
000460244363600001395	0100000075032715215Yc3N_M93bK5D
000460244363600001395	0100000075032715215Xp6ZHi93uBIl
000460244363600001395	0100000075032715215WIKd2593ucl5
000460244363600001395	0100000075032715215EhKP(i93a4un
000460244363600001395	0100000075032715215o%bjg093EwCj
000460244363600001395	0100000075032715215d9jQXD93gIK4
000460244363600001395	0100000075032715215fuewAp93dXXW
000460244363600001395	0100000075032715215YDjkrZ93bVLj
000460244363600001395	0100000075032715215PZ%0p)93tSBK
000460244363600001395	0100000075032715215;oL7jL932/W9
000460244363600001395	0100000075032715215d(Hk=V93PtBq
000460244363600001395	0100000075032715215cGRBjd932Iyb
000460244363600001395	0100000075032715215ZH?gUO93BGLk
000460244363600001395	0100000075032715215Z(Cbia93rGFF
000460244363600001395	0100000075032715215AJ.IOO93E8Tx
000460244363600001395	0100000075032715215uM328_93nO7F
000460244363600001395	0100000075032715215pm-FHW93RxWD
000460244363600001401	0100000075032715215oIQHFw93QSOZ
000460244363600001401	0100000075032715215*+/,t193GUum
000460244363600001401	0100000075032715215HcaR%l93p3Pn
000460244363600001401	0100000075032715215'U2spP93HW+N
000460244363600001401	0100000075032715215FLOgYa93QhSO
000460244363600001401	01000000750327152157,Er9Y93hWCg
000460244363600001401	0100000075032715215UB5kFG93H6GR
000460244363600001401	0100000075032715215LxRs_b93cWxS
000460244363600001401	0100000075032715215NWZUq793qU5K
000460244363600001401	0100000075032715215UK>A)S93d5/6
000460244363600001401	0100000075032715215!YGTLg93X7uK
000460244363600001401	0100000075032715215hBE0Vr93vne2
000460244363600001401	0100000075032715215mJ%L0-93BF2s
000460244363600001401	0100000075032715215uB84nG93iSmU
000460244363600001401	0100000075032715215fHu'sU93sb/j
000460244363600001401	01000000750327152155p(GzC93Xf1A
000460244363600001401	0100000075032715215:E(zae93CvL8
000460244363600001401	0100000075032715215BpLgW493qHD2
000460244363600001401	0100000075032715215GG=RGe93eQlJ
000460244363600001401	0100000075032715215MF5oOL93fLbz
000460244363600001401	0100000075032715215IRiggf93hpP5
000460244363600001401	0100000075032715215TVc7UK933HPw
000460244363600001401	0100000075032715215ZU&ETl93TR/I
000460244363600001401	0100000075032715215tk5h3893r7Kf
000460244363600001410	0100000075032715215)q/Nch938O9v
000460244363600001410	0100000075032715215YNLJ2y935L2+
000460244363600001410	0100000075032715215sD"UE3938eqC
000460244363600001410	0100000075032715215HDVgi&9311yU
000460244363600001410	0100000075032715215+Jrt>T93xbh0
000460244363600001410	0100000075032715215WUXPEU93mlx7
000460244363600001410	0100000075032715215Nm'ycx93TKSo
000460244363600001410	0100000075032715215mfK__w93Mf39
000460244363600001410	0100000075032715215F-4hVd93Pw9b
000460244363600001410	0100000075032715215RJA9t=93faDV
000460244363600001410	0100000075032715215IX;KsX93SOzI
000460244363600001410	0100000075032715215_i,Sec93u1WF
000460244363600001410	0100000075032715215p<,3%Q93LrQQ
000460244363600001410	0100000075032715215FO;2TX93X2/T
000460244363600001410	0100000075032715215F=&Rf=933bEA
000460244363600001410	0100000075032715215E7aBxm938jCb
000460244363600001410	0100000075032715215RS>les93+1M6
000460244363600001410	0100000075032715215ib+58B93dvlL
000460244363600001410	0100000075032715215*:i)u'93lSX8
000460244363600001410	0100000075032715215JZN4V"93Ee+Y
000460244363600001410	0100000075032715215EqUHg'93jwjb
000460244363600001410	0100000075032715215X=pcm)93Gkjd
000460244363600001410	0100000075032715215GaPLnb93sV5Q
000460244363600001410	0100000075032715215gYD1Ou93tmC1
000460244363600001429	0100000075032715215VAuWzT93ln0P
000460244363600001429	0100000075032715215T+Ibge93wB/h
000460244363600001429	0100000075032715215H_a*XM93n6rv
000460244363600001429	0100000075032715215qh/bs193qGQB
000460244363600001429	0100000075032715215f&P%bC93QKeV
000460244363600001429	01000000750327152158eDcrd93KX8G
000460244363600001429	0100000075032715215+dtoBW939dvi
000460244363600001429	0100000075032715215?m8J0993olwJ
000460244363600001429	0100000075032715215sV1fCP93M/YW
000460244363600001429	0100000075032715215CEM%5'93JK4T
000460244363600001429	0100000075032715215hf?H<S93Q9Ig
000460244363600001429	0100000075032715215mN7G3i93inmA
000460244363600001429	0100000075032715215-TTCQS93xWvc
000460244363600001429	0100000075032715215=pfBNR93dfeA
000460244363600001429	0100000075032715215_t(hGk93BXTP
000460244363600001429	0100000075032715215ddiH?Z93gVdN
000460244363600001429	0100000075032715215BdQhNI93DfQG
000460244363600001429	0100000075032715215R>soIA93taNp
000460244363600001429	0100000075032715215,NJ.*L93rDjJ
000460244363600001429	0100000075032715215.IYApr93WdhY
000460244363600001429	0100000075032715215=6FjXk93UUjG
000460244363600001429	0100000075032715215oHQ>%c93s431
000460244363600001429	0100000075032715215ym'hOp93YuDH
000460244363600001429	0100000075032715215GtiJn493Ff+S
000460244363600001438	0100000075032715215eSYpa!93VHk5
000460244363600001438	0100000075032715215vD(XDW93IP3N
000460244363600001438	0100000075032715215_5ehI6937Mce
000460244363600001438	0100000075032715215t1+(u_93RHju
000460244363600001438	0100000075032715215Mvl2P)93hloc
000460244363600001438	0100000075032715215fK)X(D93xpJE
000460244363600001438	0100000075032715215yAnNHN93x2Fm
000460244363600001438	0100000075032715215zVqnnn93M8M3
000460244363600001438	0100000075032715215mZ<U:'93DkmD
000460244363600001438	0100000075032715215LzfO5p934PWC
000460244363600001438	0100000075032715215-%'Of!93QosO
000460244363600001438	0100000075032715215Y1fnfF93Krq1
000460244363600001438	0100000075032715215T8_fgw93zMfR
000460244363600001438	0100000075032715215hg>Hb)936d/2
000460244363600001438	0100000075032715215*lIYR2932bVy
000460244363600001438	0100000075032715215APhWXA93JpU7
000460244363600001438	01000000750327152159fJ1Qi93C+MS
000460244363600001438	0100000075032715215Gc*soC93pBvh
000460244363600001438	0100000075032715215o*RgaL93+qLz
000460244363600001438	0100000075032715215'H(-Ik93mDqy
000460244363600001438	0100000075032715215hsSKCc93ODVi
000460244363600001438	0100000075032715215BhB&CH93v3Yf
000460244363600001438	01000000750327152154CS%jG93MX9S
000460244363600001438	0100000075032715215*x/QcU937i5/
000460244363600001447	0100000075032715215Szq.+,93I7dU
000460244363600001447	0100000075032715215.IEq.l93qXBS
000460244363600001447	0100000075032715215C<*l?U936E2B
000460244363600001447	0100000075032715215gaDxd*930exs
000460244363600001447	0100000075032715215NJK3Ao93yhd1
000460244363600001447	0100000075032715215IR'GUN93vXEZ
000460244363600001447	0100000075032715215IWaq)I93nLry
000460244363600001447	0100000075032715215u<ORML9381v0
000460244363600001447	0100000075032715215'oyiry93UgWG
000460244363600001447	0100000075032715215AX-54k93AGyg
000460244363600001447	0100000075032715215Zt9ohf93CfJu
000460244363600001447	0100000075032715215JoXbwk93vPDV
000460244363600001447	0100000075032715215,3k9MX93oprr
000460244363600001447	01000000750327152154H9BGa93hgDw
000460244363600001447	0100000075032715215rjX6Oi93I9fi
000460244363600001447	010000007503271521539wqRV93uqNy
000460244363600001447	0100000075032715215h%'uNJ93fven
000460244363600001447	01000000750327152155J/<pr93QhBH
000460244363600001447	0100000075032715215.p>Ifd93voaE
000460244363600001447	0100000075032715215LH+ft'93qyb5
000460244363600001447	0100000075032715215OT)jqG93zd6B
000460244363600001447	0100000075032715215Yt4TG%93lkqI
000460244363600001447	0100000075032715215MpfuIG933z6n
000460244363600001447	0100000075032715215HSRtkg93ztgN
000460244363600001456	01000000750327152152+kXIm93YBU7
000460244363600001456	0100000075032715215aopjI8934cjH
000460244363600001456	0100000075032715215+Y5kL>93xy89
000460244363600001456	0100000075032715215('J<Ql939GUI
000460244363600001456	0100000075032715215Uk?t4j93niBK
000460244363600001456	0100000075032715215pZBVVT93D8BY
000460244363600001456	0100000075032715215TgrhP:93zGs2
000460244363600001456	0100000075032715215cteHVb93WCkO
000460244363600001456	0100000075032715215.qByLB93bRVW
000460244363600001456	0100000075032715215BrCr?193DT6b
000460244363600001456	0100000075032715215bqvzKM93IvTR
000460244363600001456	0100000075032715215nkVf9v93uwP2
000460244363600001456	0100000075032715215*AyRh>93zpV6
000460244363600001456	0100000075032715215gOBuLH93i4lP
000460244363600001456	0100000075032715215j:Yqkh93YTCD
000460244363600001456	0100000075032715215B=HAia93FdGi
000460244363600001456	0100000075032715215?jNUr)93Lt6z
000460244363600001456	0100000075032715215(Y*2rJ93fJne
000460244363600001456	0100000075032715215A(EhWE93tzTY
000460244363600001456	0100000075032715215XFH3wp93yPWa
000460244363600001456	0100000075032715215Y<sjOW93vWt6
000460244363600001456	0100000075032715215rV"Ufb935ob7
000460244363600001456	0100000075032715215p1TcBi93psPn
000460244363600001456	0100000075032715215WIFtKc93imWP
000460244363600001465	0100000075032715215m<'lBs93cjki
000460244363600001465	0100000075032715215!P!<1W93Ojc5
000460244363600001465	0100000075032715215+QuJge93j9KZ
000460244363600001465	0100000075032715215+C2&vs93NkMy
000460244363600001465	0100000075032715215fJC;V+93zZHI
000460244363600001465	01000000750327152150f0F%&934JTx
000460244363600001465	01000000750327152155qckYQ935tet
000460244363600001465	0100000075032715215*UhgUk93IjAq
000460244363600001465	0100000075032715215QqdFAQ93M2K9
000460244363600001465	0100000075032715215,MrWIQ93um9R
000460244363600001465	01000000750327152150PcZ9f93dk87
000460244363600001465	0100000075032715215iO.P9a93z5nM
000460244363600001465	0100000075032715215AD%i&Z93ealW
000460244363600001465	0100000075032715215(hAcWD93ht7Y
000460244363600001465	01000000750327152158ltvLb93LpRD
000460244363600001465	0100000075032715215?aFoVN939Z8J
000460244363600001465	0100000075032715215GV(W"693feKu
000460244363600001465	0100000075032715215XeOIBx93iHCa
000460244363600001465	0100000075032715215:tIo-s93eRC8
000460244363600001465	0100000075032715215ls+qWs93UZ02
000460244363600001465	0100000075032715215_tWqGy938q6T
000460244363600001465	0100000075032715215:5BOSG93n17h
000460244363600001465	01000000750327152151HJ;Rk93wdh1
000460244363600001465	0100000075032715215W-<JBT93V2Hj
000460244363600001474	0100000075032715215i_g4=i93dwVp
000460244363600001474	0100000075032715215IimH=W93uT+h
000460244363600001474	0100000075032715215h3KVyE93syVY
000460244363600001474	0100000075032715215AF7,dl93D0H5
000460244363600001474	0100000075032715215S7Pkv+93a8D1
000460244363600001474	0100000075032715215sk0>LW93buXf
000460244363600001474	0100000075032715215kL3JNO93FVPj
000460244363600001474	0100000075032715215j.+lV893WLrp
000460244363600001474	0100000075032715215AJ5oma93Y0T0
000460244363600001474	0100000075032715215NiKNfe93jtnS
000460244363600001474	0100000075032715215cqL4cV9336OG
000460244363600001474	0100000075032715215iDVfBf93cymR
000460244363600001474	0100000075032715215XZdDjB937UKm
000460244363600001474	0100000075032715215Lnn6=<93FZ86
000460244363600001474	0100000075032715215%W,Y=u93o0sX
000460244363600001474	0100000075032715215F"DGcb93z9xL
000460244363600001474	0100000075032715215s_pd<w930y2A
000460244363600001474	0100000075032715215Sb+Bts93X9z6
000460244363600001474	0100000075032715215,Nnpv"937BCB
000460244363600001474	0100000075032715215=sYOKk93Arzb
000460244363600001474	0100000075032715215vlH=p493qdo4
000460244363600001474	0100000075032715215bQY%=F93ruyg
000460244363600001474	01000000750327152150PIuUF93zOLC
000460244363600001474	0100000075032715215L4OUcS936pdD
000460244363600001483	0100000075032715215LWFn/m936gcW
000460244363600001483	0100000075032715215ZRRfPa93ls6+
000460244363600001483	01000000750327152154aP(MK934HjI
000460244363600001483	0100000075032715215GigOI"93j/1y
000460244363600001483	0100000075032715215gVz7j593w84W
000460244363600001483	0100000075032715215NHUb3B932cDx
000460244363600001483	0100000075032715215kLDF7693ZWLH
000460244363600001483	0100000075032715215fcunf,93C2jb
000460244363600001483	0100000075032715215;ODRf_9339ER
000460244363600001483	01000000750327152154zaeno93jpPq
000460244363600001483	0100000075032715215JZlvRR93MZRg
000460244363600001483	0100000075032715215StQZg=93XXux
000460244363600001483	0100000075032715215qTIJ:o93QGzL
000460244363600001483	0100000075032715215c&cP7K93Dwws
000460244363600001483	0100000075032715215ssaWLt93geDn
000460244363600001483	0100000075032715215)?<YLN93hzdU
000460244363600001483	0100000075032715215g)IlOo93dEqA
000460244363600001483	0100000075032715215EfA<8L936wiu
000460244363600001483	0100000075032715215W+fl)r93HkN2
000460244363600001483	0100000075032715215"GrNRY93PXlB
000460244363600001483	01000000750327152156En&%l93GELu
000460244363600001483	01000000750327152159>Y"jY93RXi6
000460244363600001483	0100000075032715215r"uS7k937xck
000460244363600001483	0100000075032715215Xyc>k%93plXJ
000460244363600001492	0100000075032715215ztx'UP93UHQS
000460244363600001492	0100000075032715215dG5nS!93nk+N
000460244363600001492	0100000075032715215UWuCge935BSR
000460244363600001492	0100000075032715215ec4iss93ZN1q
000460244363600001492	0100000075032715215CYU%oX93N4c3
000460244363600001492	0100000075032715215odmvoW93SxZi
000460244363600001492	0100000075032715215FG=R'O93NPB4
000460244363600001492	0100000075032715215=&ndsV935l4B
000460244363600001492	0100000075032715215YFBFNu93F8Ms
000460244363600001492	0100000075032715215ZovdX693M66d
000460244363600001492	0100000075032715215TwgXhH93aQ4K
000460244363600001492	01000000750327152156Gkl&J93OLz3
000460244363600001492	0100000075032715215tbBubc93xv3B
000460244363600001492	0100000075032715215j)t=7N93RAtR
000460244363600001492	01000000750327152153"3>pT93uHAN
000460244363600001492	0100000075032715215o(D;_h93iFiU
000460244363600001492	01000000750327152152ymI'e930TYN
000460244363600001492	0100000075032715215jV5kH:93Ag6g
000460244363600001492	0100000075032715215TPFLfy93/U3V
000460244363600001492	0100000075032715215n%AeKn93JepJ
000460244363600001492	0100000075032715215f0?B't93r/e7
000460244363600001492	0100000075032715215X<dJN?93HC//
000460244363600001492	0100000075032715215eH;fHJ93gTrh
000460244363600001492	0100000075032715215'TB/nb93Kurm
000460244363600001508	0100000075032715215KWbRMy9344T7
000460244363600001508	0100000075032715215M;hI3u93CWvP
000460244363600001508	01000000750327152158oaG0O93ZOAZ
000460244363600001508	0100000075032715215Z'6%h293KMmF
000460244363600001508	0100000075032715215JMduRQ934gWI
000460244363600001508	0100000075032715215TeUub)93Cu7d
000460244363600001508	0100000075032715215tkK7Gl93qihC
000460244363600001508	0100000075032715215veakHK93pc68
000460244363600001508	0100000075032715215iqOjsu93iVVM
000460244363600001508	0100000075032715215aL4clr93Lc1f
000460244363600001508	0100000075032715215eL0oci93Ch/w
000460244363600001508	0100000075032715215.EaKGT93wnrI
000460244363600001508	0100000075032715215YO<J.P938DcW
000460244363600001508	0100000075032715215nesXFe93roJW
000460244363600001508	0100000075032715215qDJmEi93VIGW
000460244363600001508	0100000075032715215Rc9wb'93Q04c
000460244363600001508	0100000075032715215(d:tnR93IeO9
000460244363600001508	0100000075032715215t>E(qm93ki4d
000460244363600001508	0100000075032715215))n&5r93nnVd
000460244363600001508	0100000075032715215UBS*I"93S69y
000460244363600001508	0100000075032715215eOjCnz93y0aY
000460244363600001508	0100000075032715215FboexY93/5oB
000460244363600001508	01000000750327152157;RaCy93Ua99
000460244363600001508	01000000750327152157hCo2i93Hs5h
000460244363600001517	0100000075032715215GGL_ob9313uS
000460244363600001517	0100000075032715215(AQsGG93e8ZH
000460244363600001517	0100000075032715215=cFRRJ93w2VC
000460244363600001517	0100000075032715215KG1Ao993IJrN
000460244363600001517	0100000075032715215NJSLu=93zzL7
000460244363600001517	0100000075032715215riZ(Rz93xDak
000460244363600001517	0100000075032715215LX*+UN93rInL
000460244363600001517	01000000750327152150SCyGv939kZo
000460244363600001517	0100000075032715215KRHRWl93HV0K
000460244363600001517	0100000075032715215.i?AVo9386+6
000460244363600001517	0100000075032715215(1R*p793ni73
000460244363600001517	0100000075032715215q9JLMr935Ey9
000460244363600001517	0100000075032715215)!eSJE93keso
000460244363600001517	0100000075032715215.+VSso93rciL
000460244363600001517	0100000075032715215V<A4AN93mYfg
000460244363600001517	0100000075032715215fy3,sh93+e2R
000460244363600001517	0100000075032715215AoR&o'93BAGQ
000460244363600001517	0100000075032715215TOyjSq939oFW
000460244363600001517	0100000075032715215qfYs"E93mlMl
000460244363600001517	0100000075032715215TXNrY;93EAKe
000460244363600001517	0100000075032715215&ECkOi93Y0OM
000460244363600001517	0100000075032715215';dRfb93iPWM
000460244363600001517	0100000075032715215iNqYDa93Wu74
000460244363600001517	0100000075032715215KiMFZ+93MTuz
000460244363600001526	0100000075032715215;>ZGnU93wEw4
000460244363600001526	0100000075032715215LegnW693987s
000460244363600001526	0100000075032715215BR3(UO93x6F+
000460244363600001526	0100000075032715215G>pn7L93xoJS
000460244363600001526	01000000750327152154XOsW493yhbc
000460244363600001526	0100000075032715215dVVUF,93TEOm
000460244363600001526	0100000075032715215EmFpqs93oz9L
000460244363600001526	0100000075032715215tUzXb*93iYBv
000460244363600001526	0100000075032715215LlkSN%93xwZd
000460244363600001526	0100000075032715215iHBnKb93hmWY
000460244363600001526	0100000075032715215)AKyJ+93DKxc
000460244363600001526	0100000075032715215TnkLSv93UKOp
000460244363600001526	0100000075032715215RB7U3E93Ib78
000460244363600001526	0100000075032715215"gQLWR93Z6CV
000460244363600001526	0100000075032715215dFDGg&93SevM
000460244363600001526	0100000075032715215r)*q;_93ZVTv
000460244363600001526	0100000075032715215*KbPCw93nkLg
000460244363600001526	0100000075032715215.jujCm93Pijz
000460244363600001526	0100000075032715215oqDVmP930TLa
000460244363600001526	0100000075032715215mEMHct93mjCw
000460244363600001526	0100000075032715215-OHBWB93fVCl
000460244363600001526	0100000075032715215:WLkPm93Ip69
000460244363600001526	0100000075032715215Znlm"193eJll
000460244363600001526	0100000075032715215%ptO*W93IeRn
000460244363600001535	0100000075032715215vL>rax93/Uxl
000460244363600001535	0100000075032715215E0emwM93cLQA
000460244363600001535	0100000075032715215/Y?R0<93f9uU
000460244363600001535	0100000075032715215:H2fF;93vG48
000460244363600001535	0100000075032715215.VPnCu93BW0m
000460244363600001535	010000007503271521560K7dV939bw0
000460244363600001535	0100000075032715215fUrrjF93QEBV
000460244363600001535	0100000075032715215?ZiEGb93J/WA
000460244363600001535	0100000075032715215NpX,hX93m9tU
000460244363600001535	0100000075032715215<D8OmV93iiBR
000460244363600001535	0100000075032715215NW/P,p931xAl
000460244363600001535	0100000075032715215vLbKV393q3NH
000460244363600001535	0100000075032715215RjS8vh93/7ao
000460244363600001535	0100000075032715215Cf=>jO93g1Ah
000460244363600001535	0100000075032715215L+MNPZ931A92
000460244363600001535	0100000075032715215tQXlRc93OMIs
000460244363600001535	01000000750327152154ktnRZ93YyNA
000460244363600001535	0100000075032715215wn&>Mn93SafR
000460244363600001535	0100000075032715215u_B?FV93lDty
000460244363600001535	0100000075032715215il3Ju,93E9uQ
000460244363600001535	0100000075032715215XXZQsM934Htz
000460244363600001535	0100000075032715215%dLLk!93NR9r
000460244363600001535	0100000075032715215k*E"j493c58c
000460244363600001535	0100000075032715215eBdt.i93XlCL
000460244363600001544	0100000075032715215Mn+3?R93hUnO
000460244363600001544	0100000075032715215LT=oYK93GtD5
000460244363600001544	0100000075032715215lAREH&93pHXa
000460244363600001544	0100000075032715215!uR.LC93gy8S
000460244363600001544	0100000075032715215?OaqRI93LjoF
000460244363600001544	01000000750327152153VkifC93cTzP
000460244363600001544	0100000075032715215,sYBAQ93wgCj
000460244363600001544	0100000075032715215jYbdQG93YEYM
000460244363600001544	01000000750327152151?b.MZ93HaqR
000460244363600001544	0100000075032715215"F3VS,93vDnS
000460244363600001544	0100000075032715215uQGLa;93Hjhl
000460244363600001544	0100000075032715215CEdBLd93mwfH
000460244363600001544	0100000075032715215CO_MYx93EO7t
000460244363600001544	01000000750327152151IvSyY934gEf
000460244363600001544	0100000075032715215VNQ>IP93eFA2
000460244363600001544	0100000075032715215*,kUbZ937rk4
000460244363600001544	0100000075032715215N%bQM!934AK+
000460244363600001544	0100000075032715215r1TKpq93giBB
000460244363600001544	0100000075032715215tBp:7u93TC9k
000460244363600001544	0100000075032715215jA_tmf93Hk9/
000460244363600001544	0100000075032715215keQFz?93FGkb
000460244363600001544	0100000075032715215eaTu5593SCTV
000460244363600001544	0100000075032715215MOL&te93F5+r
000460244363600001544	0100000075032715215s,kDo>933MCO
000460244363600001553	0100000075032715215(_Qs.Y938Hm8
000460244363600001553	0100000075032715215;,iTR!93LR+h
000460244363600001553	0100000075032715215XryKvO9356/4
000460244363600001553	0100000075032715215:GPXCq93Ut7Y
000460244363600001553	0100000075032715215fr,-!j93dXT8
000460244363600001553	0100000075032715215-gaZrK934AyL
000460244363600001553	0100000075032715215=9ySXx937GhF
000460244363600001553	0100000075032715215F/=iWy939diQ
000460244363600001553	0100000075032715215?wcJp093HORm
000460244363600001553	0100000075032715215XqIshC93Du0l
000460244363600001553	0100000075032715215IHqLRP93Vfek
000460244363600001553	0100000075032715215ow9o!q9337Fh
000460244363600001553	0100000075032715215=)ciCj93ReZo
000460244363600001553	0100000075032715215MYQx0C93Sb2E
000460244363600001553	0100000075032715215Kkj_zt93NPb1
000460244363600001553	01000000750327152151*r9Xw931YWM
000460244363600001553	0100000075032715215HH"iRR93ybr1
000460244363600001553	01000000750327152151_Zxc/93v2qx
000460244363600001553	0100000075032715215E=VvS)93vcKQ
000460244363600001553	0100000075032715215McHzH!93f+1/
000460244363600001553	0100000075032715215okUeVZ93gQdb
000460244363600001553	0100000075032715215Nee"wt93IC7j
000460244363600001553	0100000075032715215ONrKQi93XLwn
000460244363600001553	0100000075032715215tA,(Br93Wwte
000460244363600001562	01000000750327152156SerdF93WlWz
000460244363600001562	0100000075032715215Yg4'a:939LHx
000460244363600001562	0100000075032715215MiU,v-93SYWe
000460244363600001562	0100000075032715215=;"UDI93Z1GL
000460244363600001562	0100000075032715215ULA/Rc93Gmnn
000460244363600001562	0100000075032715215'wkL)8937Ba2
000460244363600001562	0100000075032715215M,JwPP93Inl1
000460244363600001562	0100000075032715215Z6HiuD93i0AI
000460244363600001562	0100000075032715215i"k_P'9389K/
000460244363600001562	0100000075032715215!wkn2O93pXWB
000460244363600001562	0100000075032715215fFWPB;936SJD
000460244363600001562	0100000075032715215M'?LhM93Qe07
000460244363600001562	0100000075032715215uQi-)s9354CX
000460244363600001562	0100000075032715215DVMUd793Ygt9
000460244363600001562	0100000075032715215LerApJ93yLgG
000460244363600001562	0100000075032715215TXW7(-93HSsV
000460244363600001562	0100000075032715215EECcXo93gdC/
000460244363600001562	01000000750327152155/kRVE93wtgt
000460244363600001562	0100000075032715215TpO,hk93e3Xv
000460244363600001562	0100000075032715215jw.k=+93CKgN
000460244363600001562	01000000750327152157Ne&em93Yt+A
000460244363600001562	0100000075032715215TVx4F293q/1C
000460244363600001562	0100000075032715215C/7v0s93tmcP
000460244363600001562	0100000075032715215d,KUUS93jhYl
000460244363600001571	0100000075032715215bJ(i:(93zlO/
000460244363600001571	0100000075032715215Xlaoli93W9Th
000460244363600001571	0100000075032715215nC<bn<93oOMi
000460244363600001571	0100000075032715215'Wi67h93joLT
000460244363600001571	0100000075032715215!ABo(M93u4OR
000460244363600001571	0100000075032715215X?prcO93XuLV
000460244363600001571	0100000075032715215cHbdDM93I27v
000460244363600001571	0100000075032715215uOvEjf93sxNy
000460244363600001571	0100000075032715215"oE8==93bwOF
000460244363600001571	0100000075032715215sTsQW/93b1bT
000460244363600001571	0100000075032715215+66IAR93Jg+q
000460244363600001571	0100000075032715215OmSom=93WI5n
000460244363600001571	0100000075032715215BNHJSe93wVkz
000460244363600001571	0100000075032715215-SG;,S93YzvB
000460244363600001571	0100000075032715215iuf)a293dH3p
000460244363600001571	0100000075032715215k9Cldh93T3bM
000460244363600001571	0100000075032715215ZbKaiV93kimk
000460244363600001571	0100000075032715215yE0(*793JjE6
000460244363600001571	0100000075032715215dOI_5n93h+pn
000460244363600001571	0100000075032715215B6<oWq93rC5c
000460244363600001571	0100000075032715215Naqo/Y93m6pW
000460244363600001571	0100000075032715215.EqV3W93aEgF
000460244363600001571	0100000075032715215'zaJQq93nBAX
000460244363600001571	0100000075032715215_QId=Z93ypMT
000460244363600001580	0100000075032715215qSWl<-93ajE8
000460244363600001580	01000000750327152158yDfEG93Zwpj
000460244363600001580	01000000750327152153sn>O%93iA7m
000460244363600001580	0100000075032715215btSQui93n6CM
000460244363600001580	0100000075032715215Na8cZ?93tVvF
000460244363600001580	01000000750327152156hftzC93ZWop
000460244363600001580	0100000075032715215VLrsQ*9313dY
000460244363600001580	0100000075032715215MYhDjA93JL+5
000460244363600001580	0100000075032715215K=WQFR93B7DZ
000460244363600001580	0100000075032715215XZrm!H93Yhat
000460244363600001580	0100000075032715215k_sfSm93Qv5Q
000460244363600001580	0100000075032715215Etg7=693ae0V
000460244363600001580	0100000075032715215Hp_Vbm93nU+d
000460244363600001580	01000000750327152150Hwfuw93ldsr
000460244363600001580	0100000075032715215u.jHmW930q4n
000460244363600001580	0100000075032715215eoa"oR93Lmo9
000460244363600001580	0100000075032715215BRKRXK93CgnG
000460244363600001580	0100000075032715215vXygf+938OjH
000460244363600001580	0100000075032715215'IleMR93HXqq
000460244363600001580	0100000075032715215_NcW6L93dvo/
000460244363600001580	0100000075032715215Dz6HSf936Vuv
000460244363600001580	0100000075032715215WU?aA!930RHj
000460244363600001580	0100000075032715215Vms?D8933J0k
000460244363600001580	0100000075032715215dOsW4n93FVI1
000460244363600001599	01000000750327152151ad!Jz93fMx6
000460244363600001599	0100000075032715215A;m=jf93ZHbP
000460244363600001599	0100000075032715215ac/Waa93rkgS
000460244363600001599	0100000075032715215tCgROI938PDm
000460244363600001599	01000000750327152150YY<)J93U7Mc
000460244363600001599	0100000075032715215%h9IQ593XK9b
000460244363600001599	0100000075032715215(mVAi;936718
000460244363600001599	0100000075032715215vYqjQU93w21R
000460244363600001599	01000000750327152155mmOWY930wyD
000460244363600001599	0100000075032715215WKoo2J93SlDk
000460244363600001599	01000000750327152157U20WU93YjkU
000460244363600001599	0100000075032715215Jc<WZd93QC2X
000460244363600001599	0100000075032715215:NHlcB93vxxd
000460244363600001599	0100000075032715215n96Y'a938gQy
000460244363600001599	0100000075032715215aib7Nq93rgbG
000460244363600001599	0100000075032715215xS7q/A93VwwT
000460244363600001599	01000000750327152154?ZrcF93bKpm
000460244363600001599	0100000075032715215:LuKB,93BKpR
000460244363600001599	0100000075032715215IF&*r,93UuoQ
000460244363600001599	0100000075032715215,mMLI39307GC
000460244363600001599	0100000075032715215nKINJe931lPV
000460244363600001599	0100000075032715215aiQWTM93VljZ
000460244363600001599	0100000075032715215XLfCQA93QnDa
000460244363600001599	0100000075032715215mAJGjT93NW99
000460244363600001605	0100000075032715215FKJK%D93WXaU
000460244363600001605	0100000075032715215IUStra93r2X2
000460244363600001605	010000007503271521570Z*G.9386Vy
000460244363600001605	0100000075032715215l3P<W593xola
000460244363600001605	0100000075032715215kAn55h93OSXG
000460244363600001605	0100000075032715215Siji'193SNW2
000460244363600001605	0100000075032715215puVIHF93tB5C
000460244363600001605	0100000075032715215%M29yM93ngsd
000460244363600001605	0100000075032715215EIHp6a93GozE
000460244363600001605	0100000075032715215Y>QTou93Vg82
000460244363600001605	0100000075032715215Bs">.D93VoUR
000460244363600001605	0100000075032715215n3-5Uu93L7mc
000460244363600001605	0100000075032715215BBuPzk93sUtn
000460244363600001605	0100000075032715215Ck/Ji;93WVgj
000460244363600001605	0100000075032715215JLMx)D934T9J
000460244363600001605	0100000075032715215V.oxna93aq52
000460244363600001605	0100000075032715215_GW<Cm93L6C4
000460244363600001605	0100000075032715215slZSq993PYT4
000460244363600001605	0100000075032715215m6SKet93vta2
000460244363600001605	0100000075032715215Tm7B"_93flO8
000460244363600001605	0100000075032715215k8OuZ293QzeP
000460244363600001605	0100000075032715215kT:lqp93Dm4k
000460244363600001605	0100000075032715215mkhRcV93rPOE
000460244363600001605	0100000075032715215%YcJ"4930lgk
000460244363600001614	0100000075032715215lmzjpP93Mjhg
000460244363600001614	0100000075032715215'BmNtC93ey8f
000460244363600001614	0100000075032715215lVvmhy93C4jf
000460244363600001614	0100000075032715215O(08yT93TeA/
000460244363600001614	0100000075032715215X6tlqB93cz5R
000460244363600001614	0100000075032715215EHuRPr93zgDR
000460244363600001614	0100000075032715215?g!L*F934z4G
000460244363600001614	0100000075032715215Spzmpi935Pmp
000460244363600001614	0100000075032715215g*5HPU93Kbbj
000460244363600001614	0100000075032715215kMHOi493LdSb
000460244363600001614	0100000075032715215LZ>Yq/93dTU2
000460244363600001614	0100000075032715215Htpa&C93ETZY
000460244363600001614	0100000075032715215!QJFSf93A3Na
000460244363600001614	0100000075032715215QLKoLP93KHwX
000460244363600001614	0100000075032715215<bjAdS93pyWD
000460244363600001614	0100000075032715215cFnDV793OgLw
000460244363600001614	0100000075032715215Qr1nIY93F/Pv
000460244363600001614	0100000075032715215P)?qEk93VgIT
000460244363600001614	0100000075032715215sXMoln93A1Hf
000460244363600001614	0100000075032715215eyhv:g93f00J
000460244363600001614	0100000075032715215roha?B93BsK+
000460244363600001614	01000000750327152152,/geH93TVUD
000460244363600001614	0100000075032715215f%8EmL93dG6x
000460244363600001614	0100000075032715215FkTI&993tIZV
000460244363600001623	0100000075032715215:1*"a193CxjY
000460244363600001623	0100000075032715215*UqoI593af9t
000460244363600001623	0100000075032715215GoaRZH93Az3j
000460244363600001623	0100000075032715215MREcYY93iACn
000460244363600001623	01000000750327152159t%AIo93Kqz0
000460244363600001623	0100000075032715215VFo!of93CE5Q
000460244363600001623	0100000075032715215HI?RBU937Ei3
000460244363600001623	0100000075032715215fW*tNu93Z5o1
000460244363600001623	0100000075032715215OYis.193tDXT
000460244363600001623	0100000075032715215_aZUpr93ci6h
000460244363600001623	0100000075032715215QX*HPj93QaWL
000460244363600001623	0100000075032715215n(+G>C93kUov
000460244363600001623	0100000075032715215D3+MPn93+IF2
000460244363600001623	0100000075032715215+i"fPt93IEFR
000460244363600001623	0100000075032715215EZP,iQ93HR9N
000460244363600001623	0100000075032715215>wD,dv93zC/X
000460244363600001623	0100000075032715215zHa!*K934Ut7
000460244363600001623	0100000075032715215HYKsjF930yVp
000460244363600001623	0100000075032715215KYej.G936W48
000460244363600001623	0100000075032715215h=*y3%93MMov
000460244363600001623	0100000075032715215Zb*ckI9320QK
000460244363600001623	01000000750327152157YlVeP93pROl
000460244363600001623	0100000075032715215r)BxVG93C75h
000460244363600001623	0100000075032715215U4r8W&93Kqt/
000460244363600001632	0100000075032715215iYSBf)93Fe0M
000460244363600001632	0100000075032715215N'5iMG93qLww
000460244363600001632	0100000075032715215RGfio393n3pG
000460244363600001632	0100000075032715215STjchU933geZ
000460244363600001632	0100000075032715215hUZ:SR93CD7+
000460244363600001632	0100000075032715215d(wnm<93vC5N
000460244363600001632	0100000075032715215;!wS4g93aO6C
000460244363600001632	0100000075032715215)j6s(v93r02I
000460244363600001632	0100000075032715215FHib3m930ph2
000460244363600001632	0100000075032715215;htiQT93VCwQ
000460244363600001632	0100000075032715215J7iegF93yIKt
000460244363600001632	0100000075032715215gzDZEc93R2r/
000460244363600001632	0100000075032715215GN,j=Q93jMWm
000460244363600001632	0100000075032715215d_00SV93FnqJ
000460244363600001632	0100000075032715215JBsuqj93QzUj
000460244363600001632	0100000075032715215*M/GDs935ZXj
000460244363600001632	0100000075032715215nad56.93P46p
000460244363600001632	0100000075032715215aFbfw293Qugy
000460244363600001632	0100000075032715215FIV6n893Fz1b
000460244363600001632	0100000075032715215TD!blZ93+ZJg
000460244363600001632	0100000075032715215&AWtEJ93gG2M
000460244363600001632	0100000075032715215GedyJ%93dOcF
000460244363600001632	0100000075032715215qJ4ftC93B0C5
000460244363600001632	0100000075032715215qfF'i/936wLV
000460244363600001641	0100000075032715215pZFA8m933LGx
000460244363600001641	0100000075032715215,FaNSP93Qn8j
000460244363600001641	0100000075032715215"Pn:vT93wRw4
000460244363600001641	0100000075032715215/dVf<l93Tv4u
000460244363600001641	0100000075032715215wkEeD(93zy8t
000460244363600001641	0100000075032715215TBOTmv93pyrR
000460244363600001641	0100000075032715215q6lmgo934GWI
000460244363600001641	0100000075032715215llvMkJ93jKVo
000460244363600001641	01000000750327152156iY2V_93lnvo
000460244363600001641	0100000075032715215rF"=Xd93qCIj
000460244363600001641	0100000075032715215nUio*e93n09Z
000460244363600001641	0100000075032715215E-R)Vz93ZzyO
000460244363600001641	0100000075032715215eh&ffX93oLmT
000460244363600001641	0100000075032715215l;B38n93Ttzg
000460244363600001641	0100000075032715215YYGf;G93Q3YV
000460244363600001641	0100000075032715215PgdXCP93Vva1
000460244363600001641	0100000075032715215Q9FNLC93k7N+
000460244363600001641	0100000075032715215PYDHKC93uukr
000460244363600001641	0100000075032715215NUFhiS93q1oY
000460244363600001641	01000000750327152155p<rO_93iNSG
000460244363600001641	0100000075032715215iZn(9>93SzCv
000460244363600001641	0100000075032715215*gvFm=9320xr
000460244363600001641	0100000075032715215LcaF1j93ejP2
000460244363600001641	0100000075032715215SVzZk393uloR
000460244363600001650	0100000075032715215.AGNtf93Cdox
000460244363600001650	0100000075032715215KiScmB93F8BR
000460244363600001650	0100000075032715215&wI=Gn93HNcm
000460244363600001650	0100000075032715215-B9hii93V/ct
000460244363600001650	0100000075032715215kGeJ2T93ifAP
000460244363600001650	0100000075032715215lUK"fK93t1FD
000460244363600001650	0100000075032715215qfMmWo93QF7h
000460244363600001650	0100000075032715215ceYp7O93e6f1
000460244363600001650	0100000075032715215"Z5j))93W1M5
000460244363600001650	0100000075032715215Cjhs<193vM5K
000460244363600001650	01000000750327152154ubn2c93gQKZ
000460244363600001650	0100000075032715215V'Z(bn93GUs8
000460244363600001650	01000000750327152155&nj%!93RjxO
000460244363600001650	0100000075032715215uH&='393PCoX
000460244363600001650	0100000075032715215Yv&F=093qtI4
000460244363600001650	0100000075032715215RH51!J93X3mg
000460244363600001650	0100000075032715215snDtVX93AqdZ
000460244363600001650	0100000075032715215CvK4pa934nHh
000460244363600001650	0100000075032715215%+2OFI9324ld
000460244363600001650	0100000075032715215&bO%'S93n/QK
000460244363600001650	0100000075032715215+LEQqc939zco
000460244363600001650	0100000075032715215JhmbbG93p67w
000460244363600001650	01000000750327152154RqApW93G16M
000460244363600001650	0100000075032715215i-gcyh93jHtT
000460244363600001669	0100000075032715215XnI19U93Pf0p
000460244363600001669	0100000075032715215VxnpZ>93ZY0U
000460244363600001669	0100000075032715215fmnwRF934ckC
000460244363600001669	0100000075032715215UUJhcB938lAh
000460244363600001669	0100000075032715215kMOwpB93hQhC
000460244363600001669	0100000075032715215qKB&.&93qhHJ
000460244363600001669	01000000750327152157Goxls93isqS
000460244363600001669	0100000075032715215AZbd_D931jtV
000460244363600001669	0100000075032715215d7uGAQ93Cf+V
000460244363600001669	0100000075032715215MPE"/493Xz1y
000460244363600001669	0100000075032715215pv88_C93cLyx
000460244363600001669	0100000075032715215QbAiSQ93pg5f
000460244363600001669	0100000075032715215kirQMi93ms8m
000460244363600001669	0100000075032715215rzk?rN939xnr
000460244363600001669	0100000075032715215PHGztP933oK7
000460244363600001669	0100000075032715215OEAge893pLW3
000460244363600001669	0100000075032715215=X,PCN93hxVS
000460244363600001669	0100000075032715215Iqmb8e936FN5
000460244363600001669	0100000075032715215q3GPPn93ison
000460244363600001669	0100000075032715215gX:ILh93eye5
000460244363600001669	01000000750327152154a*PYE93kxaB
000460244363600001669	0100000075032715215&H(Nym93F4NR
000460244363600001669	0100000075032715215_iLWMt93fo/3
000460244363600001669	0100000075032715215(VjsEW93mq0G
000460244363600001678	0100000075032715215IK-/Pc93y0Lr
000460244363600001678	0100000075032715215eNAt0S93Lu27
000460244363600001678	0100000075032715215!gDV<s93t5f/
000460244363600001678	0100000075032715215kc(NMJ93Kwxb
000460244363600001678	0100000075032715215&y)!Hq93yuwn
000460244363600001678	0100000075032715215enoPA%93I2iT
000460244363600001678	0100000075032715215;Rp+>q93Sp5n
000460244363600001678	0100000075032715215,n5mG993Jy4p
000460244363600001678	0100000075032715215mD.c<?93JRFm
000460244363600001678	0100000075032715215Yr0evH93mCs4
000460244363600001678	0100000075032715215jN?F6O931+eZ
000460244363600001678	0100000075032715215hZ%ZNA93AMno
000460244363600001678	01000000750327152156T/F(D931ZR9
000460244363600001678	0100000075032715215etvXXy93NfWG
000460244363600001678	0100000075032715215M<bX-U93pKX/
000460244363600001678	0100000075032715215m1"!jp93b198
000460244363600001678	0100000075032715215gl/PkD930gSO
000460244363600001678	0100000075032715215vpKtmp93KJ1t
000460244363600001678	0100000075032715215ubrnSf93GsTz
000460244363600001678	0100000075032715215LpXah!933NOm
000460244363600001678	0100000075032715215*lAQST934+vE
000460244363600001678	0100000075032715215BeAIP:93m8P8
000460244363600001678	0100000075032715215MoxPvB93gFcD
000460244363600001678	0100000075032715215De,Gqq93iMeW
000460244363600001687	0100000075032715215PB&jRZ93NTaT
000460244363600001687	0100000075032715215EMG>yn93Xrk6
000460244363600001687	0100000075032715215qE%5ZB930xWP
000460244363600001687	0100000075032715215KsM?hu93Neaf
000460244363600001687	0100000075032715215Yt<St6939Y/E
000460244363600001687	0100000075032715215>v8b4B93+yJl
000460244363600001687	0100000075032715215Y5_K0s93daz0
000460244363600001687	01000000750327152152ZQ*Bm93Fgq+
000460244363600001687	0100000075032715215TjaFF<93lwZR
000460244363600001687	0100000075032715215jWLYpN93p7HB
000460244363600001687	0100000075032715215BYr:G!93aiJl
000460244363600001687	0100000075032715215JR%8oX93gwxI
000460244363600001687	010000007503271521522j,-493+AVD
000460244363600001687	0100000075032715215ILA5<6932o+m
000460244363600001687	0100000075032715215A-l6Ax93uqj9
000460244363600001687	0100000075032715215kua(Co93djHj
000460244363600001687	0100000075032715215)>yQGI937hCE
000460244363600001687	0100000075032715215sr6m;593twqq
000460244363600001687	0100000075032715215dpPfMT93DKgb
000460244363600001687	0100000075032715215HzcZxy93rIHM
000460244363600001687	0100000075032715215jWcY:H93QR/P
000460244363600001687	0100000075032715215WWcsjc93usZS
000460244363600001687	0100000075032715215-?I9lc93jhyU
000460244363600001687	01000000750327152153IF(/Q93sTo0
000460244363600001696	0100000075032715215OdW4j(93tzrN
000460244363600001696	0100000075032715215rTLfc.93xDyz
000460244363600001696	0100000075032715215XHmKRX934nuw
000460244363600001696	0100000075032715215RZqXHA93ooF7
000460244363600001696	01000000750327152153pdlzF939WK5
000460244363600001696	0100000075032715215o.Ryt?93+VWT
000460244363600001696	0100000075032715215s)hkep93T+c0
000460244363600001696	0100000075032715215dYmW2n93Kayc
000460244363600001696	0100000075032715215tFzXBo93HTnz
000460244363600001696	0100000075032715215/SU!s_93iSPI
000460244363600001696	0100000075032715215ltXL+393GLbQ
000460244363600001696	0100000075032715215aAlLT,93qkb6
000460244363600001696	0100000075032715215=a8o6X93nDTi
000460244363600001696	01000000750327152158GCWrB93S19m
000460244363600001696	0100000075032715215Vp4=2U938KgY
000460244363600001696	0100000075032715215)cVkQa93mp6K
000460244363600001696	0100000075032715215ZaD2dJ93IZrH
000460244363600001696	0100000075032715215K2nUqd93GhJj
000460244363600001696	0100000075032715215zEBH%s93Jzx9
000460244363600001696	0100000075032715215bOrbTc93Q1I+
000460244363600001696	0100000075032715215&dSGYk93O5mX
000460244363600001696	0100000075032715215UFsJFL93M5nL
000460244363600001696	0100000075032715215TkhD)>93lE5u
000460244363600001696	0100000075032715215oICcsf93ublS
000460244363600001702	0100000075032715215&MMDHZ938h9y
000460244363600001702	0100000075032715215qqc6EB93lCAJ
000460244363600001702	0100000075032715215EEsdtK93t05+
000460244363600001702	0100000075032715215erI,'?931UKg
000460244363600001702	0100000075032715215QmqMh.931tad
000460244363600001702	0100000075032715215a/tDtU933sOn
000460244363600001702	0100000075032715215fvUdKO93fAyM
000460244363600001702	0100000075032715215OsrU,Z93bYS6
000460244363600001702	0100000075032715215C/Ho+o93o3+S
000460244363600001702	0100000075032715215Sfch:*93+Izy
000460244363600001702	0100000075032715215uNhXgg93JZzO
000460244363600001702	01000000750327152150q73+Z93XaFn
000460244363600001702	0100000075032715215t;VfjI93R3Jl
000460244363600001702	0100000075032715215%%MaRW93hhS4
000460244363600001702	0100000075032715215>WC9l)93GltK
000460244363600001702	0100000075032715215trfl8%93rEo0
000460244363600001702	0100000075032715215AOdbjC93Bc3m
000460244363600001702	0100000075032715215zcwf+M93zCdM
000460244363600001702	0100000075032715215k8wfNo93eUo2
000460244363600001702	0100000075032715215E_BMMz93a88G
000460244363600001702	0100000075032715215QB!SRn93RUXt
000460244363600001702	0100000075032715215C*VUQN93G1bP
000460244363600001702	0100000075032715215"jqogz93WScQ
000460244363600001702	0100000075032715215VJV3Wd933wat
000460244363600001711	0100000075032715215=h*iRp93sTpA
000460244363600001711	0100000075032715215jiUdHE93ZBcr
000460244363600001711	0100000075032715215qI%1Gk93ffrZ
000460244363600001711	0100000075032715215iB18eU93XeKb
000460244363600001711	0100000075032715215c1W)rH9339/X
000460244363600001711	0100000075032715215YE6_G793kshd
000460244363600001711	0100000075032715215pETtR:930RBZ
000460244363600001711	01000000750327152151F)6z)93TJx6
000460244363600001711	0100000075032715215pc%9ll93BILm
000460244363600001711	0100000075032715215ALf?J_93OCUG
000460244363600001711	0100000075032715215&CcoYG93b7ok
000460244363600001711	0100000075032715215/GHPlw93QqIV
000460244363600001711	0100000075032715215O:n;tO93zGjq
000460244363600001711	0100000075032715215VoUVer93m39x
000460244363600001711	0100000075032715215LA_IYi93ACa3
000460244363600001711	0100000075032715215(<o"?d93gpdD
000460244363600001711	0100000075032715215fo+nh.93fOvn
000460244363600001711	0100000075032715215hf&)4F938rH1
000460244363600001711	0100000075032715215VCANjr939VgX
000460244363600001711	0100000075032715215fYPFVU93RbwD
000460244363600001711	0100000075032715215_KmzFT93Xa+r
000460244363600001711	01000000750327152152BEben93rXIO
000460244363600001711	0100000075032715215Plla7p9341fc
000460244363600001711	0100000075032715215'7;bLz93baFO
000460244363600001720	0100000075032715215QKp-AH93UWxd
000460244363600001720	0100000075032715215mGFr4l93pbdw
000460244363600001720	0100000075032715215_ZDavg93CwQe
000460244363600001720	0100000075032715215%jZ'BJ93EwTD
000460244363600001720	0100000075032715215QcRFDu931Yej
000460244363600001720	0100000075032715215EYhtBT93nsfQ
000460244363600001720	01000000750327152151QQLnF93Ikby
000460244363600001720	0100000075032715215mQ%?W-939D/U
000460244363600001720	0100000075032715215mjVcWa93/74t
000460244363600001720	0100000075032715215hYEjXH93hopK
000460244363600001720	0100000075032715215f&Mae.93dzFP
000460244363600001720	0100000075032715215fLqcLG93NPMm
000460244363600001720	01000000750327152159MIsTY93DTCq
000460244363600001720	0100000075032715215NfYcdA933SU3
000460244363600001720	0100000075032715215ib..PF93r2WP
000460244363600001720	0100000075032715215iSGAQ)933SYF
000460244363600001720	0100000075032715215Djdudy93j93H
000460244363600001720	0100000075032715215ALBvA"93/Tpd
000460244363600001720	0100000075032715215f++KD<93nte9
000460244363600001720	0100000075032715215IXgPXF935LjV
000460244363600001720	0100000075032715215YVmHsH93+Qi1
000460244363600001720	0100000075032715215U+q.(H93unRB
000460244363600001720	01000000750327152151JmanN93YEJ7
000460244363600001720	0100000075032715215H'EWSa93Uuyr
000460244363600001739	01000000750327152154K?JVv931Gar
000460244363600001739	01000000750327152158J,YSM93rzq8
000460244363600001739	0100000075032715215HEBT>S93YgqI
000460244363600001739	0100000075032715215x<Pms(93nTuw
000460244363600001739	0100000075032715215ly=%%j93rXeM
000460244363600001739	0100000075032715215.U;DhF93sscT
000460244363600001739	0100000075032715215(fEReq93R6J+
000460244363600001739	0100000075032715215LH1h.193o05H
000460244363600001739	0100000075032715215?hGNb293heNZ
000460244363600001739	0100000075032715215maB3py93UrHB
000460244363600001739	0100000075032715215Mq7agx93xDvV
000460244363600001739	0100000075032715215dYuPRp93HYC7
000460244363600001739	0100000075032715215VgZX3G93AKUN
000460244363600001739	0100000075032715215BBik(o93uWoB
000460244363600001739	0100000075032715215K8t_0R938bI9
000460244363600001739	0100000075032715215ibbNNW93woZy
000460244363600001739	0100000075032715215CTLZK<93XCUw
000460244363600001739	01000000750327152158Y1%Qi935C3a
000460244363600001739	01000000750327152154v+iD'93Vidk
000460244363600001739	0100000075032715215_0.T9/93/eJD
000460244363600001739	0100000075032715215<ESthQ933UzP
000460244363600001739	0100000075032715215REAIDo93btPz
000460244363600001739	0100000075032715215KcGGKj93GhI4
000460244363600001739	01000000750327152151.D0lp933uyj
000460244363600001748	010000007503271521528kMC!93kdCO
000460244363600001748	0100000075032715215dGtY=L93uAom
000460244363600001748	0100000075032715215C"y7!f93KvFi
000460244363600001748	0100000075032715215P8AkmU93VR9z
000460244363600001748	01000000750327152156SAqP-93I0QH
000460244363600001748	0100000075032715215ZlzljQ93wVqN
000460244363600001748	0100000075032715215YSVgW693Z4RY
000460244363600001748	0100000075032715215u6dgI393H3M5
000460244363600001748	0100000075032715215YmLu.A93XhRs
000460244363600001748	0100000075032715215;Vl)Nh93jqn6
000460244363600001748	0100000075032715215ktsBr=9336R3
000460244363600001748	0100000075032715215R*fmY<93ZlU6
000460244363600001748	0100000075032715215g5aqYU935RzQ
000460244363600001748	0100000075032715215Pk0D-J93Koo1
000460244363600001748	01000000750327152157Q*DCs934kEo
000460244363600001748	0100000075032715215dY8TVY93Ap+n
000460244363600001748	0100000075032715215cmhJKE93/jvP
000460244363600001748	0100000075032715215"qiIG&93UG8M
000460244363600001748	0100000075032715215li3tfb93B3GQ
000460244363600001748	0100000075032715215XDHhK=93clyp
000460244363600001748	0100000075032715215eYEnyP93nGld
000460244363600001748	0100000075032715215:TsRC293gSQb
000460244363600001748	0100000075032715215mt9lNO93ycv9
000460244363600001748	0100000075032715215WpZ+7r93e0B6
000460244363600001757	0100000075032715215P6B,w693ynGF
000460244363600001757	0100000075032715215p9l<dT933ceI
000460244363600001757	0100000075032715215E2bk:h93RIIO
000460244363600001757	0100000075032715215,CY3nH939tkk
000460244363600001757	0100000075032715215FNi1VB9340Kj
000460244363600001757	0100000075032715215Arb+5193NeAy
000460244363600001757	0100000075032715215tafrGc93nkxM
000460244363600001757	0100000075032715215JOa+FN93Fbcf
000460244363600001757	0100000075032715215DB06mc93R/rM
000460244363600001757	0100000075032715215rbkoYS93wYbC
000460244363600001757	0100000075032715215qZQiOI93yGNq
000460244363600001757	0100000075032715215mbU4';93Gzlx
000460244363600001757	01000000750327152155N:U2k93Y3t6
000460244363600001757	0100000075032715215Dp6pLV93srLE
000460244363600001757	0100000075032715215UtLOwb93LdgH
000460244363600001757	0100000075032715215F!ipCk93VR+7
000460244363600001757	0100000075032715215C7a%+t93f/yx
000460244363600001757	0100000075032715215TmI+q!93MXhP
000460244363600001757	0100000075032715215QIpGfK93vXge
000460244363600001757	0100000075032715215Uft?Hj93nr99
000460244363600001757	0100000075032715215ZLklog93VcAW
000460244363600001757	0100000075032715215&-1Omd936vO2
000460244363600001757	0100000075032715215RdKIOa93LdlG
000460244363600001757	0100000075032715215cHDkr/93QUHl
000460244363600001766	0100000075032715215pajBFK93ITYX
000460244363600001766	0100000075032715215DCRRys93P02C
000460244363600001766	0100000075032715215BA;uJH937MXF
000460244363600001766	0100000075032715215KdN6Ht93zmjn
000460244363600001766	0100000075032715215?OK;Rk93k09Q
000460244363600001766	0100000075032715215Y-kFhl93E3Tg
000460244363600001766	0100000075032715215CTXOF;93TjAP
000460244363600001766	0100000075032715215IObeOd932KDH
000460244363600001766	0100000075032715215kDGrKm93QW7g
000460244363600001766	0100000075032715215WuihEt93eaqZ
000460244363600001766	0100000075032715215IjqI9Z93xQ0g
000460244363600001766	0100000075032715215RM4zHn933Fka
000460244363600001766	0100000075032715215F1X!EB93l10R
000460244363600001766	0100000075032715215,YqRmM93UoxF
000460244363600001766	0100000075032715215?EAF5o93aqJe
000460244363600001766	0100000075032715215PW4DuM93x/hy
000460244363600001766	01000000750327152155lXi<I931XGF
000460244363600001766	0100000075032715215;oFQnw93Zfcd
000460244363600001766	0100000075032715215f,XuOh934cbW
000460244363600001766	0100000075032715215KyQHTE938QVf
000460244363600001766	0100000075032715215FnVAYl93ekr1
000460244363600001766	0100000075032715215WzzKtR93eTzP
000460244363600001766	0100000075032715215eEYr,893p3mu
000460244363600001766	01000000750327152155F&PnB93pjAY
000460244363600001775	0100000075032715215fHuN)%93Xnpn
000460244363600001775	0100000075032715215fP3biM93YQb3
000460244363600001775	0100000075032715215TlRsZ%93bdCq
000460244363600001775	0100000075032715215GcPoYo93FVvs
000460244363600001775	0100000075032715215eH)d<(9356Zk
000460244363600001775	01000000750327152156'BwNs931mtt
000460244363600001775	0100000075032715215oDmGpS934wC6
000460244363600001775	0100000075032715215GpJ%9!93gZwG
000460244363600001775	0100000075032715215uh,Wsv93D1wX
000460244363600001775	0100000075032715215OGDLtj93iz3f
000460244363600001775	0100000075032715215Buql_f93Lh/+
000460244363600001775	0100000075032715215Kj(pCP93/5om
000460244363600001775	0100000075032715215zlY'fa93ZeGz
000460244363600001775	0100000075032715215obKHPs93eiGY
000460244363600001775	0100000075032715215DomWZv93RV4s
000460244363600001775	0100000075032715215Vcm(sR93d7hH
000460244363600001775	0100000075032715215ZdO19X93nVXN
000460244363600001775	0100000075032715215c%0ob_93XUFZ
000460244363600001775	0100000075032715215IQMlEa93hXb2
000460244363600001775	0100000075032715215CaX/%r93Db/s
000460244363600001775	0100000075032715215lChMfo93NvUa
000460244363600001775	0100000075032715215EvWyeg93eGxq
000460244363600001775	0100000075032715215kDu1a-93itrf
000460244363600001775	01000000750327152157pVXgF93BNvp
000460244363600001784	0100000075032715215SCcRL<93t/np
000460244363600001784	0100000075032715215VG:XMc93Roib
000460244363600001784	0100000075032715215Y,3lda93EJ+2
000460244363600001784	0100000075032715215_Ss=)k93Iz91
000460244363600001784	0100000075032715215mc'-Bd93YRLP
000460244363600001784	0100000075032715215UiZcuD93hnF9
000460244363600001784	0100000075032715215/.ffu:93m0En
000460244363600001784	0100000075032715215!9IIT_93En73
000460244363600001784	01000000750327152159qQJHg935nPX
000460244363600001784	0100000075032715215EGrqvl93NR8D
000460244363600001784	0100000075032715215aSkeLO93cJu3
000460244363600001784	0100000075032715215oeH&L5933ESZ
000460244363600001784	0100000075032715215b=h%4c93Xi+u
000460244363600001784	0100000075032715215GM9yql93aMK8
000460244363600001784	0100000075032715215Vx0lg_93ROlo
000460244363600001784	0100000075032715215RtSlUH935xa3
000460244363600001784	01000000750327152153HR7Xj93GaK+
000460244363600001784	0100000075032715215o_VlSp93jbHT
000460244363600001784	0100000075032715215ZkTga*93jX8k
000460244363600001784	0100000075032715215D<;KL!93x176
000460244363600001784	0100000075032715215S<.K5S938d3X
000460244363600001784	0100000075032715215%k7&1W93Wdaa
000460244363600001784	0100000075032715215Jq3Ci(93xq71
000460244363600001784	0100000075032715215;eYpTl93mguh
000460244363600001793	0100000075032715215l:6UCn93F9J6
000460244363600001793	0100000075032715215fOeclw93KalL
000460244363600001793	0100000075032715215TgVYim93no58
000460244363600001793	0100000075032715215ZQUFfL939Q+U
000460244363600001793	0100000075032715215f(-Pz'93aExo
000460244363600001793	0100000075032715215AXqkX=93+MRO
000460244363600001793	0100000075032715215'nnQV793/yDY
000460244363600001793	0100000075032715215PM=ngn93dZSm
000460244363600001793	0100000075032715215YCnTNm93Vx7z
000460244363600001793	0100000075032715215CZKBp"93fGme
000460244363600001793	0100000075032715215kj+GSd93+fxJ
000460244363600001793	0100000075032715215J)*DpP93qR5R
000460244363600001793	0100000075032715215t(tqf)93n5Vl
000460244363600001793	0100000075032715215iffQ3T9311Ng
000460244363600001793	0100000075032715215EYa%KY93ho0l
000460244363600001793	01000000750327152157x;IJE93jB2j
000460244363600001793	0100000075032715215gS'q=n93pHpS
000460244363600001793	0100000075032715215S4giYw93UZoe
000460244363600001793	0100000075032715215F_aodE93GX/t
000460244363600001793	0100000075032715215xlrshg93KEip
000460244363600001793	01000000750327152155CBh'993OrP5
000460244363600001793	0100000075032715215GNf_GE93DqX7
000460244363600001793	0100000075032715215n+Et4j93udN3
000460244363600001793	0100000075032715215KOtM_o931RP6
000460244363600001809	0100000075032715215ozV!tO93hBia
000460244363600001809	0100000075032715215j6BZjO93i+LQ
000460244363600001809	0100000075032715215n7v_VQ93npYl
000460244363600001809	0100000075032715215_%rnTF938zrD
000460244363600001809	0100000075032715215.q-61F93Cnqh
000460244363600001809	0100000075032715215_igUW4930e9z
000460244363600001809	0100000075032715215RErM)g93lsCC
000460244363600001809	0100000075032715215yObDwP93d+1N
000460244363600001809	0100000075032715215W6CqH)93HNqG
000460244363600001809	0100000075032715215MQiQL?933ZAf
000460244363600001809	0100000075032715215gw?bed93QJfv
000460244363600001809	0100000075032715215c2U8e>93KlL5
000460244363600001809	0100000075032715215N>,Bo=93sFM3
000460244363600001809	0100000075032715215)8W)VU93mPoN
000460244363600001809	0100000075032715215MHnOo%93kiFJ
000460244363600001809	0100000075032715215HP,NOZ93xqaL
000460244363600001809	0100000075032715215Z)GI:C93uoL5
000460244363600001809	0100000075032715215NcYaTk939ud8
000460244363600001809	0100000075032715215VN.ggx937GRJ
000460244363600001809	0100000075032715215R0n"e593Z+Fl
000460244363600001809	0100000075032715215.pemPe93G3u2
000460244363600001809	010000007503271521584enI>93pwfC
000460244363600001809	0100000075032715215Pr9,Bb935XGi
000460244363600001809	0100000075032715215H<&r*N93Qe9Y
000460244363600001818	0100000075032715215Q+FdcU93ybis
000460244363600001818	0100000075032715215M'NOgK93Fvzv
000460244363600001818	0100000075032715215WfKJV693j0eo
000460244363600001818	0100000075032715215!1XK)F93U7za
000460244363600001818	0100000075032715215cRu/PC93XHHW
000460244363600001818	0100000075032715215bNdHad93odf6
000460244363600001818	0100000075032715215bsuIVs932muz
000460244363600001818	0100000075032715215e05)it93A8gr
000460244363600001818	0100000075032715215gK5Sed93rZKv
000460244363600001818	0100000075032715215agVxSC937DOd
000460244363600001818	0100000075032715215eCsNbX93ib9V
000460244363600001818	0100000075032715215f5Y!_K93Z8Tl
000460244363600001818	0100000075032715215Wnfr(!93stKE
000460244363600001818	0100000075032715215c-SWhZ93rmLJ
000460244363600001818	0100000075032715215EoBNmN93kICa
000460244363600001818	0100000075032715215MgYD;L931C07
000460244363600001818	0100000075032715215yODcAn936oqI
000460244363600001818	0100000075032715215&Nmome93RPSH
000460244363600001818	0100000075032715215"B3MJS93vxJA
000460244363600001818	0100000075032715215oThpT*93afBJ
000460244363600001818	0100000075032715215!7tmI293rGNT
000460244363600001818	01000000750327152155AB)IM93oVs/
000460244363600001818	0100000075032715215Lt1Jbi93pjTU
000460244363600001818	0100000075032715215N_!aK=936W2w
000460244363600001827	0100000075032715215X_ER8)931fRv
000460244363600001827	0100000075032715215>qIK3=93piY8
000460244363600001827	0100000075032715215bu_olU93HVRx
000460244363600001827	0100000075032715215LaVW5v93T2VL
000460244363600001827	0100000075032715215VTUkCj93flg8
000460244363600001827	01000000750327152153YT%6g93xtbO
000460244363600001827	0100000075032715215LjUi6e93KkdL
000460244363600001827	0100000075032715215Sg)c;b93fCgt
000460244363600001827	01000000750327152158bBlKo93Ib67
000460244363600001827	0100000075032715215&.)Hlb937kxz
000460244363600001827	0100000075032715215n)XVk'93XljE
000460244363600001827	0100000075032715215(IPRDB93nDUB
000460244363600001827	0100000075032715215EgXJZb93Uayj
000460244363600001827	0100000075032715215ovQ/d,93gzb+
000460244363600001827	0100000075032715215MnKE,E93drae
000460244363600001827	0100000075032715215AhsFg693lZxB
000460244363600001827	0100000075032715215JYSY?,93ppEJ
000460244363600001827	0100000075032715215:Xj/eT93vFik
000460244363600001827	0100000075032715215*epnOC93qQOp
000460244363600001827	0100000075032715215LaiOX<93k/3D
000460244363600001827	0100000075032715215EkZmGN938ywo
000460244363600001827	0100000075032715215KnU4AC93hulf
000460244363600001827	0100000075032715215jWFuaD93rteK
000460244363600001827	0100000075032715215h*XJhy93p2Fn
000460244363600001836	01000000750327152157SNb_R938FEv
000460244363600001836	0100000075032715215ysE"Ix93kNxG
000460244363600001836	0100000075032715215A0M?YD9302vR
000460244363600001836	0100000075032715215cCG'X?93+o5r
000460244363600001836	0100000075032715215NDFkMi93H+XH
000460244363600001836	0100000075032715215eE0.U693ONAr
000460244363600001836	0100000075032715215XcU7qF93Bpt4
000460244363600001836	0100000075032715215JtQ&A?93ogrH
000460244363600001836	0100000075032715215GX%DVD93/hV/
000460244363600001836	0100000075032715215aKjDeW93vtne
000460244363600001836	01000000750327152155tAJ,N93bbAs
000460244363600001836	01000000750327152159Peg,i93HxXV
000460244363600001836	0100000075032715215tDk_Vl93NJPP
000460244363600001836	0100000075032715215r8Y)lo93bZW+
000460244363600001836	0100000075032715215NNrnlq93kFKv
000460244363600001836	0100000075032715215sxqMba93b24O
000460244363600001836	0100000075032715215oyOUf/935g7v
000460244363600001836	0100000075032715215o!ET%i935MXN
000460244363600001836	0100000075032715215QDh7Df93aCdl
000460244363600001836	0100000075032715215dtrGfE93aWBF
000460244363600001836	0100000075032715215!>&C1C93fGWQ
000460244363600001836	0100000075032715215?Uduig93FCMA
000460244363600001836	0100000075032715215iCkq!a93dKhf
000460244363600001836	0100000075032715215fYgFZr93tXYO
000460244363600001845	0100000075032715215QH;sDT93oPNl
000460244363600001845	0100000075032715215DUkMtf93Rgbn
000460244363600001845	0100000075032715215v5?P+V93DfAp
000460244363600001845	0100000075032715215ioD:ZB93IVVu
000460244363600001845	0100000075032715215bD?dK893UarI
000460244363600001845	0100000075032715215v/rfES93PfQf
000460244363600001845	0100000075032715215NMN-3>93m42B
000460244363600001845	01000000750327152154LyOS=93Q3Z4
000460244363600001845	0100000075032715215Dv_NHQ93iuWB
000460244363600001845	0100000075032715215JahPE_93I63g
000460244363600001845	0100000075032715215eTG)qr93qPPB
000460244363600001845	0100000075032715215m=XvxW93ILpd
000460244363600001845	0100000075032715215Y74,Rx93rhiq
000460244363600001845	0100000075032715215ScMKMM93Vlve
000460244363600001845	0100000075032715215Zk/YHe93Tl7D
000460244363600001845	0100000075032715215KX!UNE939zF2
000460244363600001845	0100000075032715215-JWC6G93rePq
000460244363600001845	01000000750327152158)SBVH93Ye2z
000460244363600001845	0100000075032715215n>EOSo935rTf
000460244363600001845	0100000075032715215l0R74W931KxE
000460244363600001845	0100000075032715215;UVSKc93ap08
000460244363600001845	0100000075032715215>FIdrC93NAzs
000460244363600001845	0100000075032715215TDTVoX9389pF
000460244363600001845	010000007503271521522ixlD93t5Wg
000460244363600001854	0100000075032715215S*GpI*93v+Lg
000460244363600001854	0100000075032715215bv;Nur93ZwGw
000460244363600001854	0100000075032715215jnCQb'93vhjq
000460244363600001854	0100000075032715215QVtYo.9389eW
000460244363600001854	0100000075032715215be&WKR93xoB1
000460244363600001854	0100000075032715215KcpmZs93bGmj
000460244363600001854	0100000075032715215PP>qVg93g967
000460244363600001854	0100000075032715215I_X/EH93Xgyz
000460244363600001854	0100000075032715215Wkp0Nn937kko
000460244363600001854	0100000075032715215dMJIfJ93jqcK
000460244363600001854	0100000075032715215lpNBTU930M0i
000460244363600001854	0100000075032715215PDRLGu93v1je
000460244363600001854	0100000075032715215Q)7KU=93fXwr
000460244363600001854	0100000075032715215yAIXB093G+wA
000460244363600001854	0100000075032715215(dpsi?93D+L+
000460244363600001854	0100000075032715215&UAu7n93Ha/U
000460244363600001854	0100000075032715215Od,jab93dvMw
000460244363600001854	0100000075032715215f>XLkI93VH6c
000460244363600001854	0100000075032715215*kDKPd93fffr
000460244363600001854	0100000075032715215kPffat93kbh2
000460244363600001854	0100000075032715215iF_g*B93FGsX
000460244363600001854	0100000075032715215IZIWSm93x9+Z
000460244363600001854	0100000075032715215)VSFPX939p/4
000460244363600001854	0100000075032715215eYeI6R93bfSp
000460244363600001863	01000000750327152150GoIrE93cDCT
000460244363600001863	0100000075032715215*VKA?v932WYe
000460244363600001863	0100000075032715215SR?_gc932OFY
000460244363600001863	0100000075032715215ln7bBX939rCQ
000460244363600001863	0100000075032715215FTbGkl93urPa
000460244363600001863	01000000750327152153b=eCD93CQZY
000460244363600001863	0100000075032715215r<EqBw93XNV3
000460244363600001863	0100000075032715215LZEh%N93kYMi
000460244363600001863	0100000075032715215&3jmr,93ybOm
000460244363600001863	0100000075032715215pVH!kh93AKDy
000460244363600001863	01000000750327152154Q'-,S93Vvbm
000460244363600001863	0100000075032715215L:tVJD93GBD3
000460244363600001863	0100000075032715215vfRrhi93dKXS
000460244363600001863	01000000750327152156Q5Mrd936KFZ
000460244363600001863	0100000075032715215eE4gfk93l3Ge
000460244363600001863	0100000075032715215aohkwE93xgza
000460244363600001863	0100000075032715215btU.9p93aXtV
000460244363600001863	0100000075032715215EN7mmQ935NBA
000460244363600001863	0100000075032715215yYTASq93X2TM
000460244363600001863	0100000075032715215.BX_,C93ESa9
000460244363600001863	0100000075032715215-s>q7+932/8j
000460244363600001863	0100000075032715215dlhiNf93Sdc5
000460244363600001863	0100000075032715215AZ0bIz93qXS3
000460244363600001863	0100000075032715215/k*oll93y24z
000460244363600001872	0100000075032715215LGH8uh93p/s6
000460244363600001872	0100000075032715215AjKjrt93bt4A
000460244363600001872	0100000075032715215SjSzCj93b9Li
000460244363600001872	0100000075032715215pDFfuP93+l7n
000460244363600001872	0100000075032715215aOQdQK93+QZu
000460244363600001872	0100000075032715215!LNoT'937W5L
000460244363600001872	01000000750327152151H<THI939A/Y
000460244363600001872	0100000075032715215.DCRo<93VJoL
000460244363600001872	0100000075032715215w+wurr93gvNO
000460244363600001872	0100000075032715215XNSk3T93U1PI
000460244363600001872	0100000075032715215bXrBXj93yE52
000460244363600001872	0100000075032715215UZVgR2933x3/
000460244363600001872	0100000075032715215NY-Qr)93Rb7Z
000460244363600001872	01000000750327152156cKtX;93FXFu
000460244363600001872	0100000075032715215xg;5Mj93CF8Y
000460244363600001872	0100000075032715215WZUGR593w9/Y
000460244363600001872	0100000075032715215'TxJ2N93uRRc
000460244363600001872	0100000075032715215ZrTN+,93kteM
000460244363600001872	0100000075032715215b2dAbz93VXHs
000460244363600001872	01000000750327152156of.1v934VrU
000460244363600001872	0100000075032715215g!ti*C93Ormn
000460244363600001872	0100000075032715215X<O38i932fGC
000460244363600001872	0100000075032715215rNhss>93HZWO
000460244363600001872	0100000075032715215zQG;yx93woqM
000460244363600001881	0100000075032715215gVoAIc93sscE
000460244363600001881	0100000075032715215AZPfII93+Ssx
000460244363600001881	0100000075032715215'BJYAU935+8b
000460244363600001881	0100000075032715215FGRu(m93GGfh
000460244363600001881	0100000075032715215P9Zk1)93tcsr
000460244363600001881	0100000075032715215>qc4,D93Vc7h
000460244363600001881	01000000750327152150lhc;I93C4ry
000460244363600001881	0100000075032715215nM6m6n931aq3
000460244363600001881	0100000075032715215W'rVL+93hFVB
000460244363600001881	01000000750327152158ro3;B93dv7X
000460244363600001881	01000000750327152152YSaUD93T0sN
000460244363600001881	01000000750327152151VmPsU930Sk1
000460244363600001881	0100000075032715215-r!S"/93hBKf
000460244363600001881	0100000075032715215pZOQbE93f/n9
000460244363600001881	0100000075032715215I1o0b,93bd0p
000460244363600001881	0100000075032715215HiNj;493k13z
000460244363600001881	0100000075032715215aadiAN93GbGw
000460244363600001881	0100000075032715215yTKVBQ932Oha
000460244363600001881	0100000075032715215M3UgBr93tggt
000460244363600001881	0100000075032715215Ep6!%f93jxWm
000460244363600001881	0100000075032715215cSr%F3931TRm
000460244363600001881	0100000075032715215FaZTZs93rWVP
000460244363600001881	0100000075032715215o2CPX093sJYT
000460244363600001881	0100000075032715215*gB3f>93b0eC
000460244363600001890	0100000075032715215M0-aWI93lKe+
000460244363600001890	0100000075032715215Zb;2:s93mI5A
000460244363600001890	0100000075032715215mV4ITQ93IMOx
000460244363600001890	010000007503271521572Uga%93P672
000460244363600001890	0100000075032715215Ysq*%;93DuPW
000460244363600001890	0100000075032715215UUH0Iu93H1xH
000460244363600001890	0100000075032715215vptzYK93+d0L
000460244363600001890	0100000075032715215ichpdD93IgPE
000460244363600001890	0100000075032715215oKUS,o93d3L4
000460244363600001890	0100000075032715215)gn,LL93HpOH
000460244363600001890	0100000075032715215y1QYge93w40S
000460244363600001890	0100000075032715215qHtr,P93Dyyj
000460244363600001890	0100000075032715215rvNKdN93SL4H
000460244363600001890	0100000075032715215G%iZng935qj3
000460244363600001890	0100000075032715215l:I:)V932Hbi
000460244363600001890	0100000075032715215Vf2GE(93ue0y
000460244363600001890	0100000075032715215CfpTTt93BFEm
000460244363600001890	0100000075032715215OI,WAL93aTsr
000460244363600001890	0100000075032715215bo%I>:93+KF/
000460244363600001890	0100000075032715215jyeFtM93+uOj
000460244363600001890	0100000075032715215m4GH<s939zAy
000460244363600001890	0100000075032715215geIBA193eJGg
000460244363600001890	0100000075032715215tDeTuQ93LkC3
000460244363600001890	0100000075032715215j8exhM93T6xF
000460244363600001906	0100000075032715215G'Y'o:93X1Am
000460244363600001906	0100000075032715215Z!IDkx93gp4M
000460244363600001906	0100000075032715215zURkkj93B6X/
000460244363600001906	0100000075032715215rH.F&E93CQIe
000460244363600001906	0100000075032715215e5K1T(93ViQz
000460244363600001906	0100000075032715215/tDjZE93axlX
000460244363600001906	0100000075032715215Q08+Sr93AB14
000460244363600001906	0100000075032715215nmWeTz93N/8C
000460244363600001906	0100000075032715215'y8CVs93X7cl
000460244363600001906	0100000075032715215C0PKfS93XUx8
000460244363600001906	0100000075032715215dWb9Tw93O5qh
000460244363600001906	0100000075032715215!7Ryqw932oem
000460244363600001906	0100000075032715215=aRFGK93SdQv
000460244363600001906	0100000075032715215GZHiCG93V7CP
000460244363600001906	0100000075032715215H;4Sep93an4r
000460244363600001906	0100000075032715215RyfZVS93Li6D
000460244363600001906	010000007503271521592P)pG93tz+b
000460244363600001906	0100000075032715215Qnn)_M93T5Pi
000460244363600001906	0100000075032715215HrITuy93+A8Q
000460244363600001906	0100000075032715215wYOnZj93gRaV
000460244363600001906	0100000075032715215HSgu%V930SvW
000460244363600001906	0100000075032715215RazVnr93e0YS
000460244363600001906	0100000075032715215amq&Uk93QV6q
000460244363600001906	0100000075032715215dNZZVc93nmZZ
000460244363600001915	0100000075032715215L5PVBM93MPmn
000460244363600001915	0100000075032715215U6!/6Q93Xgcj
000460244363600001915	0100000075032715215AwK.f-93tvTw
000460244363600001915	0100000075032715215A)bsAL93A9IR
000460244363600001915	0100000075032715215CBebRM93j/9N
000460244363600001915	0100000075032715215nmsjFS93W6mw
000460244363600001915	0100000075032715215tf9YVS93kmMo
000460244363600001915	0100000075032715215MJlOOY93fvb6
000460244363600001915	0100000075032715215VeplSc93qH/T
000460244363600001915	0100000075032715215;dqquB93izER
000460244363600001915	0100000075032715215pP&HVd93M5GR
000460244363600001915	0100000075032715215?t5kJU93d+hk
000460244363600001915	0100000075032715215oAtQgH93XXIM
000460244363600001915	0100000075032715215fmXgl*93wcCO
000460244363600001915	0100000075032715215aaG41m93C6Hz
000460244363600001915	0100000075032715215y9hLFl93h8El
000460244363600001915	0100000075032715215CD=iG?93FUCC
000460244363600001915	01000000750327152154saVWU93EmhR
000460244363600001915	0100000075032715215'H,!jo93Z4mh
000460244363600001915	010000007503271521531nYq"93NkvP
000460244363600001915	0100000075032715215da:)59932bZo
000460244363600001915	01000000750327152151GN<me93sM4u
000460244363600001915	0100000075032715215KgmXqs93lngX
000460244363600001915	0100000075032715215R9QV"E93v5Oj
000460244363600001924	0100000075032715215jWUJL*93tY68
000460244363600001924	0100000075032715215KUUUco93aNw0
000460244363600001924	0100000075032715215a%0o9M93HJaG
000460244363600001924	0100000075032715215hAFEiV9321ey
000460244363600001924	0100000075032715215Ytdge&932iJS
000460244363600001924	01000000750327152154UhBIh93zFeW
000460244363600001924	0100000075032715215T3qFf3934DnI
000460244363600001924	0100000075032715215cneEfa93ufNM
000460244363600001924	0100000075032715215BIMdzc93bpqM
000460244363600001924	0100000075032715215OKmjVq93xPEU
000460244363600001924	0100000075032715215SCh,s!938r9E
000460244363600001924	0100000075032715215i2d+9Q93RxeE
000460244363600001924	0100000075032715215mli2)W93YTZp
000460244363600001924	0100000075032715215_KWKPq93gmKQ
000460244363600001924	0100000075032715215AHJeqt93Kafk
000460244363600001924	0100000075032715215?(JlU093uEng
000460244363600001924	0100000075032715215.bp+(X93x4w9
000460244363600001924	0100000075032715215itusLB93lfBJ
000460244363600001924	0100000075032715215)enV.w935G2V
000460244363600001924	0100000075032715215B&xObT93Lsii
000460244363600001924	0100000075032715215_Ydwry93s4Ts
000460244363600001924	0100000075032715215T<%R;L93cBoS
000460244363600001924	01000000750327152159(jOe+931Y2o
000460244363600001924	0100000075032715215dY)bsj93btSb
000460244363600001933	0100000075032715215lPEiZK934TNc
000460244363600001933	0100000075032715215l!'D;f93+qve
000460244363600001933	0100000075032715215lZR;Z)93h4cC
000460244363600001933	0100000075032715215oFLjZX93XC/x
000460244363600001933	0100000075032715215cl7uIv932i13
000460244363600001933	0100000075032715215QwWB(U93eIlk
000460244363600001933	0100000075032715215kJLhRE93Yp6H
000460244363600001933	0100000075032715215fVUsqh93B/7M
000460244363600001933	0100000075032715215ho1Ti-93i8Am
000460244363600001933	0100000075032715215;p=9pf93wOa7
000460244363600001933	0100000075032715215NREHrQ93oPEt
000460244363600001933	0100000075032715215+X)tq&93pyC5
000460244363600001933	0100000075032715215=Loz+p93RbK9
000460244363600001933	0100000075032715215MVnDkY93xA5q
000460244363600001933	0100000075032715215BX2kh)93cTol
000460244363600001933	0100000075032715215STSdDv93xin3
000460244363600001933	0100000075032715215mKjBru93SLT9
000460244363600001933	0100000075032715215E?NY>n93KJtF
000460244363600001933	0100000075032715215IneiNA934QGH
000460244363600001933	0100000075032715215(URFbK93VrjV
000460244363600001933	0100000075032715215XaH3BK93oaBX
000460244363600001933	0100000075032715215MEH1P,93XeN6
000460244363600001933	0100000075032715215)XmeCR93qPRq
000460244363600001933	0100000075032715215Egtr3_93eiu2
000460244363600001942	01000000750327152156Bf+fG936Zh+
000460244363600001942	0100000075032715215+BOXqa93VdCg
000460244363600001942	0100000075032715215ljpsKs93c7Eg
000460244363600001942	0100000075032715215eVqJ;D93exb+
000460244363600001942	0100000075032715215M7kgh"93/wEc
000460244363600001942	01000000750327152157CU=gj93THQK
000460244363600001942	0100000075032715215ban+YJ93Jfwy
000460244363600001942	0100000075032715215hDUrB=9373Wv
000460244363600001942	0100000075032715215a.=HgC93OhHN
000460244363600001942	01000000750327152157eKYLC93vBNp
000460244363600001942	0100000075032715215GqvHt>93r6rO
000460244363600001942	0100000075032715215r>d7Wi93NFcw
000460244363600001942	0100000075032715215ud9MgA93ZsQ9
000460244363600001942	0100000075032715215sNZ5KO93iiuD
000460244363600001942	0100000075032715215vyn1nJ938C0y
000460244363600001942	0100000075032715215;Neg%O93naTh
000460244363600001942	0100000075032715215GLZAsk93RL/4
000460244363600001942	0100000075032715215N7OUig93HuUW
000460244363600001942	0100000075032715215w.jPuV93Ck45
000460244363600001942	01000000750327152157MhU1D93HPUd
000460244363600001942	0100000075032715215YCjFR.93CX5K
000460244363600001942	0100000075032715215/Qu*/b93W3UE
000460244363600001942	0100000075032715215gFr7Kj93ABOd
000460244363600001942	0100000075032715215hLCocG939V2A
000460244363600001951	0100000075032715215A3(ZL393ReO1
000460244363600001951	0100000075032715215YLsXBm93iPLS
000460244363600001951	0100000075032715215MHEM>P93+m4Q
000460244363600001951	0100000075032715215KiXp.193bpMj
000460244363600001951	0100000075032715215T)g1b_93betF
000460244363600001951	0100000075032715215:n'dNf93WXzH
000460244363600001951	0100000075032715215Ng'yKr93VPx1
000460244363600001951	0100000075032715215>CN,hE93u+Fc
000460244363600001951	0100000075032715215G,RTC_93pWjO
000460244363600001951	0100000075032715215ghE-dg938QZm
000460244363600001951	0100000075032715215tQqkkL93c+M4
000460244363600001951	0100000075032715215U*MQO293xnpN
000460244363600001951	0100000075032715215XdfT)F936XxX
000460244363600001951	0100000075032715215els,Yj93oacx
000460244363600001951	0100000075032715215Vm0chk93DDES
000460244363600001951	0100000075032715215R3n5ZB93ssWJ
000460244363600001951	0100000075032715215V+-SL993WCiK
000460244363600001951	0100000075032715215sMmLuf93/ewn
000460244363600001951	0100000075032715215n"XJJg93LfER
000460244363600001951	0100000075032715215nH3nGg93aGXv
000460244363600001951	0100000075032715215MiPZM093oTmh
000460244363600001951	0100000075032715215i&J;n+938Io9
000460244363600001951	01000000750327152155fVEg493TGZc
000460244363600001951	0100000075032715215O+i(4O93vDzd
000460244363600001960	0100000075032715215,OR5dc93G9ga
000460244363600001960	0100000075032715215cszWI093Nmoj
000460244363600001960	0100000075032715215_f'%k_93ZGLx
000460244363600001960	010000007503271521530c/SF93en3S
000460244363600001960	0100000075032715215IfUxXT93uwiI
000460244363600001960	0100000075032715215UT4V?Z93QM3k
000460244363600001960	0100000075032715215b+Y1Pd93tf2T
000460244363600001960	0100000075032715215c(gc'!93BYbd
000460244363600001960	0100000075032715215tS(dgE93VwfN
000460244363600001960	0100000075032715215mbsRoE93v3Od
000460244363600001960	0100000075032715215u=Z32K935Xch
000460244363600001960	0100000075032715215VXrj9<93vJOH
000460244363600001960	0100000075032715215sjxJaa93ZIlz
000460244363600001960	0100000075032715215WNIlyi936EtV
000460244363600001960	0100000075032715215sC*PEU939RZi
000460244363600001960	0100000075032715215RTV,=593fPcW
000460244363600001960	0100000075032715215H!L6dq93qGlj
000460244363600001960	0100000075032715215O&lR/t939rOc
000460244363600001960	0100000075032715215Q2UqRq93CC70
000460244363600001960	0100000075032715215LhnsaT93/rSL
000460244363600001960	0100000075032715215Kl4iSf93ytP1
000460244363600001960	0100000075032715215<fcgnD93uwbm
000460244363600001960	0100000075032715215D'UKVX93mMp2
000460244363600001960	01000000750327152156(0:Yk93JBSn
000460244363600001979	01000000750327152158-kR"N93Yy7u
000460244363600001979	01000000750327152158KJcxI932kO1
000460244363600001979	0100000075032715215QI4QT"93d8T3
000460244363600001979	0100000075032715215IYa+RH93Npcn
000460244363600001979	0100000075032715215C42RGl93zk19
000460244363600001979	0100000075032715215rXF&&2930RlX
000460244363600001979	0100000075032715215Xge9WC93/Alr
000460244363600001979	0100000075032715215INX<d*935VNg
000460244363600001979	0100000075032715215U%c;Hh93Qnti
000460244363600001979	0100000075032715215E&I_E'93fPif
000460244363600001979	0100000075032715215perXOi93R7On
000460244363600001979	0100000075032715215gZYsft93kuUj
000460244363600001979	0100000075032715215qPirwB93LKHr
000460244363600001979	0100000075032715215jALp:<93V8yd
000460244363600001979	0100000075032715215uHVjII93NsZT
000460244363600001979	0100000075032715215nFsjAA93EG6B
000460244363600001979	0100000075032715215UVDj6*93rkj9
000460244363600001979	0100000075032715215wjTJFq93TOam
000460244363600001979	0100000075032715215g=+'gA93624B
000460244363600001979	0100000075032715215myQZpX93HN3z
000460244363600001979	0100000075032715215N!HR+k935qtb
000460244363600001979	0100000075032715215K9s0Jp933g5p
000460244363600001979	0100000075032715215iQspea93hvaT
000460244363600001979	0100000075032715215Ujut&l93yPYX
000460244363600001988	0100000075032715215ss1Vdy93VXUN
000460244363600001988	0100000075032715215XW)CVO93udoV
000460244363600001988	0100000075032715215pyBRW%935PMt
000460244363600001988	0100000075032715215W%bJmm93HAiN
000460244363600001988	0100000075032715215ncytj893Bw0+
000460244363600001988	0100000075032715215GPQb-*93pQCQ
000460244363600001988	0100000075032715215;Wo;ij93/O/7
000460244363600001988	0100000075032715215XzNb"f93z9OW
000460244363600001988	01000000750327152155EMU_a93erjX
000460244363600001988	01000000750327152159nV3Tq93fFSD
000460244363600001988	0100000075032715215fpDDwJ93WdIh
000460244363600001988	01000000750327152151V'mHH93bg4I
000460244363600001988	0100000075032715215SUj-R893Oxvu
000460244363600001988	0100000075032715215HpWWor93KGuR
000460244363600001988	0100000075032715215CmnYsP93to5I
000460244363600001988	0100000075032715215Rsy>L>936AWf
000460244363600001988	0100000075032715215B%DYzY93KUd8
000460244363600001988	0100000075032715215W_kvk%93CfE2
000460244363600001988	0100000075032715215XQfOcI933cOB
000460244363600001988	0100000075032715215Skn&g*93OYxm
000460244363600001988	0100000075032715215W5mf0b93Kjfx
000460244363600001988	0100000075032715215vCqU3m93TL88
000460244363600001988	0100000075032715215AjJXhB93ND8b
000460244363600001988	0100000075032715215gGJA>b93dxd9
000460244363600001997	0100000075032715215UR=Pam93i98Y
000460244363600001997	0100000075032715215cQu7z;93IWj4
000460244363600001997	0100000075032715215?E9OsE93fzek
000460244363600001997	0100000075032715215IgZX:u93nJkg
000460244363600001997	0100000075032715215;&-G1293w42G
000460244363600001997	01000000750327152157WsoRC93hPoO
000460244363600001997	0100000075032715215ilH7jE93B8sv
000460244363600001997	0100000075032715215:OruV/93pOHV
000460244363600001997	01000000750327152150NARKT938huO
000460244363600001997	0100000075032715215TWVWmS93Ou3G
000460244363600001997	0100000075032715215-Q:eQ(93waU7
000460244363600001997	0100000075032715215smUSYG9382Za
000460244363600001997	0100000075032715215GFKHOo93PgQJ
000460244363600001997	0100000075032715215SIcq5X932tkW
000460244363600001997	0100000075032715215TrhAX_93nFTt
000460244363600001997	0100000075032715215gGd1+R93nrfd
000460244363600001997	0100000075032715215cReGvM93kx85
000460244363600001997	0100000075032715215lm6(k693xMWR
000460244363600001997	0100000075032715215nO7Y/c9363Rm
000460244363600001997	010000007503271521550N9M893BJNd
000460244363600001997	0100000075032715215Tql(4o9355BG
000460244363600001997	0100000075032715215Q6nvmS93c6XQ
000460244363600001997	01000000750327152158bPArB93Dfbc
000460244363600001997	0100000075032715215tcGsbB93Qva7
000460244363600002002	0100000075032715215?Xh&Ar93sAhs
000460244363600002002	0100000075032715215,LwU3.93x76G
000460244363600002002	0100000075032715215hBVNON93AeyS
000460244363600002002	0100000075032715215T(326R93FSDa
000460244363600002002	0100000075032715215?L4PKC93aTgv
000460244363600002002	0100000075032715215lA&_PJ93qIK9
000460244363600002002	0100000075032715215XI<:mu932yO5
000460244363600002002	0100000075032715215IqoSEd93ha/e
000460244363600002002	0100000075032715215u3aPLN93MLrA
000460244363600002002	0100000075032715215%nRMZb93O5R1
000460244363600002002	0100000075032715215jLX*jI93kqFv
000460244363600002002	0100000075032715215agppM1937aRZ
000460244363600002002	0100000075032715215Mh!Qh+93JEtc
000460244363600002002	0100000075032715215vVpVW(938VDA
000460244363600002002	0100000075032715215Qzh(BX93q3Oc
000460244363600002002	0100000075032715215AxHRY&934GJX
000460244363600002002	0100000075032715215IiRVIs93TMn0
000460244363600002002	0100000075032715215"C2&Ln934iZ3
000460244363600002002	0100000075032715215JIC8.b93kpeg
000460244363600002002	0100000075032715215gB=C;Y93kGjR
000460244363600002002	0100000075032715215nPp.Rj930gwY
000460244363600002002	01000000750327152150nFMb793Ow0n
000460244363600002002	0100000075032715215>V/5-093z97W
000460244363600002002	0100000075032715215;alMrn93GK3H
000460244363600002011	0100000075032715215eoD9rx93BJjn
000460244363600002011	0100000075032715215jrydej93xovc
000460244363600002011	01000000750327152157T&O&H93nWn2
000460244363600002011	0100000075032715215UFDJ0C93srCg
000460244363600002011	0100000075032715215hmdv7D93wom0
000460244363600002011	01000000750327152155oOg&o93WiyI
000460244363600002011	0100000075032715215)rAkrX93RmLo
000460244363600002011	0100000075032715215D&1Umn93EZix
000460244363600002011	0100000075032715215Ym%Z9&93s9yr
000460244363600002011	0100000075032715215C9qnn(93OBil
000460244363600002011	0100000075032715215JgszPZ93sgHR
000460244363600002011	0100000075032715215StMt9t93P/G1
000460244363600002011	0100000075032715215:9aaQq9370sC
000460244363600002011	0100000075032715215>EZ?DR936HW9
000460244363600002011	0100000075032715215ZEORkH93n0B9
000460244363600002011	0100000075032715215F'StaM93iO6i
000460244363600002011	0100000075032715215R%A7EP93vRhF
000460244363600002011	0100000075032715215W>nb:?93wEsz
000460244363600002011	0100000075032715215/ov*>J93Vcbx
000460244363600002011	0100000075032715215o9g7_B93QHFn
000460244363600002011	0100000075032715215VE>WFe93fb1F
000460244363600002011	0100000075032715215!ZbQn*93NfJV
000460244363600002011	0100000075032715215uZbbOl93dCDl
000460244363600002011	0100000075032715215fgeiLQ93TR2S
000460244363600002020	0100000075032715215b6rt6G93D2tH
000460244363600002020	0100000075032715215J9o&Qg93WRzu
000460244363600002020	0100000075032715215!ZxVRS93psN0
000460244363600002020	0100000075032715215iiXutM93h3I5
000460244363600002020	0100000075032715215d!d<Da93ps+s
000460244363600002020	0100000075032715215T7QYrD93HiCC
000460244363600002020	0100000075032715215*JAGHy93W/mV
000460244363600002020	0100000075032715215fLySM<93d3gK
000460244363600002020	0100000075032715215FOO.0U930a25
000460244363600002020	0100000075032715215CWtc!R93Njwb
000460244363600002020	0100000075032715215&;)T1T93b8nX
000460244363600002020	0100000075032715215WDDfAQ938cqZ
000460244363600002020	0100000075032715215p1pMD&93saq9
000460244363600002020	0100000075032715215C6P_?r93sNEM
000460244363600002020	0100000075032715215rd-Eq>93tzUT
000460244363600002020	0100000075032715215!QOgD393pIft
000460244363600002020	01000000750327152158?'o-Q93PVAV
000460244363600002020	0100000075032715215qlJkUy93DDrD
000460244363600002020	0100000075032715215eFi<mi93x3Ho
000460244363600002020	0100000075032715215rpuMJT93uDAe
000460244363600002020	0100000075032715215!"sbe'93voFF
000460244363600002020	0100000075032715215m7'n8H93JZ0m
000460244363600002020	01000000750327152150<LNbV93nSng
000460244363600002020	0100000075032715215SyC;Hr93bLZf
000460244363600002039	0100000075032715215L7H**Y93XTY8
000460244363600002039	0100000075032715215qojSmO93C2KT
000460244363600002039	0100000075032715215DOO4?_93/eb5
000460244363600002039	0100000075032715215xST0Nr93jYiE
000460244363600002039	0100000075032715215+.L"+Y93P5VL
000460244363600002039	0100000075032715215+"7<xP93Hxb6
000460244363600002039	0100000075032715215h:KhqO93FDBc
000460244363600002039	0100000075032715215Am1cXb93kOGj
000460244363600002039	0100000075032715215k)!d:X93NT/c
000460244363600002039	0100000075032715215LGIlG893WTmB
000460244363600002039	0100000075032715215CELnJr93Qaa9
000460244363600002039	01000000750327152156STRUD9387af
000460244363600002039	0100000075032715215>+E?6w93uK/V
000460244363600002039	0100000075032715215PnYRQ593rRHv
000460244363600002039	0100000075032715215Vr=qHg936hQ0
000460244363600002039	0100000075032715215WBtOzf93YepD
000460244363600002039	0100000075032715215Wt9FnW932jDt
000460244363600002039	0100000075032715215wUeodT93M5Ai
000460244363600002039	0100000075032715215)CpzhB93VWk5
000460244363600002039	0100000075032715215(OL(6693xWtv
000460244363600002039	0100000075032715215/c,bOZ93Vvgo
000460244363600002039	0100000075032715215EEvu5;93Z85/
000460244363600002039	0100000075032715215YEX=Fi93w1mV
000460244363600002039	0100000075032715215(7ST8&93fC5m
000460244363600002048	0100000075032715215KuqlJH934Ged
000460244363600002048	0100000075032715215gJoJS"932zRx
000460244363600002048	0100000075032715215HjpkUt93bzrN
000460244363600002048	0100000075032715215Er)5qg93h/4s
000460244363600002048	0100000075032715215zxrky>93+etI
000460244363600002048	0100000075032715215kSrAJs93SDR6
000460244363600002048	010000007503271521572!uFN936TwN
000460244363600002048	0100000075032715215uOejhD93AuLj
000460244363600002048	0100000075032715215ebevgH93AG6D
000460244363600002048	0100000075032715215k=uVfz936WMF
000460244363600002048	0100000075032715215CpcFZh9335//
000460244363600002048	0100000075032715215_c.+YK93abdb
000460244363600002048	0100000075032715215XHLkT&93SdSD
000460244363600002048	01000000750327152159kxyU493zcXZ
000460244363600002048	0100000075032715215Vqmtw,93M/N+
000460244363600002048	0100000075032715215JsFuEV93PyJJ
000460244363600002048	0100000075032715215gKqmBn93mjee
000460244363600002048	0100000075032715215IJUzQQ93CwTk
000460244363600002048	01000000750327152154XdjBe933JIk
000460244363600002048	01000000750327152157w/)K?93Waa0
000460244363600002048	0100000075032715215Pucq_,93lgsW
000460244363600002048	0100000075032715215bCr_8H939DS9
000460244363600002048	0100000075032715215eYah=F93OcI6
000460244363600002048	0100000075032715215e*sfzA930VWV
000460244363600002057	0100000075032715215UjnWls93+S4D
000460244363600002057	0100000075032715215A:+%n/93RaFn
000460244363600002057	0100000075032715215XZxjcl93FgaP
000460244363600002057	0100000075032715215GiAJ7(93V6oK
000460244363600002057	0100000075032715215/DS4gQ93HCzs
000460244363600002057	0100000075032715215GNp:N,93ebO+
000460244363600002057	0100000075032715215xVS-(J93nY7a
000460244363600002057	0100000075032715215Xo9ZNr93+gGI
000460244363600002057	0100000075032715215>*3PP=93GWeC
000460244363600002057	0100000075032715215Jgjyq*93zUux
000460244363600002057	0100000075032715215GWE8QH93iGqX
000460244363600002057	0100000075032715215F=qSpZ93zhSm
000460244363600002057	0100000075032715215/qnHel93Cj6g
000460244363600002057	0100000075032715215stZK"p936NTc
000460244363600002057	0100000075032715215YuXTF/93q8G4
000460244363600002057	0100000075032715215S;TzaR93wZ5j
000460244363600002057	0100000075032715215nE<RH793E1k9
000460244363600002057	0100000075032715215C&Dz0j93EDpP
000460244363600002057	0100000075032715215IkLKEI93R5eO
000460244363600002057	0100000075032715215aN'Lda93Tzr/
000460244363600002057	0100000075032715215ntbO8t93UbIc
000460244363600002057	0100000075032715215mzXDth93YCY8
000460244363600002057	0100000075032715215iOltYG93OAzt
000460244363600002057	0100000075032715215D+ty'R93rVkT
000460244363600002066	0100000075032715215HBR;qi93snpH
000460244363600002066	0100000075032715215fuh?sR93mmGh
000460244363600002066	0100000075032715215yVU-o'93ma6H
000460244363600002066	0100000075032715215Y*M:rm93E+CF
000460244363600002066	0100000075032715215F_FBOB93ENBo
000460244363600002066	01000000750327152157bGfle93FjIP
000460244363600002066	0100000075032715215SHMHhb93ehMk
000460244363600002066	01000000750327152157KecuE93CMpR
000460244363600002066	0100000075032715215xWioia93KGf1
000460244363600002066	0100000075032715215'=d3QW939KaX
000460244363600002066	0100000075032715215RiFERE93WCdI
000460244363600002066	0100000075032715215mYTFYD93/NGG
000460244363600002066	0100000075032715215Z"ZX>v93jbBp
000460244363600002066	0100000075032715215wW9B3O93Trre
000460244363600002066	0100000075032715215bzHpfW93oXXP
000460244363600002066	01000000750327152154Kb&sS93EdxV
000460244363600002066	0100000075032715215KrTRNh93yyUq
000460244363600002066	0100000075032715215n5Y9>X93GeFc
000460244363600002066	0100000075032715215ukiEtQ937qZt
000460244363600002066	0100000075032715215aUcPKV933H3+
000460244363600002066	0100000075032715215KsX_&h93E3qz
000460244363600002066	0100000075032715215Y7GlrW93yswM
000460244363600002066	0100000075032715215KaIOXQ93uTGO
000460244363600002066	0100000075032715215T)<qAH93P6YF
000460244363600002075	0100000075032715215SwFp'=93/7Ep
000460244363600002075	0100000075032715215aOnkID93D4w2
000460244363600002075	01000000750327152154a5oaS93RvUk
000460244363600002075	0100000075032715215sa+T1c93+GyV
000460244363600002075	0100000075032715215(K,BEW93qRGK
000460244363600002075	01000000750327152157LZ1Or93c8Gr
000460244363600002075	0100000075032715215.;qdW293Ib4m
000460244363600002075	0100000075032715215q1kkbw93JGyO
000460244363600002075	0100000075032715215IgDdL_93Wewg
000460244363600002075	0100000075032715215BPl?Dv93IiLe
000460244363600002075	0100000075032715215w!YhZH93ELt0
000460244363600002075	0100000075032715215Wb>W+G935A9t
000460244363600002075	0100000075032715215:DB"Uy93K1tw
000460244363600002075	0100000075032715215VF<iiu93O6aG
000460244363600002075	0100000075032715215UHBkqI936MaY
000460244363600002075	0100000075032715215h59NOD93KBkM
000460244363600002075	0100000075032715215FZkfLZ93LH5d
000460244363600002075	0100000075032715215oFXSpn93gmgh
000460244363600002075	0100000075032715215l9:Ba:936gSW
000460244363600002075	0100000075032715215?_1he393LrgP
000460244363600002075	0100000075032715215ymnqY793L+EP
000460244363600002075	0100000075032715215AteyPZ930tLd
000460244363600002075	0100000075032715215WHL+Sp93sYNO
000460244363600002075	0100000075032715215ufbQ>O9300pZ
000460244363600002084	0100000075032715215?Jebqb9320EY
000460244363600002084	0100000075032715215CP2_:E93R8No
000460244363600002084	0100000075032715215zO4QGK93FWpv
000460244363600002084	0100000075032715215Ka*f/J93vp/G
000460244363600002084	0100000075032715215(eeXSN93ouwV
000460244363600002084	0100000075032715215MqX:nP93LYQy
000460244363600002084	0100000075032715215Ao0Nu393dg3R
000460244363600002084	0100000075032715215R7d+h%93kex8
000460244363600002084	0100000075032715215!"qKN=93Aki8
000460244363600002084	0100000075032715215zbR4QX93aX8N
000460244363600002084	01000000750327152159MViNC93WN7G
000460244363600002084	0100000075032715215_XtJSX93aNIB
000460244363600002084	0100000075032715215Lb//zU93FDdu
000460244363600002084	0100000075032715215)!tmez93bf67
000460244363600002084	0100000075032715215BFBul*93ByLI
000460244363600002084	0100000075032715215chI2X(93PTaL
000460244363600002084	0100000075032715215N:SH)G93wLob
000460244363600002084	0100000075032715215u3N>Xg93qGJz
000460244363600002084	0100000075032715215paSQbu93zsWQ
000460244363600002084	0100000075032715215kMp5sZ9330sX
000460244363600002084	0100000075032715215cICTNf934ZmH
000460244363600002084	0100000075032715215S/K<rr93Q2dh
000460244363600002084	01000000750327152159crP-c93wZVm
000460244363600002084	0100000075032715215fn4+mO9303sX
000460244363600002093	0100000075032715215YOOMd793jMYX
000460244363600002093	0100000075032715215u6'nzQ93iUAW
000460244363600002093	0100000075032715215Vhyi:=93en42
000460244363600002093	0100000075032715215sOw7AR93mTeT
000460244363600002093	0100000075032715215eXwZb:93s2XC
000460244363600002093	0100000075032715215QnP(.b93/68V
000460244363600002093	0100000075032715215ksFOT)93RSzE
000460244363600002093	010000007503271521586b:HA935dZ0
000460244363600002093	0100000075032715215albCRH93Hxu/
000460244363600002093	0100000075032715215tj>&oJ93E6Z4
000460244363600002093	0100000075032715215met<J&93uUmC
000460244363600002093	0100000075032715215&5f&ss93Vd4S
000460244363600002093	0100000075032715215onOBDM93884J
000460244363600002093	0100000075032715215o+NU,;93JWZy
000460244363600002093	0100000075032715215Ozm?vR93rtMg
000460244363600002093	0100000075032715215C!JkVI93KUyW
000460244363600002093	0100000075032715215'Jo1q.931EnO
000460244363600002093	0100000075032715215:ftrhq93dOJt
000460244363600002093	0100000075032715215Y&B0kU93S6C/
000460244363600002093	0100000075032715215UH8%"L93WODr
000460244363600002093	0100000075032715215CTb/VQ931Btn
000460244363600002093	0100000075032715215l*KhO:93YOvY
000460244363600002093	0100000075032715215oTZ7!i93g4Fm
000460244363600002093	0100000075032715215i3LXkp93phmZ
000460244363600002109	0100000075032715215eUVe*Q93XtC4
000460244363600002109	0100000075032715215RIY&OI93B2f3
000460244363600002109	0100000075032715215Ffw1Lh93Jqh+
000460244363600002109	0100000075032715215LyFA7C93k/c0
000460244363600002109	0100000075032715215Wfrjh+93aQhp
000460244363600002109	0100000075032715215==V?jo93p49o
000460244363600002109	01000000750327152159LJf&S93Ochz
000460244363600002109	0100000075032715215(jUZcu932R85
000460244363600002109	0100000075032715215FjtWYP93TlBs
000460244363600002109	0100000075032715215zlepy?931AMP
000460244363600002109	0100000075032715215MaEA3D934BcB
000460244363600002109	0100000075032715215kz_a!i93Ba6m
000460244363600002109	010000007503271521522QxTq93Jl+0
000460244363600002109	0100000075032715215oZLJ"N93HBcz
000460244363600002109	0100000075032715215?lnFhq93AQcu
000460244363600002109	0100000075032715215*rGQjH93zTDZ
000460244363600002109	0100000075032715215_)MoxW939Cv7
000460244363600002109	0100000075032715215iQHlIW932Fa8
000460244363600002109	0100000075032715215seKInb93cSY5
000460244363600002109	01000000750327152150vF&Oi93FCI3
000460244363600002109	0100000075032715215MCq4kK93Vfa/
000460244363600002109	0100000075032715215x&khpC93LGYw
000460244363600002109	0100000075032715215.4PL+T93wOgq
000460244363600002109	0100000075032715215h&+Ep5935OU2
000460244363600002118	0100000075032715215*7ftio933h1L
000460244363600002118	0100000075032715215'LQVQZ930dvP
000460244363600002118	0100000075032715215SeesVX937val
000460244363600002118	0100000075032715215eOMMV!93mGty
000460244363600002118	0100000075032715215QRSt8j93L9IS
000460244363600002118	0100000075032715215gG9)(>933s9N
000460244363600002118	0100000075032715215!zTkUV93NZgn
000460244363600002118	0100000075032715215)xGGBW93u+OS
000460244363600002118	0100000075032715215;hR9jD93c2nq
000460244363600002118	0100000075032715215GH+T-s9346O+
000460244363600002118	01000000750327152159j.xQ<93MJe7
000460244363600002118	0100000075032715215qxoPYg93iE9x
000460244363600002118	0100000075032715215LpZFcY93FWCx
000460244363600002118	0100000075032715215b=LpKa93NXFd
000460244363600002118	0100000075032715215+LKZXX93plwF
000460244363600002118	0100000075032715215CS3us!93tqGN
000460244363600002118	0100000075032715215E1-R0Y9349nL
000460244363600002118	0100000075032715215BMdvg293Ev2W
000460244363600002118	0100000075032715215S=GDMG93q3Cd
000460244363600002118	01000000750327152155JU%mK93oE8P
000460244363600002118	0100000075032715215rosr5K93jITz
000460244363600002118	0100000075032715215J8=JJF935+oM
000460244363600002118	0100000075032715215V.rGe393T1IT
000460244363600002118	0100000075032715215)tOKeC93GGqg
000460244363600002127	0100000075032715215WEm'fl93yvwc
000460244363600002127	0100000075032715215Phe??g93G5Kq
000460244363600002127	0100000075032715215Xr>UsI93ffdd
000460244363600002127	0100000075032715215RVdTiZ93+wIl
000460244363600002127	0100000075032715215,Vj!ML933gah
000460244363600002127	0100000075032715215t;NpwD938d1x
000460244363600002127	0100000075032715215"P2iiL93RRWL
000460244363600002127	0100000075032715215kZLWSm93/nk2
000460244363600002127	0100000075032715215HTlXIM93E00P
000460244363600002127	0100000075032715215OcMndJ93ebxs
000460244363600002127	0100000075032715215nY_:PX93IyFf
000460244363600002127	01000000750327152157-frjB93XbCu
000460244363600002127	0100000075032715215cuCUs193KK6p
000460244363600002127	0100000075032715215ODU"Hl93I+qz
000460244363600002127	0100000075032715215BfFCH+934avV
000460244363600002127	0100000075032715215GteMn(93LdUq
000460244363600002127	0100000075032715215ePJk%H93SxTt
000460244363600002127	0100000075032715215irobCb93ElOs
000460244363600002127	0100000075032715215fKx5Ei93uOl8
000460244363600002127	0100000075032715215YSC?,:93iN1N
000460244363600002127	0100000075032715215ObRGd!93zei4
000460244363600002127	0100000075032715215zZnPXn93Wt0m
000460244363600002127	0100000075032715215EZMtun93Z+6Q
000460244363600002127	0100000075032715215Lmefdh93LwYB
000460244363600002136	01000000750327152159F5=!B93nVtI
000460244363600002136	0100000075032715215nL-+QF932c+O
000460244363600002136	0100000075032715215E*HmZS938AKi
000460244363600002136	0100000075032715215XVVCeg93RNRR
000460244363600002136	0100000075032715215o.8Tm293aWLD
000460244363600002136	0100000075032715215fAb;qh93wN4p
000460244363600002136	0100000075032715215ig6+K!93Y9pa
000460244363600002136	0100000075032715215Q!-1U>93N32N
000460244363600002136	0100000075032715215(XIDnU93huLf
000460244363600002136	0100000075032715215blLIj=9396sZ
000460244363600002136	0100000075032715215iGfKXB93X5Wg
000460244363600002136	01000000750327152152IdGFJ93RkzF
000460244363600002136	0100000075032715215pV-<Wj93kX2i
000460244363600002136	0100000075032715215r/ooHS93iiiF
000460244363600002136	0100000075032715215'DyoYy93DADV
000460244363600002136	0100000075032715215_6!HnC93g9i+
000460244363600002136	0100000075032715215iMOlJB935e4f
000460244363600002136	0100000075032715215.6s'Km93Rnyj
000460244363600002136	0100000075032715215+j(rMj930jkX
000460244363600002136	01000000750327152153,*j1=93DpIE
000460244363600002136	01000000750327152154t+Wt7939J4j
000460244363600002136	0100000075032715215&rC*Q)93g9h5
000460244363600002136	0100000075032715215RimDyj93mSlo
000460244363600002136	0100000075032715215PYqREL93LD6S
000460244363600002145	0100000075032715215/JGkiJ937XUD
000460244363600002145	0100000075032715215>?a?Gp93EkO/
000460244363600002145	0100000075032715215HS?nie938OMd
000460244363600002145	0100000075032715215JnWQhA93wQ6Z
000460244363600002145	0100000075032715215Sas-DB93ij87
000460244363600002145	0100000075032715215ObB6d693fQlP
000460244363600002145	0100000075032715215cOna&O93KQpz
000460244363600002145	0100000075032715215A)vHic936aJ1
000460244363600002145	0100000075032715215SrD4kb93QEuf
000460244363600002145	0100000075032715215.gqwQQ93FKs6
000460244363600002145	0100000075032715215,_VlQk93VVJx
000460244363600002145	0100000075032715215MRCaXi937SxD
000460244363600002145	01000000750327152154"KHdm93OexF
000460244363600002145	0100000075032715215!Lb>pQ93EKdH
000460244363600002145	0100000075032715215vsCYnR939ten
000460244363600002145	0100000075032715215p(=iNa93VJBU
000460244363600002145	0100000075032715215.THcv!93ZrAd
000460244363600002145	0100000075032715215C-wC!y93mH61
000460244363600002145	0100000075032715215JPULaH93ZAKE
000460244363600002145	0100000075032715215lhkUpF93VFW1
000460244363600002145	0100000075032715215MMkicW93t/qu
000460244363600002145	0100000075032715215MDKQ5i93M//L
000460244363600002145	0100000075032715215?knE(W933BBr
000460244363600002145	0100000075032715215g&VlHM93b97R
000460244363600002154	0100000075032715215p2UiFQ93XBKw
000460244363600002154	01000000750327152150jy;fO93Vt6w
000460244363600002154	01000000750327152151docGq934m7j
000460244363600002154	0100000075032715215RM"uSr93Z1t1
000460244363600002154	0100000075032715215mBnxQ!93xbMX
000460244363600002154	0100000075032715215!Ih_8c933wCB
000460244363600002154	01000000750327152155rMKye93Owiu
000460244363600002154	0100000075032715215fGY5:!93rfbW
000460244363600002154	010000007503271521516FpXB93KfE0
000460244363600002154	01000000750327152150g,<2l93gHz1
000460244363600002154	0100000075032715215K%ZDVE93ndLx
000460244363600002154	0100000075032715215ssH9e)93RI15
000460244363600002154	0100000075032715215lzztSm931QHZ
000460244363600002154	0100000075032715215O'l0UM93x5qT
000460244363600002154	01000000750327152155)rsEG93G+QL
000460244363600002154	0100000075032715215XnJ/sG9350FP
000460244363600002154	0100000075032715215fL2+tq93oyAC
000460244363600002154	01000000750327152157CBwL993tWLk
000460244363600002154	01000000750327152155Zxovu937AAm
000460244363600002154	0100000075032715215iqtV/r93nltJ
000460244363600002154	0100000075032715215lIu6Z&935HEm
000460244363600002154	0100000075032715215jbK5gf93emIW
000460244363600002154	0100000075032715215oE/INa93+Io1
000460244363600002154	0100000075032715215DLE7p:931w0m
000460244363600002163	0100000075032715215LJ*sZr93qBFU
000460244363600002163	0100000075032715215ytgcln93O91y
000460244363600002163	0100000075032715215boIi79939LD9
000460244363600002163	0100000075032715215S0L.Z893fyiw
000460244363600002163	0100000075032715215<XnDrC93rjw1
000460244363600002163	0100000075032715215;E'V.P93xp+U
000460244363600002163	0100000075032715215oxfdI&931MrN
000460244363600002163	0100000075032715215hFZY4g93bsXp
000460244363600002163	0100000075032715215Vc6mD"93xkMN
000460244363600002163	0100000075032715215Yi/4uP93Tuf2
000460244363600002163	0100000075032715215ps2V2f93Rpvr
000460244363600002163	0100000075032715215rnIFzq93rDfQ
000460244363600002163	01000000750327152156lACrx93jYZR
000460244363600002163	0100000075032715215-2sV?K93SLJv
000460244363600002163	0100000075032715215ahcr<f93Cyng
000460244363600002163	0100000075032715215;YJMC893FfkG
000460244363600002163	0100000075032715215O2Ek=-93xHxl
000460244363600002163	0100000075032715215OKxGKh932c+J
000460244363600002163	0100000075032715215NMOgJB93Rh3b
000460244363600002163	01000000750327152155=mA(;93zBv+
000460244363600002163	0100000075032715215b3qOXI93Y87k
000460244363600002163	0100000075032715215Ys_tVR93jOV8
000460244363600002163	0100000075032715215L5<YQo93moWH
000460244363600002163	0100000075032715215'Q*I22935jr2
000460244363600002172	0100000075032715215/x6d!L93fT8+
000460244363600002172	0100000075032715215F2J85u931rkH
000460244363600002172	0100000075032715215Z&fHeT931OE9
000460244363600002172	0100000075032715215HPZQ;E935RjI
000460244363600002172	0100000075032715215QVtW+Y93kYC2
000460244363600002172	0100000075032715215iq1MR693ix47
000460244363600002172	0100000075032715215rEpTuX93NwpK
000460244363600002172	0100000075032715215k;jGQj93QB9b
000460244363600002172	0100000075032715215B*KB5K93UbIs
000460244363600002172	0100000075032715215tW7:%D93DyCd
000460244363600002172	01000000750327152151DX=uY93ll5J
000460244363600002172	0100000075032715215A"uVTa93M+gl
000460244363600002172	01000000750327152157TwR_V93twi/
000460244363600002172	0100000075032715215BWXla)930xRl
000460244363600002172	0100000075032715215PH<>Df931wiE
000460244363600002172	0100000075032715215fnkk;<93FHrD
000460244363600002172	0100000075032715215FcFTFL93GN3Y
000460244363600002172	0100000075032715215P?O2KU93/xCQ
000460244363600002172	0100000075032715215h=CVd&93y7p0
000460244363600002172	0100000075032715215gHPmbS9312k9
000460244363600002172	0100000075032715215uuuBB!933Ni2
000460244363600002172	0100000075032715215-IcXBx93PvW9
000460244363600002172	0100000075032715215IqZIFj93NUK6
000460244363600002172	0100000075032715215vG(R;j93FY33
000460244363600002181	0100000075032715215qCFb_L937OuD
000460244363600002181	0100000075032715215g2EeWR93zSx8
000460244363600002181	0100000075032715215zm6O*W93ajgJ
000460244363600002181	0100000075032715215nWHVfp93N9oR
000460244363600002181	0100000075032715215>Vqobg935fNX
000460244363600002181	0100000075032715215UoQ13H93fXi3
000460244363600002181	0100000075032715215l!.ErE937ztk
000460244363600002181	0100000075032715215%7obIZ937cmM
000460244363600002181	0100000075032715215knD57z932aJz
000460244363600002181	0100000075032715215mkUYF=93cotY
000460244363600002181	0100000075032715215KI7-GT93b1Fu
000460244363600002181	0100000075032715215U_Xwcr93Wkxb
000460244363600002181	0100000075032715215U"MJ-(93PNA4
000460244363600002181	0100000075032715215I=slp5935vYh
000460244363600002181	0100000075032715215E2<D4o93mD6u
000460244363600002181	0100000075032715215U'bW4g93h5o9
000460244363600002181	0100000075032715215lZcf-d93AGos
000460244363600002181	0100000075032715215k!hSfD93Y+Yx
000460244363600002181	0100000075032715215h/&UUh93quGe
000460244363600002181	0100000075032715215KOf+K093J68j
000460244363600002181	0100000075032715215EkeW=N93/kyq
000460244363600002181	0100000075032715215RU1,MS93B3zs
000460244363600002181	0100000075032715215iDwfLn93ctKZ
000460244363600002181	0100000075032715215RvEwdF93QHQj
000460244363600002190	0100000075032715215ZhZXpi93iGkd
000460244363600002190	0100000075032715215IUrU,T93w+wv
000460244363600002190	0100000075032715215(.b.t;93kE/2
000460244363600002190	0100000075032715215VQ1Aj+93R1qO
000460244363600002190	0100000075032715215deuJ/I93Vzsz
000460244363600002190	0100000075032715215RRPwU=93XAvF
000460244363600002190	0100000075032715215SsEeX<93Mk3p
000460244363600002190	0100000075032715215vL8aI;93fURC
000460244363600002190	0100000075032715215fcPa+l93n6XD
000460244363600002190	0100000075032715215IXgDHo93COTh
000460244363600002190	0100000075032715215n"md+M93Lm8E
000460244363600002190	0100000075032715215"QtXkO93ouHx
000460244363600002190	0100000075032715215)o5&U693gSLF
000460244363600002190	0100000075032715215kIoZYN93RYUY
000460244363600002190	0100000075032715215LffqO+93vlRH
000460244363600002190	0100000075032715215ziGRoe939b1u
000460244363600002190	0100000075032715215!Pc7K;93etw/
000460244363600002190	0100000075032715215XsC2SS93xFSC
000460244363600002190	0100000075032715215LZD)eU931zGb
000460244363600002190	0100000075032715215LI*-9P93tJCw
000460244363600002190	0100000075032715215oQl>,j93CDuJ
000460244363600002190	0100000075032715215"jjrck93ihYx
000460244363600002190	0100000075032715215MH5ZKr93OfQl
000460244363600002190	0100000075032715215Z)lzCj93Z6sg
000460244363600002206	0100000075032715215Yl*rWJ93YVgE
000460244363600002206	0100000075032715215X_pbvP93DYEJ
000460244363600002206	01000000750327152157GMeFs93jX0r
000460244363600002206	0100000075032715215IO0<HS936+AX
000460244363600002206	0100000075032715215qQ7F2r938Azm
000460244363600002206	0100000075032715215gFt5k;93KFV2
000460244363600002206	0100000075032715215%OgqDS93DOzk
000460244363600002206	0100000075032715215pJm/iN93Q0z0
000460244363600002206	0100000075032715215HP)QhK93wy9a
000460244363600002206	0100000075032715215tAzo8e93wkYQ
000460244363600002206	0100000075032715215yQJ)kX93W5uk
000460244363600002206	0100000075032715215OGHuaH93YAya
000460244363600002206	0100000075032715215Gge0sN93irzk
000460244363600002206	0100000075032715215kLEOPg936G5s
000460244363600002206	0100000075032715215ZEDJYI931pJi
000460244363600002206	010000007503271521591qrJB93f/Hv
000460244363600002206	0100000075032715215f3EEX;93z68Y
000460244363600002206	0100000075032715215xqjMl_93dZ6P
000460244363600002206	0100000075032715215ML*msU93yjQA
000460244363600002206	0100000075032715215vgcSjI93Ep02
000460244363600002206	0100000075032715215ZUptC<931Dwc
000460244363600002206	0100000075032715215si4D8I93FGzd
000460244363600002206	0100000075032715215xibYDD93VNjt
000460244363600002206	0100000075032715215.eEbfJ936b1t
000460244363600002215	0100000075032715215S7GuRC93PnPB
000460244363600002215	0100000075032715215CZfZuN93PXbv
000460244363600002215	0100000075032715215DKx;AF93oFaF
000460244363600002215	0100000075032715215Jbcb3I93+lnM
000460244363600002215	0100000075032715215MugH<O93p7/O
000460244363600002215	01000000750327152159:-yO%93nFuS
000460244363600002215	0100000075032715215HKlAkK93Eoxl
000460244363600002215	0100000075032715215quCas%93aj41
000460244363600002215	0100000075032715215FbralH938ZRg
000460244363600002215	0100000075032715215ITy(Aj93BcJY
000460244363600002215	0100000075032715215zeYTem93/krg
000460244363600002215	0100000075032715215"YN*9k93KhhW
000460244363600002215	0100000075032715215UwsRpS934la3
000460244363600002215	0100000075032715215H3m8kc93S92z
000460244363600002215	01000000750327152155h+ofi93UB2V
000460244363600002215	0100000075032715215Fa'j6f93r4/9
000460244363600002215	0100000075032715215Vjm(Fm93OEgB
000460244363600002215	0100000075032715215luOV:v932uP8
000460244363600002215	0100000075032715215sm!QA.93zrKj
000460244363600002215	0100000075032715215JZf06P93mob2
000460244363600002215	0100000075032715215cHX1p:93R9h5
000460244363600002215	0100000075032715215Yg:hj.93GL9J
000460244363600002215	0100000075032715215m2T0-&935Gb6
000460244363600002215	0100000075032715215t3Pa<593m4OW
000460244363600002224	0100000075032715215FEMqnp93YEuC
000460244363600002224	0100000075032715215ZgjEEW93HwYZ
000460244363600002224	0100000075032715215=D"ll"93Qn9K
000460244363600002224	0100000075032715215Z-Pbih93v7DA
000460244363600002224	0100000075032715215g9cjrA93dxj3
000460244363600002224	0100000075032715215.XeAtV93xN00
000460244363600002224	0100000075032715215MY>BUC93zEIN
000460244363600002224	0100000075032715215UUzSKv93W8Y1
000460244363600002224	0100000075032715215UQc"OW93tAyi
000460244363600002224	0100000075032715215J8"X4J93C4LV
000460244363600002224	0100000075032715215iy6.tY93urFZ
000460244363600002224	0100000075032715215dQb-Es93kG3N
000460244363600002224	0100000075032715215Se2RBn93e760
000460244363600002224	0100000075032715215knjqtY93YWZq
000460244363600002224	0100000075032715215g4WRcM93LvTg
000460244363600002224	0100000075032715215<CV:rw93r0fD
000460244363600002224	0100000075032715215WwBuEt93KgSJ
000460244363600002224	0100000075032715215aNqGKF93sgbm
000460244363600002224	0100000075032715215eep?sF93Rw73
000460244363600002224	0100000075032715215H0Qy4V93Dkl0
000460244363600002224	0100000075032715215Wm'JiY93u3qY
000460244363600002224	0100000075032715215hFrHP?939KqV
000460244363600002224	0100000075032715215hM1D=X93YCyP
000460244363600002224	0100000075032715215:Hadwm93PeRc
000460244363600002233	01000000750327152155QrMSp93iMtc
000460244363600002233	0100000075032715215XAv.BG93oZGz
000460244363600002233	0100000075032715215oBQHv493pbl7
000460244363600002233	0100000075032715215w0f('P93aUrk
000460244363600002233	0100000075032715215faNJNr93IO77
000460244363600002233	01000000750327152155)D/'Y93rCpD
000460244363600002233	0100000075032715215C,JZa9930rFd
000460244363600002233	0100000075032715215OOabfk93UieN
000460244363600002233	0100000075032715215/Niumn938r5l
000460244363600002233	0100000075032715215eQji-U935buH
000460244363600002233	0100000075032715215JIjbWD93OEt7
000460244363600002233	0100000075032715215ftopfr93fpGp
000460244363600002233	0100000075032715215"Mlp"993/35r
000460244363600002233	0100000075032715215YDa&so93/be6
000460244363600002233	0100000075032715215wQilLN933Hnl
000460244363600002233	0100000075032715215&62UCP93+3Rx
000460244363600002233	0100000075032715215+AchXA93CjPG
000460244363600002233	0100000075032715215F:E?8s93o2L9
000460244363600002233	0100000075032715215kx3aPe93bHgT
000460244363600002233	0100000075032715215hU*cr"934/84
000460244363600002233	0100000075032715215CM-6JT93lfd6
000460244363600002233	0100000075032715215n3&.nl93p8W9
000460244363600002233	0100000075032715215C<:LpQ93KNyf
000460244363600002233	0100000075032715215zN0fog932tVe
000460244363600002242	0100000075032715215X/SMcM93bhwm
000460244363600002242	0100000075032715215-hpR.b93ogLa
000460244363600002242	0100000075032715215tOxtCQ93BGjg
000460244363600002242	0100000075032715215F2jThR93Q03c
000460244363600002242	0100000075032715215YUVGZp93WQXL
000460244363600002242	0100000075032715215lm_Hvx933umM
000460244363600002242	0100000075032715215Lgepw-93wnfe
000460244363600002242	01000000750327152156N/T<C93HmXb
000460244363600002242	0100000075032715215jqssOH93qwQn
000460244363600002242	0100000075032715215FOTMK:93Y4tJ
000460244363600002242	0100000075032715215MJWihY93IiMA
000460244363600002242	0100000075032715215_<p+lh937Hra
000460244363600002242	0100000075032715215rSMoPJ93JDp8
000460244363600002242	0100000075032715215(T<oO993Unwt
000460244363600002242	0100000075032715215(;Djfl93t08g
000460244363600002242	0100000075032715215dSDjXo93Rsx/
000460244363600002242	0100000075032715215TUSM/(93txl+
000460244363600002242	0100000075032715215A<e93293uSo2
000460244363600002242	0100000075032715215y4yILk93JP1G
000460244363600002242	0100000075032715215=ak2tn93NAEd
000460244363600002242	0100000075032715215rpa(Ts93sRrO
000460244363600002242	0100000075032715215sSYVK+93tw2Y
000460244363600002242	0100000075032715215a('oSM93Awmr
000460244363600002242	0100000075032715215;K3W/T93B4JN
000460244363600002251	0100000075032715215RYQkKQ936DKk
000460244363600002251	0100000075032715215Tk,<f-93w+CQ
000460244363600002251	0100000075032715215pdmCR693Uc91
000460244363600002251	0100000075032715215OiVmtE93GxX2
000460244363600002251	0100000075032715215dhqDEM93a6wq
000460244363600002251	0100000075032715215K'l3bk93+Bu2
000460244363600002251	0100000075032715215tW.IX893NzrY
000460244363600002251	0100000075032715215GzlRtG93d8Ka
000460244363600002251	0100000075032715215IwLdSa93nURO
000460244363600002251	0100000075032715215kfS;sZ93yrBE
000460244363600002251	0100000075032715215rKXh2b93xa6W
000460244363600002251	0100000075032715215ZN8?Hv93sq25
000460244363600002251	0100000075032715215=B5<hd93YEku
000460244363600002251	0100000075032715215oPY1)=93O1xL
000460244363600002251	010000007503271521577Wh5K93tqrc
000460244363600002251	0100000075032715215i1T/M*93H1WJ
000460244363600002251	01000000750327152158TIJZF9329Wt
000460244363600002251	0100000075032715215Y=_==b93BdZ/
000460244363600002251	0100000075032715215GxPtME93GTua
000460244363600002251	0100000075032715215HIHsav93u+Fn
000460244363600002251	0100000075032715215ovuIkV933fhv
000460244363600002251	0100000075032715215ng2Sv<93MqI5
000460244363600002251	0100000075032715215V!YBbs93N7tf
000460244363600002251	0100000075032715215ENTmsB93rCEZ
000460244363600002260	0100000075032715215xZHGro93Z44x
000460244363600002260	0100000075032715215X>B"!X93legz
000460244363600002260	0100000075032715215=Gml1Q93MmSE
000460244363600002260	0100000075032715215gy9ZOL93CD2P
000460244363600002260	0100000075032715215kiLWzq93TJXx
000460244363600002260	0100000075032715215AaAA0493jPfU
000460244363600002260	0100000075032715215jXRnJb93W5SE
000460244363600002260	01000000750327152159mCglF93yRyM
000460244363600002260	0100000075032715215=DEu"F93NkEt
000460244363600002260	0100000075032715215Vbq2cR93eMQ4
000460244363600002260	0100000075032715215w.Cmw193SVeE
000460244363600002260	0100000075032715215jG1dXJ93gidu
000460244363600002260	01000000750327152154Wu3SB939ydi
000460244363600002260	0100000075032715215i3fNPF93vw9F
000460244363600002260	01000000750327152156bzKuq934QRR
000460244363600002260	0100000075032715215_XnTxX93U0W/
000460244363600002260	0100000075032715215D2/fOH93BSac
000460244363600002260	0100000075032715215OGgOUk93Lwvp
000460244363600002260	0100000075032715215VeZdM*93436E
000460244363600002260	0100000075032715215ZTRaoU93ycJe
000460244363600002260	0100000075032715215+_,nbh93fRN7
000460244363600002260	0100000075032715215u=lkQ%936M3O
000460244363600002260	0100000075032715215n+G7Q>93dTvr
000460244363600002260	0100000075032715215AlsmYN93cLV2
000460244363600002279	0100000075032715215ZUj85A93l/xW
000460244363600002279	0100000075032715215bcOVjo93Q9oI
000460244363600002279	0100000075032715215qe=FzX93cKT4
000460244363600002279	0100000075032715215XCN4fV93OacV
000460244363600002279	01000000750327152154+bbBa93+VSS
000460244363600002279	0100000075032715215cfCoel93LoNq
000460244363600002279	01000000750327152158Xk/h&93JlC5
000460244363600002279	0100000075032715215dZZk9Y93lFPo
000460244363600002279	0100000075032715215cdtM":93N9Up
000460244363600002279	0100000075032715215VF40vs93vyI5
000460244363600002279	0100000075032715215gMmr5E93PzJG
000460244363600002279	0100000075032715215ZRcj_C93n2AK
000460244363600002279	0100000075032715215xX4mB!93A+Fm
000460244363600002279	0100000075032715215AhgBZc93YN8B
000460244363600002279	0100000075032715215iXggIH93RrSc
000460244363600002279	0100000075032715215c:;lMu938b0B
000460244363600002279	0100000075032715215dyP<jt93ULOA
000460244363600002279	0100000075032715215"(hm.N93XX7r
000460244363600002279	0100000075032715215..p!U%93cKRQ
000460244363600002279	0100000075032715215ZsOWlt93e1LU
000460244363600002279	0100000075032715215XQP"YO938+cD
000460244363600002279	0100000075032715215OFmRyW93nHyz
000460244363600002279	0100000075032715215&t-Wgj93Qd+P
000460244363600002279	0100000075032715215NMDbq>93/y7o
000460244363600002288	0100000075032715215P(ruLV93LCrv
000460244363600002288	0100000075032715215NOWKVY93lELk
000460244363600002288	0100000075032715215pCI5'H934931
000460244363600002288	0100000075032715215VrUT&-93dtlQ
000460244363600002288	0100000075032715215T9kJ:g93UtH4
000460244363600002288	0100000075032715215iOIODf93OGGq
000460244363600002288	0100000075032715215vIYZ'c93+jp0
000460244363600002288	0100000075032715215s>/h6<93IwvF
000460244363600002288	0100000075032715215<IQoEm93+AhP
000460244363600002288	0100000075032715215oAQKG193Qonj
000460244363600002288	0100000075032715215aVongn93A0l1
000460244363600002288	0100000075032715215HF/M>T93V/YO
000460244363600002288	0100000075032715215<NtsrQ93Taoo
000460244363600002288	0100000075032715215Wmgmi293WTwX
000460244363600002288	0100000075032715215<GRu,1930dIz
000460244363600002288	0100000075032715215alAOs293RQer
000460244363600002288	0100000075032715215:i,gAH934XRq
000460244363600002288	0100000075032715215qz(Hka938/JB
000460244363600002288	0100000075032715215ko!Ovm93L9k9
000460244363600002288	0100000075032715215)%5RNZ93MDTC
000460244363600002288	0100000075032715215g;eRd>93eIT+
000460244363600002288	01000000750327152158rluK193Uiql
000460244363600002288	0100000075032715215HuJG1f93NE1M
000460244363600002288	0100000075032715215DV>'CS93JdlV
000460244363600002297	0100000075032715215UJJoiv93Q/hT
000460244363600002297	0100000075032715215YQm/Wh93DhA3
000460244363600002297	01000000750327152155T&sp:93304n
000460244363600002297	0100000075032715215txaMN8930j4P
000460244363600002297	0100000075032715215kD=75l93F6X3
000460244363600002297	0100000075032715215Wep/U!93NLoN
000460244363600002297	0100000075032715215pg,M6K93W6oK
000460244363600002297	0100000075032715215qKhV%G936xmk
000460244363600002297	010000007503271521598Dln*93BU7L
000460244363600002297	0100000075032715215Jzr.z,93QDSq
000460244363600002297	0100000075032715215e_L3UQ93bnKs
000460244363600002297	0100000075032715215fHodq+93vkVf
000460244363600002297	0100000075032715215iDu&&a937GKO
000460244363600002297	0100000075032715215ZYkLS693FKNR
000460244363600002297	0100000075032715215.Eg-b'93PlTN
000460244363600002297	0100000075032715215rdSVni93Jvjf
000460244363600002297	0100000075032715215P0memQ93ncFo
000460244363600002297	0100000075032715215FZF>W,93uRP0
000460244363600002297	0100000075032715215UJ&-B*93l1ir
000460244363600002297	01000000750327152151GkNW%931aeU
000460244363600002297	0100000075032715215tXb&S>93PsyR
000460244363600002297	0100000075032715215kaVtnT93KQTr
000460244363600002297	0100000075032715215teUe'o93E1DA
000460244363600002297	0100000075032715215wov&?q939lgl
000460244363600002303	0100000075032715215SRZtka93Xagi
000460244363600002303	01000000750327152159YEfGa93cjGH
000460244363600002303	0100000075032715215v:dYOK939RKJ
000460244363600002303	0100000075032715215N'V.Es938peV
000460244363600002303	0100000075032715215CuX8eH93LI+A
000460244363600002303	0100000075032715215aNY0Db93LiwA
000460244363600002303	0100000075032715215oT"m"c93+njP
000460244363600002303	0100000075032715215VDNWoc93zupA
000460244363600002303	0100000075032715215Q.riHQ93LfTq
000460244363600002303	0100000075032715215TNdqN?93gFgl
000460244363600002303	0100000075032715215M/n4<g93QSrU
000460244363600002303	0100000075032715215a'lOZG93Dmvb
000460244363600002303	0100000075032715215NeTgb093XSPr
000460244363600002303	0100000075032715215U)_NeB93GzSY
000460244363600002303	0100000075032715215hsofgD93HCYI
000460244363600002303	0100000075032715215bcbo3c93a7UO
000460244363600002303	0100000075032715215wXFGX>93g4gG
000460244363600002303	0100000075032715215<dPfbJ932lOB
000460244363600002303	0100000075032715215eZBTED939RgN
000460244363600002303	0100000075032715215-I-3jo93YzFT
000460244363600002303	0100000075032715215B:Em;q93Q3mJ
000460244363600002303	0100000075032715215<mxPb893PKC7
000460244363600002303	0100000075032715215Zgjb+g932+59
000460244363600002303	0100000075032715215PEoj'D93wAj9
000460244363600002312	0100000075032715215eqsaS;93FQel
000460244363600002312	0100000075032715215BTX7d)93XcPC
000460244363600002312	0100000075032715215qubjN?93Oqth
000460244363600002312	0100000075032715215g>VvBn93bN5Q
000460244363600002312	0100000075032715215h-=_BR93dvgB
000460244363600002312	0100000075032715215x&UDBf931Khq
000460244363600002312	0100000075032715215G_4Y-n93fV+3
000460244363600002312	0100000075032715215u>wbO993sYFo
000460244363600002312	0100000075032715215?Cna5Z934Ng0
000460244363600002312	01000000750327152152hoEjw93GrtQ
000460244363600002312	01000000750327152152hT?eh93Pl3V
000460244363600002312	01000000750327152158T0f5j93014M
000460244363600002312	0100000075032715215RPEvIl93I4GR
000460244363600002312	01000000750327152150zc;Uk93+4JG
000460244363600002312	0100000075032715215GBBK5593OWx6
000460244363600002312	0100000075032715215fPhy5?93S9WI
000460244363600002312	0100000075032715215DX:qCL93IJUv
000460244363600002312	0100000075032715215DHt=iV93V8j3
000460244363600002312	0100000075032715215IMY5o'93e9wV
000460244363600002312	0100000075032715215TNU9FS93+wsU
000460244363600002312	0100000075032715215l/A&w:93oKvB
000460244363600002312	0100000075032715215mTCChJ93gJZJ
000460244363600002312	0100000075032715215yR9M4r93vrLA
000460244363600002312	0100000075032715215,XCSwV93+pHp
000460244363600002321	0100000075032715215n9Un,w93LWwI
000460244363600002321	0100000075032715215-M'Q=S93e30O
000460244363600002321	01000000750327152154mPKvP93fNRp
000460244363600002321	0100000075032715215LGaO?Q93OsAe
000460244363600002321	0100000075032715215pVGMkT9330pa
000460244363600002321	0100000075032715215;hPhHL93xZHy
000460244363600002321	0100000075032715215Nne.pk931Mrh
000460244363600002321	0100000075032715215vj<BF993EjUK
000460244363600002321	0100000075032715215nm_EUN934Uo7
000460244363600002321	0100000075032715215nvuu'e93tzyV
000460244363600002321	0100000075032715215PAY.PH93phwu
000460244363600002321	0100000075032715215HgR3Hy93rPkI
000460244363600002321	0100000075032715215k)Z6Hj93YGuj
000460244363600002321	01000000750327152151>lGU893OVPa
000460244363600002321	0100000075032715215dh;;zl93v9P+
000460244363600002321	0100000075032715215SfT9dE93Y//x
000460244363600002321	0100000075032715215Mjjz?_93hnq3
000460244363600002321	0100000075032715215jTWhGb93VaIj
000460244363600002321	0100000075032715215qrPQrY938Uy/
000460244363600002321	0100000075032715215BRrOLt93dxUN
000460244363600002321	0100000075032715215v,?qf193wVWC
000460244363600002321	0100000075032715215OVd'F:93eG7h
000460244363600002321	0100000075032715215SWO!TM93IyFb
000460244363600002321	0100000075032715215acj/-a934LhZ
000460244363600002330	0100000075032715215,IEqBF93/spH
000460244363600002330	0100000075032715215EmM,SZ93UXiw
000460244363600002330	01000000750327152159LYpN293pU1M
000460244363600002330	0100000075032715215rlb/3493+Cm4
000460244363600002330	0100000075032715215m3fSJ;937bzq
000460244363600002330	0100000075032715215)=rIxJ93zPZi
000460244363600002330	0100000075032715215IehRMW93YwsT
000460244363600002330	0100000075032715215M-;tRo93mDGj
000460244363600002330	0100000075032715215VWQK*Q93kCfm
000460244363600002330	0100000075032715215Z1!4eY933Cm7
000460244363600002330	0100000075032715215;/sPFD93NSJO
000460244363600002330	0100000075032715215fla)ua93TdQA
000460244363600002330	0100000075032715215mYuPNB93XkCQ
000460244363600002330	0100000075032715215k8dwrG93c1V8
000460244363600002330	0100000075032715215NaiTTJ93ZoAG
000460244363600002330	0100000075032715215A6JBmT934rqf
000460244363600002330	0100000075032715215BrY.,M93VIih
000460244363600002330	0100000075032715215HmeC9A931LLU
000460244363600002330	0100000075032715215jnGS(p936gm7
000460244363600002330	0100000075032715215g;TfTt93LDNp
000460244363600002330	0100000075032715215rQYnl'93UShd
000460244363600002330	0100000075032715215kKFUDE93vGl0
000460244363600002330	0100000075032715215BCYhLJ93Xf36
000460244363600002330	01000000750327152155'Q4n293Z9UL
000460244363600002349	0100000075032715215SZd-HH9354ud
000460244363600002349	0100000075032715215wr:mRt93AyJv
000460244363600002349	0100000075032715215mtsHAH93Zydw
000460244363600002349	0100000075032715215lN34()93sA+A
000460244363600002349	0100000075032715215XJvE(s93DglQ
000460244363600002349	0100000075032715215"0tU<J93Lor6
000460244363600002349	0100000075032715215(pJqa793beFh
000460244363600002349	0100000075032715215?LED=F932dr9
000460244363600002349	0100000075032715215NuBlaX93NWpY
000460244363600002349	0100000075032715215XKXTZl93Pw3L
000460244363600002349	0100000075032715215.*bJA9935fla
000460244363600002349	0100000075032715215Nhvm4V93eIRf
000460244363600002349	0100000075032715215sMKJj193lOJc
000460244363600002349	0100000075032715215<TWWN<93ZxZS
000460244363600002349	0100000075032715215vULG'e93ETgY
000460244363600002349	0100000075032715215?ztc_&93ePxq
000460244363600002349	0100000075032715215erOlH'93I4UO
000460244363600002349	0100000075032715215ztvOJ493W581
000460244363600002349	0100000075032715215sdilCR93ESLi
000460244363600002349	01000000750327152150ekIEp93VuC1
000460244363600002349	0100000075032715215)HK0/H933G5+
000460244363600002349	0100000075032715215%N5IDs93ZRtI
000460244363600002349	0100000075032715215VecF&K934IrD
000460244363600002349	01000000750327152155DX(=c93uV2V
000460244363600002358	0100000075032715215K(JUr&93DKBl
000460244363600002358	0100000075032715215X8*Ujw93dbd2
000460244363600002358	0100000075032715215dXLt4n93cNmG
000460244363600002358	0100000075032715215upIb4K93pD2r
000460244363600002358	0100000075032715215pSBB(493lIEv
000460244363600002358	0100000075032715215HD_W6<93YjDg
000460244363600002358	0100000075032715215yMaVPK93P8rs
000460244363600002358	0100000075032715215FZZJ_O939lWP
000460244363600002358	0100000075032715215k)oAAs93sJ50
000460244363600002358	0100000075032715215APc=UP93Vnzz
000460244363600002358	0100000075032715215xdKp>"93Eelq
000460244363600002358	0100000075032715215VIHH*<93JEx7
000460244363600002358	0100000075032715215R4Lits93Qno4
000460244363600002358	0100000075032715215KP5jKI935dme
000460244363600002358	0100000075032715215ZBkZnb93c5t2
000460244363600002358	0100000075032715215u%;mjw93kCTM
000460244363600002358	0100000075032715215;9=jLf93WHTa
000460244363600002358	0100000075032715215jtrOIF934drA
000460244363600002358	0100000075032715215RfYcao93ZDeT
000460244363600002358	0100000075032715215TdjEdZ931USX
000460244363600002358	0100000075032715215G?dqfV93e3Rq
000460244363600002358	0100000075032715215SBY:0R93Tyh1
000460244363600002358	0100000075032715215-R2"0!93A5ah
000460244363600002358	0100000075032715215e!vhGg93taP7
000460244363600002367	0100000075032715215kdt!os93PSig
000460244363600002367	0100000075032715215,qispn93rIjl
000460244363600002367	0100000075032715215CuUKOU93rcTr
000460244363600002367	0100000075032715215c;+l=n93+hG4
000460244363600002367	0100000075032715215DRlTYX93H8HT
000460244363600002367	0100000075032715215qsSQmF93WKwe
000460244363600002367	01000000750327152158LP+rE93KBzp
000460244363600002367	0100000075032715215YpDGPn93kB1X
000460244363600002367	0100000075032715215cBImfW93LfLs
000460244363600002367	0100000075032715215_mkYif93pYIN
000460244363600002367	0100000075032715215>;Flpj934LEB
000460244363600002367	0100000075032715215l2ML0U93xlBm
000460244363600002367	0100000075032715215BAnMf693Ncd7
000460244363600002367	0100000075032715215pQptXV93IlCj
000460244363600002367	0100000075032715215gXLKTg93L8/3
000460244363600002367	0100000075032715215bWiJ7r931bn+
000460244363600002367	0100000075032715215VZpe:l936KQS
000460244363600002367	0100000075032715215sej?Sn93cj5T
000460244363600002367	0100000075032715215ZFWmm%930+sN
000460244363600002367	0100000075032715215N(1Yns93QBG/
000460244363600002367	0100000075032715215(Wc34+93YD1U
000460244363600002367	0100000075032715215jY.0n&93YbE3
000460244363600002367	0100000075032715215Et,xB)93Eduh
000460244363600002367	0100000075032715215;Km_H=93Hb25
000460244363600002376	0100000075032715215g1fsHh935Jd4
000460244363600002376	0100000075032715215jYqo;d93JQvO
000460244363600002376	01000000750327152152L7)Dp93TuAP
000460244363600002376	0100000075032715215uJFW&b9359VL
000460244363600002376	0100000075032715215?YkAs993IrqA
000460244363600002376	0100000075032715215TNUG8g93nuuw
000460244363600002376	0100000075032715215U?hsB?93SBAT
000460244363600002376	0100000075032715215WOQfio934tSJ
000460244363600002376	0100000075032715215Z'Cbyc932dwD
000460244363600002376	0100000075032715215tT9(8p93yE79
000460244363600002376	0100000075032715215VVXf./93a+5a
000460244363600002376	0100000075032715215r!E6wr9301Ah
000460244363600002376	0100000075032715215Zm;"0a93Arvs
000460244363600002376	0100000075032715215qKG_FC934C+J
000460244363600002376	0100000075032715215N9Ca=J93sssN
000460244363600002376	0100000075032715215b_EGgr931BOB
000460244363600002376	0100000075032715215P/McfZ93jEsa
000460244363600002376	0100000075032715215,KHufh93NzNi
000460244363600002376	0100000075032715215OQ/jZv93NPTX
000460244363600002376	0100000075032715215h:;tPf93yJmt
000460244363600002376	0100000075032715215hFOX1E93KnEt
000460244363600002376	0100000075032715215fR"c4x93ryEz
000460244363600002376	0100000075032715215=)gGBO93Nrns
000460244363600002376	0100000075032715215pj6W(Y93ZlS+
000460244363600002385	0100000075032715215qcW:hG93Akyr
000460244363600002385	0100000075032715215k%,+jh93LcKZ
000460244363600002385	01000000750327152155oI)Uo93pHYV
000460244363600002385	01000000750327152159cP8T793PRHx
000460244363600002385	0100000075032715215;.SIiG933W0a
000460244363600002385	0100000075032715215%kTRPz93NM5F
000460244363600002385	0100000075032715215IdUTfA93etHW
000460244363600002385	0100000075032715215DF8G5K938gXT
000460244363600002385	0100000075032715215X-NfL293BJ0M
000460244363600002385	0100000075032715215(,k7eD93LW44
000460244363600002385	0100000075032715215GPOXRc932Gs9
000460244363600002385	0100000075032715215Tti=Gg93DIq6
000460244363600002385	0100000075032715215_oPQ'R93xnYw
000460244363600002385	0100000075032715215fEwEDp93VRX4
000460244363600002385	0100000075032715215PWGVD993+VKZ
000460244363600002385	0100000075032715215BAj<Gb93MIMg
000460244363600002385	0100000075032715215HLkqUM93JfWK
000460244363600002385	0100000075032715215FlK-RU934gPi
000460244363600002385	0100000075032715215qcrjvD93kOy0
000460244363600002385	0100000075032715215BZLH>p934x61
000460244363600002385	0100000075032715215nw3IRH93lV70
000460244363600002385	01000000750327152157g>8lS93ta5B
000460244363600002385	0100000075032715215zZH,8A939lZo
000460244363600002385	01000000750327152154lAE,/93I3+P
000460244363600002394	0100000075032715215Qm;XZf93lWaj
000460244363600002394	0100000075032715215XED0Ai93/0Wb
000460244363600002394	0100000075032715215GJqxH1939KKf
000460244363600002394	0100000075032715215%Ic/Mk93cGQV
000460244363600002394	0100000075032715215DBRp)I936nCg
000460244363600002394	0100000075032715215lk,Sq893u6Rg
000460244363600002394	0100000075032715215wnBtTd93dKTm
000460244363600002394	0100000075032715215ppCM'J93gUUn
000460244363600002394	0100000075032715215UEGC<493xOIc
000460244363600002394	0100000075032715215b-Du-S93okHd
000460244363600002394	0100000075032715215n5Mpet93Bibi
000460244363600002394	0100000075032715215ixdaoq93ZpBN
000460244363600002394	0100000075032715215qrUirM93U8wL
000460244363600002394	01000000750327152152io9"593twNc
000460244363600002394	0100000075032715215RofQ0D93jOE0
000460244363600002394	0100000075032715215lPYi9b93rNL9
000460244363600002394	0100000075032715215U9A:dC93UAgU
000460244363600002394	0100000075032715215iV:AS493mq81
000460244363600002394	0100000075032715215AG7i2g93Ya0/
000460244363600002394	010000007503271521599TWxH93WeWv
000460244363600002394	0100000075032715215FX+_fq93PCkp
000460244363600002394	0100000075032715215ckrWce93PMtw
000460244363600002394	0100000075032715215rnfhP)93eUeo
000460244363600002394	0100000075032715215>YKiEX932VZl
000460244363600002400	0100000075032715215EgVNsH93enUn
000460244363600002400	0100000075032715215V(PWMg93WbAJ
000460244363600002400	0100000075032715215dJhbNm93f0ix
000460244363600002400	0100000075032715215lsLL='93UN3s
000460244363600002400	0100000075032715215,oZcZu93tLzg
000460244363600002400	0100000075032715215TsgZ8b939HnZ
000460244363600002400	0100000075032715215HMfzjH93PtQT
000460244363600002400	0100000075032715215q)?b?F93yWjZ
000460244363600002400	0100000075032715215HYQ9!O93ZLiY
000460244363600002400	0100000075032715215XhZR:R93zMbk
000460244363600002400	0100000075032715215Za7Z8j93LS00
000460244363600002400	01000000750327152157iSnFi93F0kg
000460244363600002400	0100000075032715215_TBV?p93klJI
000460244363600002400	0100000075032715215otI)bz93lCP+
000460244363600002400	0100000075032715215R;Burj93xM4D
000460244363600002400	0100000075032715215mDN+qh93K0fy
000460244363600002400	01000000750327152158pygwZ93PoFz
000460244363600002400	0100000075032715215jCDTeM93f3AG
000460244363600002400	0100000075032715215U8n8k893qnV7
000460244363600002400	0100000075032715215TGlsGU93C5Ca
000460244363600002400	0100000075032715215KhfL-I93CQw+
000460244363600002400	0100000075032715215%V8gLA932Qz/
000460244363600002400	0100000075032715215KSAqRP93vs/i
000460244363600002400	0100000075032715215IJZF.P93t0rY
000460244363600002419	0100000075032715215hGm.Nh93HpUc
000460244363600002419	01000000750327152152hQWht934YGQ
000460244363600002419	0100000075032715215OhcQlX935r9u
000460244363600002419	0100000075032715215uUJE4d93RZd4
000460244363600002419	0100000075032715215l:"Ki893zjj4
000460244363600002419	0100000075032715215Ej2JT-93J2Uv
000460244363600002419	0100000075032715215m">WJt93zG3O
000460244363600002419	0100000075032715215qKcTqq93RZNi
000460244363600002419	0100000075032715215rkav+A93vVVp
000460244363600002419	0100000075032715215'PTFto93+jmJ
000460244363600002419	0100000075032715215r1fHj793yNdz
000460244363600002419	0100000075032715215iEiWQF93dG1Q
000460244363600002419	0100000075032715215L5Jqel933DuC
000460244363600002419	0100000075032715215U.bGsS93wK7V
000460244363600002419	0100000075032715215DVI')Y93XMPn
000460244363600002419	0100000075032715215Zj)UOC93AUlp
000460244363600002419	0100000075032715215HQ!,%h93dQvv
000460244363600002419	01000000750327152153lMxpg93+MKW
000460244363600002419	0100000075032715215tya=)T93wtI1
000460244363600002419	0100000075032715215Vdyt;J93KkKG
000460244363600002419	0100000075032715215hlbDRf93PSAi
000460244363600002419	0100000075032715215DNYVGF93Rs3/
000460244363600002419	01000000750327152157DEMXu93Vy27
000460244363600002419	0100000075032715215vBNp&z93U3KL
000460244363600002428	0100000075032715215RUTbCX93zuIf
000460244363600002428	01000000750327152150bKuui93NrfP
000460244363600002428	0100000075032715215+>HgWi93EJ0Z
000460244363600002428	0100000075032715215fDZN%K93Y/uH
000460244363600002428	0100000075032715215PBzFjC93tS5d
000460244363600002428	0100000075032715215cbJu1f937BfP
000460244363600002428	0100000075032715215XwURIp93M0KI
000460244363600002428	0100000075032715215M=FgbM9313kj
000460244363600002428	0100000075032715215UsLcb193yUK6
000460244363600002428	0100000075032715215a!nojQ93RVIo
000460244363600002428	01000000750327152157Jn,QU93dY0U
000460244363600002428	0100000075032715215nm+n&o93FHGR
000460244363600002428	0100000075032715215A&Npm493Jpsh
000460244363600002428	0100000075032715215ep"kTU93KifQ
000460244363600002428	0100000075032715215eriW*q93Edm0
000460244363600002428	0100000075032715215K4fW>g93vI9K
000460244363600002428	0100000075032715215Dk'ftE93z7j8
000460244363600002428	0100000075032715215-bnBJd93zdZN
000460244363600002428	0100000075032715215Qt8ltb93EVQ3
000460244363600002428	0100000075032715215mWGv.S93KowJ
000460244363600002428	0100000075032715215N>Wv6B93jLpo
000460244363600002428	0100000075032715215fM9XVs93MeXn
000460244363600002428	0100000075032715215LIl=FJ93kvDV
000460244363600002428	0100000075032715215RZ=-6N93VxcQ
000460244363600002437	0100000075032715215nebGq"93aUgq
000460244363600002437	0100000075032715215tQCgAn93TLO0
000460244363600002437	010000007503271521535VkvB93Bt/N
000460244363600002437	0100000075032715215ptNRJO93363H
000460244363600002437	0100000075032715215DFlB+g9370MQ
000460244363600002437	0100000075032715215e_KEDv93kar5
000460244363600002437	0100000075032715215'Bw4Cr93iP7D
000460244363600002437	0100000075032715215UOXWAV93NlPF
000460244363600002437	0100000075032715215UFk2T293velG
000460244363600002437	0100000075032715215aaPAls93mvYS
000460244363600002437	0100000075032715215r5%mA893FqCG
000460244363600002437	0100000075032715215ebYWYK93f3cG
000460244363600002437	0100000075032715215UI=dOz938efB
000460244363600002437	0100000075032715215oTYzjX93kEYd
000460244363600002437	01000000750327152156*e=,d93IS/h
000460244363600002437	0100000075032715215OwqARB93hNNS
000460244363600002437	0100000075032715215(hZ"yf93Top1
000460244363600002437	0100000075032715215d+JW!c93C//N
000460244363600002437	0100000075032715215Ta>Q0i93FBMO
000460244363600002437	0100000075032715215<1eng593dqX+
000460244363600002437	0100000075032715215qiRsBq93Pck5
000460244363600002437	0100000075032715215cLVQ=B93onSI
000460244363600002437	0100000075032715215FZPS)793kJLy
000460244363600002437	0100000075032715215hxr%E193DbFo
000460244363600002446	0100000075032715215"m=*pf93z7f9
000460244363600002446	0100000075032715215IHq5OK93mxnu
000460244363600002446	0100000075032715215aEaN<f933yh4
000460244363600002446	0100000075032715215a9oWOo93qe8B
000460244363600002446	0100000075032715215Ifp4FB93/Ot+
000460244363600002446	0100000075032715215%(0)ni93GnYJ
000460244363600002446	0100000075032715215O,Xj<(93vyuF
000460244363600002446	0100000075032715215gVQOJe93UIj+
000460244363600002446	0100000075032715215AaM7G"93p8BQ
000460244363600002446	0100000075032715215ifiy4R93PEUd
000460244363600002446	0100000075032715215y=+ctF93RYXA
000460244363600002446	0100000075032715215ivp%bn93XoN7
000460244363600002446	0100000075032715215Z?0K_e93uF2o
000460244363600002446	0100000075032715215D5Qbgu93Syvj
000460244363600002446	0100000075032715215=PQItf93XU8K
000460244363600002446	0100000075032715215X!d71M93Rq7y
000460244363600002446	01000000750327152152hkRtH93mPCP
000460244363600002446	0100000075032715215CvF"8d93L9Pu
000460244363600002446	01000000750327152153RrG9P9352r2
000460244363600002446	0100000075032715215Usfaes93lwkh
000460244363600002446	0100000075032715215NQbxel930n7C
000460244363600002446	0100000075032715215?jqk7k93lTiK
000460244363600002446	0100000075032715215'Kmtge93CCAq
000460244363600002446	0100000075032715215-fZCpR93k443
000460244363600002455	01000000750327152153I<gYd93Wo8A
000460244363600002455	0100000075032715215JLvAWS93pLKr
000460244363600002455	0100000075032715215rN?JpQ9314TC
000460244363600002455	0100000075032715215LXjejM93+cqR
000460244363600002455	0100000075032715215_X'ZYs93UzkB
000460244363600002455	0100000075032715215%<r4Sa934MqZ
000460244363600002455	010000007503271521579kS-k93DTcQ
000460244363600002455	0100000075032715215Q9."fH939XJk
000460244363600002455	0100000075032715215op6Rut93ENET
000460244363600002455	0100000075032715215u"6m0X93A3c9
000460244363600002455	0100000075032715215Hz,Ioj93sFCw
000460244363600002455	0100000075032715215QWc8U/93g1e1
000460244363600002455	0100000075032715215dPYX.C93z0Zg
000460244363600002455	0100000075032715215TwDk4c93qYpP
000460244363600002455	0100000075032715215B2p-2L93wvFs
000460244363600002455	01000000750327152157DQPxg93BWEd
000460244363600002455	0100000075032715215KfQQsM93dBd5
000460244363600002455	0100000075032715215reda=(93QhE7
000460244363600002455	0100000075032715215NLs6GT93xdve
000460244363600002455	0100000075032715215cpF0Sq93ZGok
000460244363600002455	0100000075032715215nNquD293mkbp
000460244363600002455	0100000075032715215C_Jt-o93lZdo
000460244363600002455	0100000075032715215khegId93Z447
000460244363600002455	0100000075032715215ea&%rF93VeNu
000460244363600002464	0100000075032715215Dh1KbO935IpO
000460244363600002464	0100000075032715215zXKuVU93gLPE
000460244363600002464	0100000075032715215lJrBk+93bcJx
000460244363600002464	0100000075032715215PVjkrr93M3vJ
000460244363600002464	0100000075032715215+UgL!393iXa1
000460244363600002464	0100000075032715215,%H3=k93D3tt
000460244363600002464	0100000075032715215nJrYK"933nRY
000460244363600002464	0100000075032715215SMpukp93n/X3
000460244363600002464	0100000075032715215eIdFec9320ev
000460244363600002464	0100000075032715215/7mH%J93sMxt
000460244363600002464	0100000075032715215.ghEco93EoRC
000460244363600002464	01000000750327152154ixMAt93q+Ku
000460244363600002464	0100000075032715215M=MDEV93YZbY
000460244363600002464	0100000075032715215O;wq_m938Vvf
000460244363600002464	0100000075032715215HcZVQ293McHh
000460244363600002464	0100000075032715215vmiaU%93CV5e
000460244363600002464	01000000750327152156ZO1bZ938rd4
000460244363600002464	0100000075032715215kuOOP!93hfAR
000460244363600002464	0100000075032715215q0QQln93bxl3
000460244363600002464	0100000075032715215=k*<nq93U+Gs
000460244363600002464	0100000075032715215!LPb(t93hhN5
000460244363600002464	0100000075032715215u>acDJ93ZRdj
000460244363600002464	01000000750327152152j<8Wa93fAqu
000460244363600002464	0100000075032715215*LW4.G93vPuc
000460244363600002473	0100000075032715215!ZPTF2933SQg
000460244363600002473	0100000075032715215HPugdb93xGa5
000460244363600002473	0100000075032715215ysh8V793L/EL
000460244363600002473	0100000075032715215mSshWG932kxe
000460244363600002473	01000000750327152151(cHh+93yiIl
000460244363600002473	0100000075032715215nq:2LT93Rqzw
000460244363600002473	01000000750327152154joHue93VBnD
000460244363600002473	0100000075032715215&,BB;T93ULCW
000460244363600002473	0100000075032715215dJYCv293MD4e
000460244363600002473	0100000075032715215X6jzEW93r9rY
000460244363600002473	0100000075032715215V%PsIS93aIPG
000460244363600002473	0100000075032715215p;YmS493Vajl
000460244363600002473	01000000750327152156K/Ojc93esiE
000460244363600002473	0100000075032715215+Nkno)93WTJ1
000460244363600002473	0100000075032715215BOA<<U93+QHM
000460244363600002473	01000000750327152158e2(3A93aBvt
000460244363600002473	0100000075032715215C1)ds"93cTvF
000460244363600002473	01000000750327152152==O-F93PDzE
000460244363600002473	0100000075032715215bZEoQh93CzcX
000460244363600002473	0100000075032715215Pb"!*'93YAjE
000460244363600002473	0100000075032715215bLm7)S932Viq
000460244363600002473	01000000750327152159BV!Qc93i0Yc
000460244363600002473	0100000075032715215'scf9393p8Gd
000460244363600002473	0100000075032715215jH8O-J93/2vB
000460244363600002482	0100000075032715215hqNDSp93NPsg
000460244363600002482	0100000075032715215tjoV2;93LqMI
000460244363600002482	0100000075032715215mx!Wek93C761
000460244363600002482	0100000075032715215u'al0R937er1
000460244363600002482	0100000075032715215jw._k_93SHs4
000460244363600002482	0100000075032715215Msr<M2937K14
000460244363600002482	0100000075032715215Pr0vHe93DJws
000460244363600002482	01000000750327152151):2lx93JTXK
000460244363600002482	0100000075032715215,jBVCT93SuD/
000460244363600002482	0100000075032715215ykgv5=93N2Xg
000460244363600002482	0100000075032715215)a0dg993IdBJ
000460244363600002482	0100000075032715215jX7OSE93s4/v
000460244363600002482	0100000075032715215JmK5am93NA/P
000460244363600002482	0100000075032715215=MkOED93g9ER
000460244363600002482	0100000075032715215BSuYEu93jWxs
000460244363600002482	0100000075032715215(IR&OD932unA
000460244363600002482	0100000075032715215rdbAbc93T308
000460244363600002482	0100000075032715215uRP6C:93E0Uj
000460244363600002482	0100000075032715215i:WRs293dgp4
000460244363600002482	0100000075032715215kyKTsJ93B6Ad
000460244363600002482	0100000075032715215MjzOY)93u2nV
000460244363600002482	0100000075032715215raN+sZ93Vipt
000460244363600002482	0100000075032715215fJpu+q93gQ6V
000460244363600002482	0100000075032715215V7hye?93xPHA
000460244363600002491	0100000075032715215=)nXih93tW32
000460244363600002491	0100000075032715215Bm9hKU93R73F
000460244363600002491	0100000075032715215Pvc2PL934JhM
000460244363600002491	0100000075032715215yLJmRM936p2I
000460244363600002491	0100000075032715215qLQw,,93IC2H
000460244363600002491	0100000075032715215'Ug?dA93Rnxa
000460244363600002491	01000000750327152155OPl=e93zdiA
000460244363600002491	0100000075032715215,lXD,d9375u3
000460244363600002491	0100000075032715215f&7UJc93ZdAK
000460244363600002491	0100000075032715215dNQcI193NpzI
000460244363600002491	0100000075032715215M.?(ne93SIZ5
000460244363600002491	0100000075032715215i"X%SQ93u9G4
000460244363600002491	0100000075032715215lNK2RU93T1rJ
000460244363600002491	0100000075032715215CHHmls93GS2f
000460244363600002491	0100000075032715215TtHsDk93xhtc
000460244363600002491	0100000075032715215..;T+C93K3i+
000460244363600002491	0100000075032715215)S79KJ93jBnp
000460244363600002491	010000007503271521512<u-T93oe1a
000460244363600002491	0100000075032715215BDoZrV936lir
000460244363600002491	0100000075032715215Z(osC393Devw
000460244363600002491	0100000075032715215GGoWU293ufUa
000460244363600002491	0100000075032715215hzRV>V93KvVs
000460244363600002491	0100000075032715215>iFIyX9316hn
000460244363600002491	0100000075032715215oWertl93u0Fz
000460244363600002507	0100000075032715215b_G<Up93oNkS
000460244363600002507	0100000075032715215FHIxg'93Qy07
000460244363600002507	0100000075032715215I:oajb93ETE+
000460244363600002507	0100000075032715215RqaEvm932Lsa
000460244363600002507	0100000075032715215pTyka293x9A0
000460244363600002507	0100000075032715215kqdN_B93hqzD
000460244363600002507	0100000075032715215WmDQI%93oxjY
000460244363600002507	0100000075032715215zHdvHl93m364
000460244363600002507	0100000075032715215.CU_od93O0/J
000460244363600002507	0100000075032715215J!i.&I930nJ3
000460244363600002507	0100000075032715215ulqw!N93c+k3
000460244363600002507	0100000075032715215ALMaH'93w21n
000460244363600002507	0100000075032715215Bk/Y(693z91S
000460244363600002507	0100000075032715215WDoVdi93bGcm
000460244363600002507	0100000075032715215HJ3o?b93MSGM
000460244363600002507	0100000075032715215M5a_ZU93Vt2M
000460244363600002507	0100000075032715215x7coe19394Zd
000460244363600002507	0100000075032715215&F;*s/93okp9
000460244363600002507	0100000075032715215DpHITW93VJvu
000460244363600002507	0100000075032715215L->SnT9381HG
000460244363600002507	0100000075032715215;GC".s93S59U
000460244363600002507	0100000075032715215Fb4g"V93lS0g
000460244363600002507	0100000075032715215sHj.U.93yBoz
000460244363600002507	0100000075032715215a*gGGL93YFh8
000460244363600002516	0100000075032715215a>oBED93jWF1
000460244363600002516	0100000075032715215%aRK=T93JQK8
000460244363600002516	0100000075032715215q2Q-tO93WXpx
000460244363600002516	0100000075032715215XEraaU93Q4M1
000460244363600002516	0100000075032715215%0DFfe935PMI
000460244363600002516	0100000075032715215FX:O6t93CBHQ
000460244363600002516	0100000075032715215Lp_Vlr93pkFo
000460244363600002516	0100000075032715215n!:ihH93g93k
000460244363600002516	0100000075032715215x%rryb93UBX8
000460244363600002516	01000000750327152152?lQWL9300aA
000460244363600002516	0100000075032715215O6jZfk93fZhB
000460244363600002516	0100000075032715215IUAFFY93RW3V
000460244363600002516	0100000075032715215Z=/EAb93BdlW
000460244363600002516	0100000075032715215WTdWqY93EWjB
000460244363600002516	0100000075032715215*splr>93iynY
000460244363600002516	0100000075032715215Kf6X)U93bsL+
000460244363600002516	0100000075032715215mJIWCF932Fyf
000460244363600002516	0100000075032715215b0rMC493WofE
000460244363600002516	0100000075032715215UkWm<I93Xi0w
000460244363600002516	01000000750327152153tXY)R93KprR
000460244363600002516	0100000075032715215lEt*fE93kzVW
000460244363600002516	0100000075032715215VgEWGg93WMqU
000460244363600002516	0100000075032715215rD2PAC936iIJ
000460244363600002516	0100000075032715215qIBXj-93hxUF
000460244363600002525	0100000075032715215Dz+/un93njhT
000460244363600002525	0100000075032715215,n;p5I93hZUr
000460244363600002525	0100000075032715215O*LsB)93Fptl
000460244363600002525	01000000750327152153oJ7/T93AVjD
000460244363600002525	0100000075032715215OibK'T93e06O
000460244363600002525	01000000750327152150NBpuc93hiPM
000460244363600002525	01000000750327152156FHF/,93l75H
000460244363600002525	0100000075032715215KN9FQr93gCOn
000460244363600002525	01000000750327152152-o5p&93jwcY
000460244363600002525	0100000075032715215s&+98Y93FFAb
000460244363600002525	0100000075032715215CbPCZN9397eL
000460244363600002525	01000000750327152158-fQCO93CK7t
000460244363600002525	0100000075032715215HLv/?Y93doUl
000460244363600002525	0100000075032715215eloHZf93oI5f
000460244363600002525	0100000075032715215SvzERq93ew7M
000460244363600002525	0100000075032715215b?JRGG93usvt
000460244363600002525	0100000075032715215VEZ%vF93Lcd6
000460244363600002525	0100000075032715215+D,iWK93kuOc
000460244363600002525	01000000750327152154zzDGQ93g63Z
000460244363600002525	0100000075032715215U.04wO93CFqD
000460244363600002525	0100000075032715215P+h,Fo93mFK6
000460244363600002525	0100000075032715215*xD2'%93bFvv
000460244363600002525	0100000075032715215sCGCKh931oUn
000460244363600002525	0100000075032715215ZOZUq)93nw5R
000460244363600002534	0100000075032715215xKyWkY93p8Jy
000460244363600002534	01000000750327152156GRNkq93SUdj
000460244363600002534	0100000075032715215bdFpv093X3wj
000460244363600002534	0100000075032715215XE7RbB93ecUC
000460244363600002534	0100000075032715215BnWi+)93gzkE
000460244363600002534	0100000075032715215!gf<iN930AER
000460244363600002534	0100000075032715215j3xiSj93wkir
000460244363600002534	0100000075032715215qadQli93JPs5
000460244363600002534	0100000075032715215U-8Uh_93U9Zs
000460244363600002534	0100000075032715215JXUHyK93S0zd
000460244363600002534	0100000075032715215tW0&Tr93Pj+E
000460244363600002534	0100000075032715215_%/ASp93WHwt
000460244363600002534	0100000075032715215Xx6!ri93eH84
000460244363600002534	0100000075032715215V4c0<h933K4+
000460244363600002534	01000000750327152157SMPa=93Xvsf
000460244363600002534	0100000075032715215UwBqY093FKmL
000460244363600002534	0100000075032715215;Al)EO936mcs
000460244363600002534	0100000075032715215iwg!eD93+jdT
000460244363600002534	0100000075032715215u2N'9293e7KD
000460244363600002534	0100000075032715215_WrJbt93TotV
000460244363600002534	0100000075032715215bms4(G93yjoe
000460244363600002534	0100000075032715215!'s+Jz93YBLQ
000460244363600002534	0100000075032715215/6ySn(93HKuB
000460244363600002534	0100000075032715215f+VDrc93nonq
000460244363600002543	0100000075032715215DC43Te93QafG
000460244363600002543	0100000075032715215s(WpLG93krbN
000460244363600002543	0100000075032715215tM&2wn937T2P
000460244363600002543	0100000075032715215DVV1FR93XimW
000460244363600002543	0100000075032715215-C4GaX935iB0
000460244363600002543	01000000750327152158oPpn493kQNp
000460244363600002543	0100000075032715215*XUCQJ93mRLa
000460244363600002543	0100000075032715215PGQWxV93mdlp
000460244363600002543	0100000075032715215:m(FgY93lK1n
000460244363600002543	0100000075032715215seT7tR93ytpx
000460244363600002543	0100000075032715215(Ejeca93xmq+
000460244363600002543	0100000075032715215q%j/GU93w45D
000460244363600002543	0100000075032715215vRF%FP93GLAJ
000460244363600002543	0100000075032715215=2Hkr293I8Ly
000460244363600002543	010000007503271521535U;lq93a3ug
000460244363600002543	0100000075032715215L,H%B293O49K
000460244363600002543	0100000075032715215ZoQkch93h2pc
000460244363600002543	0100000075032715215eCjV9h93g+jB
000460244363600002543	0100000075032715215UZ6Tcd93IfrQ
000460244363600002543	0100000075032715215EiGaKN93HQvS
000460244363600002543	0100000075032715215>O2MEy93k+e+
000460244363600002543	0100000075032715215+YEmh193bUAX
000460244363600002543	0100000075032715215ihKskn93XHOR
000460244363600002543	0100000075032715215WkL6G693LN33
000460244363600002552	0100000075032715215mok(tr93ctkO
000460244363600002552	0100000075032715215lObmIs93xUsK
000460244363600002552	01000000750327152155iO7Ck93Z6eM
000460244363600002552	0100000075032715215Ob?eIw93PDsG
000460244363600002552	0100000075032715215gJdHQ1931nUP
000460244363600002552	01000000750327152152g*:Af93E9nh
000460244363600002552	0100000075032715215P'oNgI93evx9
000460244363600002552	0100000075032715215SXy)1t937P6q
000460244363600002552	0100000075032715215aNL0aw93NRjV
000460244363600002552	0100000075032715215JS3bQF93zlg4
000460244363600002552	0100000075032715215BBtedI93D01s
000460244363600002552	0100000075032715215DLyWS093jd8+
000460244363600002552	0100000075032715215JZiQRt93gzQb
000460244363600002552	0100000075032715215r9/Pen93fbzS
000460244363600002552	0100000075032715215iCqpCh93iVaA
000460244363600002552	0100000075032715215;cG=Sv93X9+l
000460244363600002552	0100000075032715215(b8edI937yDw
000460244363600002552	0100000075032715215?X%YKS937eFz
000460244363600002552	0100000075032715215UIA7Mc93cK+z
000460244363600002552	0100000075032715215u!ecLc93+9+D
000460244363600002552	0100000075032715215MS5Pnk93nVun
000460244363600002552	0100000075032715215bF1DT693CDVZ
000460244363600002552	0100000075032715215khSLZX93P29S
000460244363600002552	0100000075032715215QfrHaF93VpoR
000460244363600002561	0100000075032715215a7y5Ta93qwax
000460244363600002561	0100000075032715215'ZVGWr93mAUu
000460244363600002561	01000000750327152150S/sHn93rFDW
000460244363600002561	0100000075032715215?FEtNf93hqwo
000460244363600002561	01000000750327152159I.w%F93Le8A
000460244363600002561	0100000075032715215kKl&ZQ93ZEMX
000460244363600002561	0100000075032715215Bnph7'9363dX
000460244363600002561	0100000075032715215HgSoq193KMdh
000460244363600002561	0100000075032715215AAlOGu93YO/d
000460244363600002561	0100000075032715215MaY+BV93IyBt
000460244363600002561	0100000075032715215.p-dNf9375xQ
000460244363600002561	0100000075032715215mr:;VB93mZ/F
000460244363600002561	0100000075032715215EoLJf/93n9hv
000460244363600002561	0100000075032715215_HPuaJ93XaEw
000460244363600002561	0100000075032715215JzfH6D93iHm1
000460244363600002561	0100000075032715215heK_I:93R/3f
000460244363600002561	0100000075032715215!hXVZZ93/N6G
000460244363600002561	0100000075032715215SISBdb934FZb
000460244363600002561	0100000075032715215;OcR5C93seMI
000460244363600002561	0100000075032715215koZBuD93zJH0
000460244363600002561	0100000075032715215PpJhcG93NgTW
000460244363600002561	0100000075032715215Y;FBlG93HrJq
000460244363600002561	0100000075032715215/LzJ,i93Cwym
000460244363600002561	0100000075032715215KlhEjD9332fL
000460244363600002570	0100000075032715215_LPiGU93VGSS
000460244363600002570	0100000075032715215eHh.Dr93OUg8
000460244363600002570	0100000075032715215ZF,->b935Vyn
000460244363600002570	0100000075032715215MeTk1Z93on0M
000460244363600002570	0100000075032715215Aw22j_93wH0M
000460244363600002570	0100000075032715215Zml2349363Bb
000460244363600002570	0100000075032715215oT.tO"939lwv
000460244363600002570	0100000075032715215oRk9T<93lFax
000460244363600002570	0100000075032715215FK6a6K93UEZQ
000460244363600002570	0100000075032715215fn)q5G93uf9I
000460244363600002570	0100000075032715215gPO9&y93Nlz/
000460244363600002570	0100000075032715215iYp"EP93Lmnl
000460244363600002570	0100000075032715215E8PLyI93bEP0
000460244363600002570	0100000075032715215tfB>HK93AMKC
000460244363600002570	0100000075032715215bcPBep93u4Rt
000460244363600002570	0100000075032715215V&&w+o93aCN1
000460244363600002570	0100000075032715215dlKaaL93HYnk
000460244363600002570	0100000075032715215r3Qkyb93EAVS
000460244363600002570	0100000075032715215aK1?jq93lm9J
000460244363600002570	0100000075032715215w"N,MA93tmTW
000460244363600002570	0100000075032715215q9*NTX93U4d/
000460244363600002570	0100000075032715215dovnV?93CWgm
000460244363600002570	0100000075032715215bqkQIN93GuDY
000460244363600002570	0100000075032715215k)i/Yf93ZVx3
000460244363600002589	0100000075032715215Z6dKur93M0tH
000460244363600002589	0100000075032715215plE'P393tocQ
000460244363600002589	0100000075032715215hCN%_g93aJAH
000460244363600002589	0100000075032715215VWLW?;93x1yX
000460244363600002589	0100000075032715215a+sgH"93UdvH
000460244363600002589	0100000075032715215DpY1Wj93s6zz
000460244363600002589	01000000750327152150C"*qq93dVXE
000460244363600002589	0100000075032715215zrEZvT93tkZ5
000460244363600002589	0100000075032715215'DVC_D935QeC
000460244363600002589	0100000075032715215aaq"Er93MKqq
000460244363600002589	0100000075032715215wACqxH93Mp+5
000460244363600002589	0100000075032715215Dnq9Mc936HqJ
000460244363600002589	0100000075032715215TQO-<;93hnwk
000460244363600002589	0100000075032715215EA&fQN93ELqN
000460244363600002589	0100000075032715215skLib:93ObrO
000460244363600002589	0100000075032715215k4fg&f93Q4XQ
000460244363600002589	0100000075032715215FguRyb93nfui
000460244363600002589	0100000075032715215crsll793fhu6
000460244363600002589	0100000075032715215n5SCWy93CCSj
000460244363600002589	0100000075032715215J:XNd393SdZ+
000460244363600002589	0100000075032715215d)GV+E93ntW+
000460244363600002589	010000007503271521521FFz/931Jhi
000460244363600002589	0100000075032715215e?Z&N593l7ux
000460244363600002589	0100000075032715215zWZu*J93OlAS
000460244363600002598	0100000075032715215I;gAVG93lJ9Y
000460244363600002598	0100000075032715215WUnVMx93MbX/
000460244363600002598	0100000075032715215d5lM.w935ZIO
000460244363600002598	0100000075032715215CsX6NA93MrTS
000460244363600002598	0100000075032715215YiKm,b93UT5m
000460244363600002598	0100000075032715215bw6)rs93gIZO
000460244363600002598	0100000075032715215hFFLYx93dNy2
000460244363600002598	01000000750327152152's*uo93e2RX
000460244363600002598	0100000075032715215BOhTm593I2kH
000460244363600002598	0100000075032715215X7Sts!9372C6
000460244363600002598	0100000075032715215BL'>Rn93YghL
000460244363600002598	0100000075032715215&caR7P9306Wh
000460244363600002598	0100000075032715215QhN2E;93nuA5
000460244363600002598	0100000075032715215FBo2.q938i4u
000460244363600002598	0100000075032715215vZ.:Pc93i4xu
000460244363600002598	0100000075032715215cFvJlI939b9R
000460244363600002598	0100000075032715215lNXqFT93InvA
000460244363600002598	0100000075032715215lsV>df930K/p
000460244363600002598	0100000075032715215K0/coj93g3hr
000460244363600002598	0100000075032715215zq1aIm934D5C
000460244363600002598	0100000075032715215swPjk)932eEF
000460244363600002598	01000000750327152151o>mgp93GHOP
000460244363600002598	0100000075032715215PSfpft934ijd
000460244363600002598	0100000075032715215Bw)Mvb93J3nN
000460244363600002604	0100000075032715215tGpFak93XHN3
000460244363600002604	0100000075032715215qJKQS393yyz7
000460244363600002604	0100000075032715215hNGXta93jVHY
000460244363600002604	0100000075032715215aJX=J(93WcWb
000460244363600002604	0100000075032715215CX4DXM93y1ft
000460244363600002604	0100000075032715215ftLH?f93eVzl
000460244363600002604	01000000750327152154dLS4o93XNxT
000460244363600002604	0100000075032715215QmcK2U93sDSv
000460244363600002604	0100000075032715215NWXhKk93yaQe
000460244363600002604	0100000075032715215+)GGAO936pQj
000460244363600002604	0100000075032715215zKFLQG93azxs
000460244363600002604	0100000075032715215Bbj-Dd93zF4g
000460244363600002604	0100000075032715215+CKHIw93MLYx
000460244363600002604	0100000075032715215_;XtU<93Q1Zl
000460244363600002604	0100000075032715215r7qJAK932yja
000460244363600002604	0100000075032715215II)py7931LoU
000460244363600002604	0100000075032715215sDP33E93D0Xf
000460244363600002604	0100000075032715215uj:&qa93J6Vo
000460244363600002604	0100000075032715215z.PkIg93ExgI
000460244363600002604	0100000075032715215kFRP2o93i+7e
000460244363600002604	0100000075032715215>H-.KO93Jf1w
000460244363600002604	0100000075032715215,VeP&J93oJ9a
000460244363600002604	0100000075032715215>apsKp93iTyk
000460244363600002604	0100000075032715215LH9B1593Id/Y
000460244363600002613	0100000075032715215f2cESo93EHz7
000460244363600002613	0100000075032715215uP1f/M93cjyW
000460244363600002613	01000000750327152151q'VDI932Mx+
000460244363600002613	01000000750327152151ApZAR93KPOB
000460244363600002613	0100000075032715215rZpnj%93DZ/B
000460244363600002613	0100000075032715215NIeOs593xken
000460244363600002613	0100000075032715215P;DBC393pe7f
000460244363600002613	0100000075032715215ZAD93o93OcQk
000460244363600002613	01000000750327152157D>Qvd93XoTY
000460244363600002613	01000000750327152152aGdpF93OHN1
000460244363600002613	0100000075032715215hXI0q.936e8E
000460244363600002613	0100000075032715215FDkqO;93eMXE
000460244363600002613	0100000075032715215HTiUmg93mKMh
000460244363600002613	0100000075032715215zXK3bB93rJ/f
000460244363600002613	0100000075032715215KN"?IY93kM1P
000460244363600002613	0100000075032715215D?t3WQ93KAhJ
000460244363600002613	0100000075032715215=2Sz-C93pyIz
000460244363600002613	0100000075032715215l3L'j>93ywfD
000460244363600002613	0100000075032715215Ppbshy93jcSf
000460244363600002613	0100000075032715215uem?3h93acnE
000460244363600002613	0100000075032715215ttUe!C93QoYG
000460244363600002613	0100000075032715215jByGcu938N/3
000460244363600002613	0100000075032715215olWqNQ93vfdo
000460244363600002613	0100000075032715215*,KAc"9330j1
000460244363600002622	0100000075032715215N,_Ajo932O/t
000460244363600002622	0100000075032715215lGcXv+933D+n
000460244363600002622	0100000075032715215ODY4t993MDS2
000460244363600002622	0100000075032715215hhJt("93gmSA
000460244363600002622	0100000075032715215n+U4NC935qlO
000460244363600002622	0100000075032715215R%QCbF93ytqV
000460244363600002622	0100000075032715215nuBf_)93XSvG
000460244363600002622	0100000075032715215SNG?>L93lQ2e
000460244363600002622	0100000075032715215LJr3qk93oJ39
000460244363600002622	0100000075032715215?+z(kT93l/WV
000460244363600002622	0100000075032715215i7J/8n93pzgS
000460244363600002622	01000000750327152154smA!M93MgPc
000460244363600002622	0100000075032715215CPNGEU93Hj5Y
000460244363600002622	0100000075032715215FGnM4L93NYmR
000460244363600002622	0100000075032715215uOm"il93WeEf
000460244363600002622	0100000075032715215PsW)/d93cCia
000460244363600002622	0100000075032715215bU1N;_93wLyX
000460244363600002622	0100000075032715215cP<hLv933KXI
000460244363600002622	0100000075032715215pp1UV2934Htm
000460244363600002622	0100000075032715215n+G<rF93UQ2p
000460244363600002622	0100000075032715215;''>KM93cL5I
000460244363600002622	0100000075032715215leYfM;93Fld3
000460244363600002622	0100000075032715215fl&see933mNL
000460244363600002622	0100000075032715215G'N9rK937pR2
000460244363600002631	0100000075032715215Gi<Ohh93ucJZ
000460244363600002631	01000000750327152157ZTV>f934uZZ
000460244363600002631	0100000075032715215w>BCPR93hizm
000460244363600002631	0100000075032715215"%V7Vl9340uz
000460244363600002631	0100000075032715215BPE/B193N9vV
000460244363600002631	0100000075032715215cLKcG>93IdiX
000460244363600002631	0100000075032715215pRHYm%930JSi
000460244363600002631	01000000750327152158FiUb093/hIw
000460244363600002631	0100000075032715215f%G'b)93oBto
000460244363600002631	0100000075032715215?&SVV+93QGYc
000460244363600002631	0100000075032715215feq(BM935w69
000460244363600002631	01000000750327152159Qbd0O934eWX
000460244363600002631	0100000075032715215mY_CkH93Lwld
000460244363600002631	0100000075032715215hAQpwi93Ygsg
000460244363600002631	0100000075032715215U2hIV)93X39Z
000460244363600002631	0100000075032715215fW,IDZ93yd16
000460244363600002631	0100000075032715215SiUWTX93gJrM
000460244363600002631	01000000750327152151c!>aC93wrR6
000460244363600002631	0100000075032715215Xk1b.i93DHRJ
000460244363600002631	0100000075032715215xWh)ci93EjV/
000460244363600002631	0100000075032715215dHEy"Z9364o5
000460244363600002631	0100000075032715215-KxtY293RiWR
000460244363600002631	0100000075032715215PKcJ6893O/QP
000460244363600002631	0100000075032715215AVuIap93UXNM
000460244363600002640	0100000075032715215cI=Hin93NIWj
000460244363600002640	0100000075032715215xAurLF93Y6W6
000460244363600002640	0100000075032715215zycx1R93PkzT
000460244363600002640	0100000075032715215bHthP893W6VI
000460244363600002640	0100000075032715215WIk)F693UPed
000460244363600002640	0100000075032715215(sV5ke93i0VE
000460244363600002640	010000007503271521540codG93TsRV
000460244363600002640	0100000075032715215l,KYXh939vT1
000460244363600002640	0100000075032715215Csp8LX930uwO
000460244363600002640	0100000075032715215JkjFaa93kRK0
000460244363600002640	0100000075032715215sFOMek93Rg9s
000460244363600002640	0100000075032715215YaX/C7935A/k
000460244363600002640	0100000075032715215qMfyIF93Vque
000460244363600002640	0100000075032715215wl'ZVp93OFr0
000460244363600002640	0100000075032715215D&aZxd93jyz5
000460244363600002640	0100000075032715215W<:sqC93Y4Yz
000460244363600002640	0100000075032715215riDBJ(93wphO
000460244363600002640	0100000075032715215+u3!k+93BRDW
000460244363600002640	0100000075032715215unxz6+93uWxY
000460244363600002640	0100000075032715215+qWo6393RKPc
000460244363600002640	0100000075032715215a1SSMB939nE2
000460244363600002640	0100000075032715215OYxMAq93GbfB
000460244363600002640	0100000075032715215Ui/Lrl932Xta
000460244363600002640	0100000075032715215FbA3JZ93tVwx
000460244363600002659	0100000075032715215qfUnU293F5ja
000460244363600002659	010000007503271521504jAPP93vWiv
000460244363600002659	0100000075032715215Vhee_%93nBZ0
000460244363600002659	0100000075032715215qJ8_VP93OC9A
000460244363600002659	0100000075032715215uuPY,B93/HHo
000460244363600002659	0100000075032715215RCEe)R93eFUY
000460244363600002659	0100000075032715215OgTVFy93BhqX
000460244363600002659	0100000075032715215Ms,d_7937BbC
000460244363600002659	0100000075032715215ikMHl?93K023
000460244363600002659	0100000075032715215wnV.lu93Nt7R
000460244363600002659	0100000075032715215afcGH*9380yn
000460244363600002659	0100000075032715215)YaG8N93o28C
000460244363600002659	0100000075032715215,RgWQN93u1O1
000460244363600002659	0100000075032715215bI+Tv)93iUEI
000460244363600002659	0100000075032715215o4hSa493h2Ny
000460244363600002659	0100000075032715215q"?dw!931gvS
000460244363600002659	0100000075032715215JuWOkD93l6bY
000460244363600002659	0100000075032715215fRtKV%93qYlo
000460244363600002659	0100000075032715215%fn_ue93dRZl
000460244363600002659	01000000750327152156hRrEH9353vR
000460244363600002659	0100000075032715215NBK2oi93qRC+
000460244363600002659	0100000075032715215aVbasr93fTYv
000460244363600002659	01000000750327152153r8VLM93gXDY
000460244363600002659	0100000075032715215qZxp)6936/pY
000460244363600002668	0100000075032715215d/Ksom93wfLA
000460244363600002668	0100000075032715215j;LH*,93bybm
000460244363600002668	0100000075032715215emD*Tb93zUfJ
000460244363600002668	0100000075032715215oT>*FP93HGOU
000460244363600002668	01000000750327152153JERN393RuyL
000460244363600002668	0100000075032715215(xc=e:93kOFR
000460244363600002668	0100000075032715215DDRu>:939czH
000460244363600002668	0100000075032715215AseJ>R93slIF
000460244363600002668	0100000075032715215p!(:Pi93ShmB
000460244363600002668	0100000075032715215=wXCMY93pUgJ
000460244363600002668	0100000075032715215ONl<Ve93JxTt
000460244363600002668	0100000075032715215gzJX%;93Nx4u
000460244363600002668	0100000075032715215XxpZA?93KeTk
000460244363600002668	0100000075032715215YmXXio93haKu
000460244363600002668	0100000075032715215yRom)e93kjAb
000460244363600002668	0100000075032715215NjdRQl93KzK8
000460244363600002668	0100000075032715215lA2Kbp937oZP
000460244363600002668	0100000075032715215PSECst935gQH
000460244363600002668	0100000075032715215DJ/dsH93b7nz
000460244363600002668	0100000075032715215GNgqhk93sVBZ
000460244363600002668	0100000075032715215Koqp7893OrUq
000460244363600002668	0100000075032715215cAKEF.93Vaib
000460244363600002668	0100000075032715215MfXd?=93x253
000460244363600002668	0100000075032715215d!r*gf93mD3b
000460244363600002677	0100000075032715215xrB)hf93+6PL
000460244363600002677	0100000075032715215qmYY'U93IzQX
000460244363600002677	0100000075032715215<X5wYF93JFTu
000460244363600002677	0100000075032715215j<fZoo93atRl
000460244363600002677	01000000750327152150Udb+r939fkO
000460244363600002677	0100000075032715215+kOmMB93vJH9
000460244363600002677	0100000075032715215WV;jMJ93ArY+
000460244363600002677	0100000075032715215&pF4gl938yG+
000460244363600002677	0100000075032715215Imfljt93zMRJ
000460244363600002677	0100000075032715215q-UMVk93aF0n
000460244363600002677	0100000075032715215Yaq8cg93RvDq
000460244363600002677	0100000075032715215+nfGGn93Nnxs
000460244363600002677	0100000075032715215He:?Ao934GgV
000460244363600002677	0100000075032715215(,wKDe935RRR
000460244363600002677	0100000075032715215IrBC4m93Gp7h
000460244363600002677	0100000075032715215?kXW_I937YTH
000460244363600002677	0100000075032715215ryH<ii937xAz
000460244363600002677	0100000075032715215X:rPQO93LcPH
000460244363600002677	0100000075032715215ZHadkK93fHxF
000460244363600002677	0100000075032715215r_D<lE93hqwj
000460244363600002677	0100000075032715215Ysm68X93o7Z1
000460244363600002677	0100000075032715215qqcB-%93ap87
000460244363600002677	0100000075032715215PJAQKl93Kj1I
000460244363600002677	0100000075032715215qJsih,93hgOK
000460244363600002686	0100000075032715215dMVEp(93Ie2R
000460244363600002686	0100000075032715215iG.mT"93CZcz
000460244363600002686	0100000075032715215.i4R<H93YG5e
000460244363600002686	0100000075032715215s.ecIj93EGn0
000460244363600002686	0100000075032715215EdYHkk93X8xt
000460244363600002686	01000000750327152151d%FVN932NwF
000460244363600002686	0100000075032715215'C;Hls939PUS
000460244363600002686	01000000750327152153LPoDs93q1zk
000460244363600002686	0100000075032715215XCPG:G93bxj8
000460244363600002686	0100000075032715215mDC3/p93eH5l
000460244363600002686	0100000075032715215Olbb:u9326Hy
000460244363600002686	0100000075032715215NlgcFN93nD5K
000460244363600002686	0100000075032715215RulFHl934VLj
000460244363600002686	0100000075032715215Ony*GP938nAv
000460244363600002686	0100000075032715215Mvjd4t93+JZR
000460244363600002686	0100000075032715215T)P7OD93fHLH
000460244363600002686	0100000075032715215Ltd"iN93a4Do
000460244363600002686	0100000075032715215WnljCO93Ipde
000460244363600002686	0100000075032715215u"4cwb93NpBn
000460244363600002686	0100000075032715215doB;*V93D7wS
000460244363600002686	0100000075032715215jG6XRq93Jsj7
000460244363600002686	0100000075032715215!+Wa_S93TsLw
000460244363600002686	01000000750327152159A0gar93z9e1
000460244363600002686	0100000075032715215jVd4&i93VS3w
000460244363600002695	0100000075032715215HASCpA93H6uf
000460244363600002695	0100000075032715215TfGKft93pais
000460244363600002695	0100000075032715215G;olOt931xqj
000460244363600002695	0100000075032715215QKTkq)93G3tQ
000460244363600002695	0100000075032715215<GoMa<93fvIe
000460244363600002695	0100000075032715215y4pcgx93bJOd
000460244363600002695	0100000075032715215KfCG8C93tPzc
000460244363600002695	0100000075032715215yOE<%a932oVF
000460244363600002695	0100000075032715215G"qrfw93/K4o
000460244363600002695	0100000075032715215DRvPVX93yZnl
000460244363600002695	0100000075032715215DJQhB193+Nsi
000460244363600002695	0100000075032715215c7ROdV938O2b
000460244363600002695	0100000075032715215kh:zjH93Lxo4
000460244363600002695	0100000075032715215cnEyxH93z5rW
000460244363600002695	0100000075032715215VpON-j93SON/
000460244363600002695	0100000075032715215NepJNT933+eb
000460244363600002695	0100000075032715215PD.09p938hMW
000460244363600002695	0100000075032715215eKXVZn93wmiQ
000460244363600002695	0100000075032715215RmaLdv93c2J6
000460244363600002695	0100000075032715215llsFom93dnNd
000460244363600002695	0100000075032715215(QmCdo93agDQ
000460244363600002695	0100000075032715215Xbjfap93L8ko
000460244363600002695	0100000075032715215b7iZWV933KQf
000460244363600002695	0100000075032715215Lf_hgi93ZzHq
000460244363600002701	0100000075032715215*'O&2o93Ja3j
000460244363600002701	0100000075032715215u;slV"93R1Cu
000460244363600002701	0100000075032715215drjb%W93mgc5
000460244363600002701	0100000075032715215Xi03BP93ZigH
000460244363600002701	0100000075032715215iN0WWR93Fq+c
000460244363600002701	0100000075032715215kqlnNF93+PG9
000460244363600002701	0100000075032715215oNST<893lprF
000460244363600002701	0100000075032715215;ieGr893Rybg
000460244363600002701	01000000750327152159TJ-'C93p2Xc
000460244363600002701	0100000075032715215MurK=v93yb/d
000460244363600002701	0100000075032715215Bg.jIb93HU5S
000460244363600002701	0100000075032715215vwIKr<93zr7X
000460244363600002701	0100000075032715215h5nsae93Rr15
000460244363600002701	0100000075032715215r,Za.h93enNq
000460244363600002701	0100000075032715215cHV*5(93KZWj
000460244363600002701	0100000075032715215bQTEG<93ID/F
000460244363600002701	0100000075032715215SslrtH93wd52
000460244363600002701	0100000075032715215TmsKMs93pXSV
000460244363600002701	0100000075032715215hQ<z&C93BxvH
000460244363600002701	0100000075032715215MV9;<D93uyTT
000460244363600002701	0100000075032715215WzSAUK93UWQV
000460244363600002701	01000000750327152154Q_FAH93PgBZ
000460244363600002701	0100000075032715215L:O%tB93Bqna
000460244363600002701	0100000075032715215dl3oD593GDpo
000460244363600002710	0100000075032715215ohJssr93CmaQ
000460244363600002710	0100000075032715215POnGWD931+vP
000460244363600002710	0100000075032715215Kq>.jG93/A9m
000460244363600002710	0100000075032715215PCh9rU930ojU
000460244363600002710	0100000075032715215<;iCg:93+htR
000460244363600002710	0100000075032715215qQMQXp936sAX
000460244363600002710	0100000075032715215ZtMMRZ93RRJQ
000460244363600002710	01000000750327152152b%jWi93v9mM
000460244363600002710	0100000075032715215VV=jux93wsJu
000460244363600002710	0100000075032715215M(pV+R93s6KU
000460244363600002710	0100000075032715215wQbItY93I88Q
000460244363600002710	0100000075032715215hCQdRK9394o8
000460244363600002710	01000000750327152158ceA&J93cvQ0
000460244363600002710	0100000075032715215TyCq>m93uguP
000460244363600002710	0100000075032715215E2IlLX931PGm
000460244363600002710	0100000075032715215S_RBDF93YCIc
000460244363600002710	0100000075032715215fnC_*)93cvlM
000460244363600002710	0100000075032715215opPmpB93VjpG
000460244363600002710	0100000075032715215WrIKk793pE04
000460244363600002710	0100000075032715215qITrIG93ZWoP
000460244363600002710	0100000075032715215>nZIn293USIW
000460244363600002710	0100000075032715215C.YwR093ArKx
000460244363600002710	0100000075032715215nQBwkL939G8X
000460244363600002710	0100000075032715215h8_Ius93NhPI
000460244363600002729	0100000075032715215sMoko=933Ui6
000460244363600002729	0100000075032715215&oHOLY934S9e
000460244363600002729	0100000075032715215kUes9I93mbrh
000460244363600002729	0100000075032715215I%3T.*93Poqd
000460244363600002729	0100000075032715215ni6caF93luY0
000460244363600002729	0100000075032715215ufFqiA93k5Sg
000460244363600002729	0100000075032715215S?LYsl93iWFo
000460244363600002729	0100000075032715215)'cnNR93NOB9
000460244363600002729	0100000075032715215*NB)<=938sqr
000460244363600002729	0100000075032715215yBCiYj93b+be
000460244363600002729	0100000075032715215NgqOKp93SOFz
000460244363600002729	0100000075032715215qdm/EX93IRjR
000460244363600002729	0100000075032715215j9OR/q93uVOu
000460244363600002729	0100000075032715215HcNRHK93svlV
000460244363600002729	0100000075032715215=5mP1Z93xIrX
000460244363600002729	0100000075032715215oe_'PP93ZjAZ
000460244363600002729	01000000750327152157dP7ei93ObBh
000460244363600002729	0100000075032715215.tbtEt93O5AV
000460244363600002729	0100000075032715215MfCU7B93jN7I
000460244363600002729	0100000075032715215MH3BIs93pBjI
000460244363600002729	01000000750327152153/n&s.93oCu6
000460244363600002729	0100000075032715215rQnCo693BKnf
000460244363600002729	0100000075032715215y*URx;93/Rmv
000460244363600002729	0100000075032715215zcG5*a93Ok4i
000460244363600002738	0100000075032715215OHXJ)J93XySt
000460244363600002738	0100000075032715215rsHQ_Z93c/vM
000460244363600002738	0100000075032715215H'/BEf93Rxe1
000460244363600002738	0100000075032715215kw8c_G93hJdr
000460244363600002738	01000000750327152152Es-Z893nKlS
000460244363600002738	0100000075032715215JnYXeA93c4/Z
000460244363600002738	0100000075032715215pJSOYU93ut46
000460244363600002738	0100000075032715215FPX5SG93BhfP
000460244363600002738	0100000075032715215l%Dbnq93TxWV
000460244363600002738	0100000075032715215+QrW9o93ITRY
000460244363600002738	0100000075032715215=T!kCh93h9xh
000460244363600002738	0100000075032715215YUokrR93p4y8
000460244363600002738	0100000075032715215>SRpjk93+ogi
000460244363600002738	0100000075032715215:5GRGB93dLUu
000460244363600002738	0100000075032715215k,pkGy93Ve3P
000460244363600002738	0100000075032715215LIGXnj93QrB3
000460244363600002738	0100000075032715215lCUC)K93VvHx
000460244363600002738	0100000075032715215dKqKWd93F39P
000460244363600002738	0100000075032715215<jVA4E93He3B
000460244363600002738	0100000075032715215QyFhsE93WKJ8
000460244363600002738	0100000075032715215dnOddM93/uoc
000460244363600002738	0100000075032715215_dTqYZ93uTFy
000460244363600002738	0100000075032715215x0dPD593/LB0
000460244363600002738	0100000075032715215NYKear93MBYQ
000460244363600002747	0100000075032715215nzjOHt93GDEn
000460244363600002747	0100000075032715215kQ<im,93qezq
000460244363600002747	0100000075032715215Rh/SF,93sAgH
000460244363600002747	0100000075032715215JIHras93SHMm
000460244363600002747	0100000075032715215KkutoO93HbwB
000460244363600002747	0100000075032715215UNh,/s93ugwo
000460244363600002747	0100000075032715215'TNNlM93b4RX
000460244363600002747	0100000075032715215/!Ff)193WGiH
000460244363600002747	0100000075032715215qWd;Qe93gf+j
000460244363600002747	0100000075032715215n)hb:=93SGlO
000460244363600002747	01000000750327152154qQaD"93x/sN
000460244363600002747	0100000075032715215nXYB1u93dsuT
000460244363600002747	0100000075032715215&IXbDK93capf
000460244363600002747	0100000075032715215sCO7R993/3h0
000460244363600002747	0100000075032715215"m,suB93476+
000460244363600002747	0100000075032715215CI4Mcw93Tvzx
000460244363600002747	0100000075032715215ZVH0Pb93qKjl
000460244363600002747	01000000750327152152vLLRV934CAS
000460244363600002747	0100000075032715215CGupJC93I+NF
000460244363600002747	0100000075032715215ZXORmJ93vzKU
000460244363600002747	0100000075032715215Bso?Fn93OHdh
000460244363600002747	0100000075032715215TfIShH935KnN
000460244363600002747	0100000075032715215GXcfJf931YIN
000460244363600002747	0100000075032715215'MGqH'93SQkn
000460244363600002756	0100000075032715215(rQKUD93c4xr
000460244363600002756	0100000075032715215FiBses93p7QD
000460244363600002756	0100000075032715215S'qlg;93C8kK
000460244363600002756	0100000075032715215oUYj)y936yxf
000460244363600002756	01000000750327152152L%.4w93dACq
000460244363600002756	0100000075032715215nJM%wA93C5yr
000460244363600002756	0100000075032715215pPpdrt93PAoG
000460244363600002756	0100000075032715215H)s75_93BSsI
000460244363600002756	0100000075032715215R'9BJU93T1Yw
000460244363600002756	0100000075032715215Q.tLgk93/5Wz
000460244363600002756	0100000075032715215?PXoVz93KeCy
000460244363600002756	0100000075032715215.Jo6xa93K6wO
000460244363600002756	0100000075032715215Jur2oY933NIO
000460244363600002756	0100000075032715215/KkH&b93gbsS
000460244363600002756	0100000075032715215mIlEZJ936WsZ
000460244363600002756	0100000075032715215a7cQbt93MSNK
000460244363600002756	0100000075032715215qqloFz93xyci
000460244363600002756	0100000075032715215RhERZc93rxWo
000460244363600002756	0100000075032715215?gEa3&93B+/y
000460244363600002756	0100000075032715215/kB!<m93MdUO
000460244363600002756	0100000075032715215Dm6tDR93MOQH
000460244363600002756	0100000075032715215FYHjb+93+mYR
000460244363600002756	0100000075032715215JtIo4I93Nwcw
000460244363600002756	0100000075032715215H__<ce93RHOC
000460244363600002765	0100000075032715215(>HYC+931FEg
000460244363600002765	0100000075032715215VaoLG193dY8r
000460244363600002765	0100000075032715215SmQQtn93enyZ
000460244363600002765	0100000075032715215PDgaFJ93vm6I
000460244363600002765	01000000750327152158doj+F936wPi
000460244363600002765	0100000075032715215mmzdej93FiY0
000460244363600002765	0100000075032715215IT5UtR930gKG
000460244363600002765	0100000075032715215UfIgmr93rw8o
000460244363600002765	0100000075032715215pFeeLr93hDR3
000460244363600002765	0100000075032715215mB9AR"93J+EM
000460244363600002765	0100000075032715215AqgV&y93ggqL
000460244363600002765	0100000075032715215bons,Y93IO8W
000460244363600002765	0100000075032715215KH5j(d93IbfI
000460244363600002765	0100000075032715215oTo>me93eEKG
000460244363600002765	0100000075032715215B>kKdh93/G3D
000460244363600002765	0100000075032715215CF33(V93GDh4
000460244363600002765	0100000075032715215W9I_dj93O9+L
000460244363600002765	0100000075032715215(n-izd93l1N2
000460244363600002765	0100000075032715215crGPKN93RxJz
000460244363600002765	0100000075032715215piTT-g93JfVU
000460244363600002765	0100000075032715215KYnNv>93ay84
000460244363600002765	0100000075032715215Gae:f.93T8wv
000460244363600002765	0100000075032715215L<t"+v93lxal
000460244363600002765	0100000075032715215LK7OvG93VOcj
000460244363600002774	0100000075032715215Pk-CID93tJbl
000460244363600002774	0100000075032715215HWCex493k/h9
000460244363600002774	01000000750327152152fai.h93ObPR
000460244363600002774	0100000075032715215CjGc+a931s7p
000460244363600002774	0100000075032715215VRW+7g937+5c
000460244363600002774	0100000075032715215rR0DYO93sHM2
000460244363600002774	0100000075032715215qRlH8F9344D3
000460244363600002774	0100000075032715215:'sana93cehD
000460244363600002774	0100000075032715215oK?Nn793slCV
000460244363600002774	01000000750327152151PBl/(93YKz2
000460244363600002774	0100000075032715215SztK-E93w9Ra
000460244363600002774	0100000075032715215DAMQSq93YaOx
000460244363600002774	0100000075032715215?Ljbfp93FGk9
000460244363600002774	0100000075032715215fp)0%e93qNJU
000460244363600002774	0100000075032715215kfOIyk93mLI+
000460244363600002774	0100000075032715215lni<&O93E07D
000460244363600002774	0100000075032715215nQkhLi93AR/R
000460244363600002774	0100000075032715215q2o'WT93+UgV
000460244363600002774	0100000075032715215sYgOWj93cu1U
000460244363600002774	0100000075032715215;9O!T"93ofVd
000460244363600002774	0100000075032715215%2G6bY93JqeH
000460244363600002774	0100000075032715215YHAE/(93CF17
000460244363600002774	0100000075032715215!hd_Y+93kWj0
000460244363600002774	0100000075032715215ms;4AI931uKJ
000460244363600002783	0100000075032715215b?0u=Q939QlX
000460244363600002783	0100000075032715215ZnY6sg93tN4W
000460244363600002783	0100000075032715215LGhzxK93VxBz
000460244363600002783	01000000750327152151CGV!g93Nr3Y
000460244363600002783	010000007503271521537qy6v93SVCa
000460244363600002783	0100000075032715215E(gZS/93Rj1/
000460244363600002783	0100000075032715215vDHg=r93DYZd
000460244363600002783	0100000075032715215R4lCRo93XZxO
000460244363600002783	0100000075032715215?TtUtI93uVKT
000460244363600002783	0100000075032715215TWklVr93SjLf
000460244363600002783	0100000075032715215jBkXHI93QCFX
000460244363600002783	0100000075032715215ZQThIi93tFmh
000460244363600002783	0100000075032715215H+=k7E93HH9U
000460244363600002783	0100000075032715215BzogRe93uwLg
000460244363600002783	0100000075032715215c<-MMd93M1i/
000460244363600002783	0100000075032715215,fpJ,:93+Eb7
000460244363600002783	0100000075032715215SSskHc93ExF+
000460244363600002783	0100000075032715215e_4f3c939SlV
000460244363600002783	0100000075032715215cs'ebM93SWvh
000460244363600002783	0100000075032715215ul;hjz93xJUe
000460244363600002783	0100000075032715215P9;acC939tQ7
000460244363600002783	0100000075032715215nCnsEx93VaHP
000460244363600002783	0100000075032715215fcoA"m93Wldq
000460244363600002783	0100000075032715215YpjetU93ftem
000460244363600002792	0100000075032715215kw7hPS93vjuA
000460244363600002792	01000000750327152154laEM193j6Gh
000460244363600002792	0100000075032715215oDTjrU937dPE
000460244363600002792	01000000750327152155qGC"f93xaOj
000460244363600002792	0100000075032715215OTXc2<930ZPv
000460244363600002792	0100000075032715215bLNJ!j93nagN
000460244363600002792	0100000075032715215Nct:LV93V9cA
000460244363600002792	0100000075032715215o9Ctpy93QS6G
000460244363600002792	0100000075032715215tOStSj930g3N
000460244363600002792	0100000075032715215-8lIaU9370i7
000460244363600002792	0100000075032715215LVmajC93Gc+0
000460244363600002792	0100000075032715215cog!3O93QQ3P
000460244363600002792	0100000075032715215jDaZ9r93wADj
000460244363600002792	0100000075032715215kKCBsk93IAUd
000460244363600002792	0100000075032715215_wBzEh93z0Q5
000460244363600002792	0100000075032715215t9_Wv593qSH7
000460244363600002792	0100000075032715215ZHOjwm93XSN4
000460244363600002792	0100000075032715215KCpPRr939UpK
000460244363600002792	0100000075032715215;.UojD93C7Y4
000460244363600002792	0100000075032715215=(G4ui93mWAP
000460244363600002792	010000007503271521503a*=v931Yyq
000460244363600002792	0100000075032715215qdfdup93gOrH
000460244363600002792	0100000075032715215PYen4>93ptIT
000460244363600002792	01000000750327152152VXUB)93gMcP
000460244363600002808	0100000075032715215qbN/XA93i9vu
000460244363600002808	0100000075032715215Hl-rqP93xqBK
000460244363600002808	0100000075032715215rnSYp893HcVg
000460244363600002808	0100000075032715215XTUhU893LPoy
000460244363600002808	0100000075032715215ARvV-U93EfG+
000460244363600002808	0100000075032715215m'VDG493Huzl
000460244363600002808	0100000075032715215juOYoa93+wR+
000460244363600002808	0100000075032715215nUi0Ma93m7Hv
000460244363600002808	0100000075032715215pgUi?Z93y5Hb
000460244363600002808	0100000075032715215/jyiZc93EUYg
000460244363600002808	0100000075032715215?MpFLt93cp7e
000460244363600002808	0100000075032715215RrjSgs93K2Q8
000460244363600002808	0100000075032715215jZk4Qm937gv5
000460244363600002808	0100000075032715215.TF,oD93d5RB
000460244363600002808	0100000075032715215MUoUk&93t66Y
000460244363600002808	0100000075032715215e%T!BX93wNrm
000460244363600002808	0100000075032715215jmK;;l93qljE
000460244363600002808	0100000075032715215yFP8??93Yk26
000460244363600002808	0100000075032715215XikrOm93eluR
000460244363600002808	0100000075032715215+(pxhw93f0qc
000460244363600002808	01000000750327152150VYpe;937PL7
000460244363600002808	0100000075032715215%,=qI_93vqt3
000460244363600002808	0100000075032715215OPrft.93gbLV
000460244363600002808	01000000750327152156kKHdQ933HTF
000460244363600002817	0100000075032715215Uh.A**93Mqxr
000460244363600002817	0100000075032715215,&VdfU93PMeu
000460244363600002817	0100000075032715215D7b&-v93fJs9
000460244363600002817	0100000075032715215R&BkCB9348dK
000460244363600002817	0100000075032715215zXmelK93xJzD
000460244363600002817	0100000075032715215HQbQGZ93WSHR
000460244363600002817	01000000750327152158(GZa,93NMrf
000460244363600002817	0100000075032715215BGhYt'93hiY8
000460244363600002817	0100000075032715215IVL5x193ThFC
000460244363600002817	0100000075032715215TPWe2k93s80F
000460244363600002817	0100000075032715215zJA&xZ93+W3y
000460244363600002817	0100000075032715215Aq3Y/n93oO2z
000460244363600002817	0100000075032715215H_OXY39368Ex
000460244363600002817	0100000075032715215uQ.C.793HreQ
000460244363600002817	01000000750327152157EB!%893Ugue
000460244363600002817	0100000075032715215tQIc'R93mZm6
000460244363600002817	0100000075032715215yJRJp'934KOK
000460244363600002817	0100000075032715215Q1EBiL93hTj7
000460244363600002817	0100000075032715215K'CpQE93xZYf
000460244363600002817	0100000075032715215p!/ySt93kRVv
000460244363600002817	0100000075032715215KCnnMN937Zh4
000460244363600002817	0100000075032715215W.E*hG93xO/v
000460244363600002817	0100000075032715215>C(L&Y93/XHr
000460244363600002817	0100000075032715215ao9m/4935YL6
000460244363600002826	0100000075032715215onxP;d93tP+i
000460244363600002826	0100000075032715215sMknS)931iXV
000460244363600002826	0100000075032715215"JG:T)93KYYt
000460244363600002826	0100000075032715215a<o9dG93WxBG
000460244363600002826	0100000075032715215iov/n%93L1rQ
000460244363600002826	0100000075032715215rxmMhZ93ZO2I
000460244363600002826	0100000075032715215Z"ophL93ybGN
000460244363600002826	0100000075032715215ksJczF93ze4t
000460244363600002826	0100000075032715215R:eCaW93FUeU
000460244363600002826	0100000075032715215hpP0:T93I1SB
000460244363600002826	01000000750327152159T,Qrf93onK9
000460244363600002826	0100000075032715215(Immiu93GWgd
000460244363600002826	01000000750327152157D.vFw93Eet+
000460244363600002826	0100000075032715215+KXIhc93+DV5
000460244363600002826	0100000075032715215U!XpHI93q82k
000460244363600002826	01000000750327152157=I9P/93qaE3
000460244363600002826	0100000075032715215hMf)Kc93m0iL
000460244363600002826	0100000075032715215?bdrbp93r2l7
000460244363600002826	0100000075032715215BQi?>j93tg7p
000460244363600002826	0100000075032715215tK/EtB931D4e
000460244363600002826	0100000075032715215)8e*9k93G8Py
000460244363600002826	0100000075032715215r63ef293sxxz
000460244363600002826	0100000075032715215aeSR0d93K5mJ
000460244363600002826	0100000075032715215ox*"cT93uxo4
000460244363600002835	0100000075032715215B+Nj>a93hpeM
000460244363600002835	0100000075032715215Rz=I!A93ECnF
000460244363600002835	0100000075032715215Ebo(nE936Qx8
000460244363600002835	0100000075032715215/3ata*93Jp0O
000460244363600002835	0100000075032715215wjdxMJ93lVx7
000460244363600002835	0100000075032715215wtk3n(930ze7
000460244363600002835	0100000075032715215/NnPXo93e3IP
000460244363600002835	0100000075032715215dDtO!V93xkmT
000460244363600002835	0100000075032715215Zc_F9Z93kBrF
000460244363600002835	0100000075032715215<V<n+a93FPBq
000460244363600002835	0100000075032715215Wy,Mk:93mKfz
000460244363600002835	0100000075032715215FXxuBC93V7ZK
000460244363600002835	0100000075032715215PEpLT;93gMF7
000460244363600002835	01000000750327152158jr!)D93CwY8
000460244363600002835	0100000075032715215EB%/<l93BukS
000460244363600002835	0100000075032715215zWB1BY93Tn33
000460244363600002835	0100000075032715215mmM4uW93NWOi
000460244363600002835	0100000075032715215g;Mn.C934HDK
000460244363600002835	0100000075032715215PnV8u?93rTun
000460244363600002835	0100000075032715215Nl9qbv93B4oB
000460244363600002835	0100000075032715215yllpbb93DS7A
000460244363600002835	0100000075032715215pbjcoE93YSAS
000460244363600002835	0100000075032715215K2v8Oy93yOfN
000460244363600002835	0100000075032715215XvE.>w93ZLKV
000460244363600002844	0100000075032715215_ZZE0e935j6c
000460244363600002844	0100000075032715215ZqtSRh939IXo
000460244363600002844	0100000075032715215NSkmr&93rF5A
000460244363600002844	01000000750327152154/AyFQ933qYT
000460244363600002844	0100000075032715215yi1N"G93lqOM
000460244363600002844	0100000075032715215S3MVPx933p+v
000460244363600002844	0100000075032715215FT4Tjz93zmsW
000460244363600002844	0100000075032715215zZtYDK9375Cn
000460244363600002844	0100000075032715215,aiQCQ93y1zr
000460244363600002844	0100000075032715215_oYvrp93+Ctu
000460244363600002844	0100000075032715215BDfMa(93bVCY
000460244363600002844	0100000075032715215GhjG9d93cQ12
000460244363600002844	0100000075032715215%S0CtB93c3Nh
000460244363600002844	0100000075032715215-+Io)W93zfK2
000460244363600002844	0100000075032715215oOC-ly93r/k4
000460244363600002844	0100000075032715215d0ZReO93aG7U
000460244363600002844	0100000075032715215a"csKI93EXV9
000460244363600002844	0100000075032715215kZKWEo93vLyO
000460244363600002844	01000000750327152150cjzw;93iDRf
000460244363600002844	0100000075032715215nqj)On937CLD
000460244363600002844	0100000075032715215fmDhVP93VLxu
000460244363600002844	01000000750327152158Yu>Us93LpXN
000460244363600002844	0100000075032715215TCOIfC93ceU1
000460244363600002844	01000000750327152150Gh9dF9386qy
000460244363600002853	0100000075032715215uSPOOt93Nezl
000460244363600002853	0100000075032715215mr3RJK93II8Q
000460244363600002853	0100000075032715215h?:niz93i1RB
000460244363600002853	0100000075032715215.<O3r4936ABd
000460244363600002853	0100000075032715215DlAvIf93lDQh
000460244363600002853	0100000075032715215Qe95KM93OTzy
000460244363600002853	0100000075032715215Nw5kDS93rW14
000460244363600002853	0100000075032715215hD!=bC93nk4s
000460244363600002853	0100000075032715215Wl"0ic93LUCQ
000460244363600002853	0100000075032715215Qz0rpW937CFT
000460244363600002853	0100000075032715215aRRbqf93Albi
000460244363600002853	0100000075032715215Xo..Qe93Q3rd
000460244363600002853	0100000075032715215ZJZRmN93Baau
000460244363600002853	0100000075032715215rWQEl.93hym/
000460244363600002853	0100000075032715215Opk_nP93HfSy
000460244363600002853	0100000075032715215CERZ%+93HClP
000460244363600002853	0100000075032715215EL2lM%932tIS
000460244363600002853	0100000075032715215/bxHY993oM5Z
000460244363600002853	0100000075032715215JmRvTQ93sI++
000460244363600002853	0100000075032715215QeUKiS9368oR
000460244363600002853	0100000075032715215b(0W!H93ss/v
000460244363600002853	0100000075032715215EdmSni93qoTs
000460244363600002853	0100000075032715215JX825I93RHE8
000460244363600002853	01000000750327152152B"/PX93CqJO
000460244363600002862	0100000075032715215bJbUiL93tSPI
000460244363600002862	0100000075032715215gpoKf+93vyJO
000460244363600002862	0100000075032715215e6W5eN93kFZM
000460244363600002862	0100000075032715215xERHQY93VELh
000460244363600002862	0100000075032715215pEgNMH93633v
000460244363600002862	0100000075032715215XBRZgr93ZNoZ
000460244363600002862	0100000075032715215&hL6oI93tFik
000460244363600002862	0100000075032715215go&ERE93Evin
000460244363600002862	0100000075032715215jfqIXR93WcGB
000460244363600002862	0100000075032715215YamNh893yn6/
000460244363600002862	0100000075032715215SLIqki93YQac
000460244363600002862	0100000075032715215LrGlao93vIm2
000460244363600002862	0100000075032715215Nfo,S>93JTbI
000460244363600002862	0100000075032715215AMxQH293WERx
000460244363600002862	0100000075032715215RqR?>%93H++z
000460244363600002862	0100000075032715215kB6(OH93A+Mc
000460244363600002862	0100000075032715215eQA6oj93A9xn
000460244363600002862	0100000075032715215;zkn"w932RDJ
000460244363600002862	0100000075032715215N>TZmX93VTBk
000460244363600002862	01000000750327152158FPgnL93LeQb
000460244363600002862	0100000075032715215=IHzlZ93hMLJ
000460244363600002862	0100000075032715215HVInb:93/eF0
000460244363600002862	0100000075032715215DnbDq693cUYU
000460244363600002862	0100000075032715215akFbNn93UNqQ
000460244363600002871	0100000075032715215JtJX,b93/FEi
000460244363600002871	0100000075032715215'CbVdT939270
000460244363600002871	0100000075032715215ljK>od93fba1
000460244363600002871	0100000075032715215aaT/PK93oxUa
000460244363600002871	0100000075032715215Kk('eY93pWu2
000460244363600002871	0100000075032715215'IHAIG93DVtw
000460244363600002871	0100000075032715215sq_dLO93Rj/l
000460244363600002871	0100000075032715215b6Q%qa93X6yv
000460244363600002871	0100000075032715215N)UFkG93qD5D
000460244363600002871	0100000075032715215T-tapM93HRhz
000460244363600002871	0100000075032715215hhmO=V93EwlB
000460244363600002871	01000000750327152159ixI)m93aQLQ
000460244363600002871	0100000075032715215kNqmkB938Xzs
000460244363600002871	0100000075032715215P&RphU93Rmer
000460244363600002871	0100000075032715215iLEegp93xe9e
000460244363600002871	0100000075032715215RPGODF93+7F7
000460244363600002871	0100000075032715215A(8VFV93G1E+
000460244363600002871	0100000075032715215CuqHSy93HFjC
000460244363600002871	0100000075032715215H7sCIW93PaX/
000460244363600002871	0100000075032715215&z<)F393JyeH
000460244363600002871	0100000075032715215NUzEQn93uzOx
000460244363600002871	0100000075032715215fevj_U93FHDp
000460244363600002871	0100000075032715215CDWBWX93HUJj
000460244363600002871	0100000075032715215QKB"In937quh
000460244363600002880	0100000075032715215rBD%Qf93ho0/
000460244363600002880	0100000075032715215HvZ)K?93OUgO
000460244363600002880	0100000075032715215!!a"kw93CR/w
000460244363600002880	0100000075032715215Dq3sZ=93PCSU
000460244363600002880	0100000075032715215c/a''J93nY7D
000460244363600002880	0100000075032715215iVU/f.930oFT
000460244363600002880	0100000075032715215IM-f5'93wIMP
000460244363600002880	0100000075032715215NM_2W"93GrqT
000460244363600002880	0100000075032715215iyERT>93Azv+
000460244363600002880	0100000075032715215Q?rbpK93Zkqz
000460244363600002880	0100000075032715215HJMdpZ93DmlT
000460244363600002880	0100000075032715215e0Mq;W9338tv
000460244363600002880	0100000075032715215eq')Q3930jKb
000460244363600002880	0100000075032715215MG,b3o93y15q
000460244363600002880	0100000075032715215ZemaLM93PlbX
000460244363600002880	0100000075032715215C9ZUUi93Qhv/
000460244363600002880	0100000075032715215KcMjbs93e8JK
000460244363600002880	0100000075032715215=Otoda93tMg7
000460244363600002880	0100000075032715215dRDhaz93AMTW
000460244363600002880	0100000075032715215?jV8P693eYko
000460244363600002880	0100000075032715215JiS?V693JI6h
000460244363600002880	01000000750327152151"5cbH9369rD
000460244363600002880	0100000075032715215xnb25S93wh0l
000460244363600002880	0100000075032715215dxzRgr93uIx5
000460244363600002899	01000000750327152150q+IBq93dMf8
000460244363600002899	0100000075032715215CmvjOO93O995
000460244363600002899	0100000075032715215b,Y)RY93GD2Q
000460244363600002899	01000000750327152159uJ9b(93bEB2
000460244363600002899	0100000075032715215p;wvQV93/Obc
000460244363600002899	0100000075032715215HSXYzc93IteB
000460244363600002899	0100000075032715215)L<bmV939XXq
000460244363600002899	0100000075032715215"?ja=o93ehaZ
000460244363600002899	0100000075032715215jh6!BG93F7Ki
000460244363600002899	01000000750327152159fO1gj93hY73
000460244363600002899	0100000075032715215(2KrZd93Bxjx
000460244363600002899	0100000075032715215xr5dA-93U52r
000460244363600002899	0100000075032715215IUbCGL933miz
000460244363600002899	0100000075032715215pm/DGr9344dY
000460244363600002899	0100000075032715215mhdcIp93FYLK
000460244363600002899	0100000075032715215XNQDeC938L+l
000460244363600002899	0100000075032715215&:&c+=93o4z4
000460244363600002899	0100000075032715215jw(l3Z93SzQT
000460244363600002899	0100000075032715215Fg!lFf935hRL
000460244363600002899	0100000075032715215)&dpjB93UzrP
000460244363600002899	0100000075032715215Oj?pi*93G2k3
000460244363600002899	01000000750327152158!mljz93al9H
000460244363600002899	0100000075032715215+IKK,X93fN8o
000460244363600002899	0100000075032715215Ln1Aro93kSbY
000460244363600002905	0100000075032715215GRLLl(93qLqS
000460244363600002905	0100000075032715215eusoxy93kKt8
000460244363600002905	0100000075032715215AZh45z93Qjjz
000460244363600002905	0100000075032715215bsPqje93n3GA
000460244363600002905	0100000075032715215tKH&_C93QLkj
000460244363600002905	0100000075032715215xHb:Za93DUfF
000460244363600002905	0100000075032715215o5/IqN932ndF
000460244363600002905	0100000075032715215NtUf3o9338Wm
000460244363600002905	0100000075032715215JiCZmU93NXm1
000460244363600002905	0100000075032715215D!5a=m93/j7h
000460244363600002905	0100000075032715215>MBE"e93bR6r
000460244363600002905	0100000075032715215sGzqe493cnXT
000460244363600002905	0100000075032715215<*TFe,939zTF
000460244363600002905	0100000075032715215Ub&snn93POCt
000460244363600002905	0100000075032715215efWJBT93Nm5/
000460244363600002905	0100000075032715215YHtMTs93ydPD
000460244363600002905	01000000750327152151T&ve*93T4gA
000460244363600002905	0100000075032715215O0BHp5932G6K
000460244363600002905	0100000075032715215cjtg&r93eZNq
000460244363600002905	0100000075032715215J5C*up93ZPP2
000460244363600002905	0100000075032715215(P*oic93zimO
000460244363600002905	0100000075032715215qsgH-i93S+dj
000460244363600002905	0100000075032715215Pg0hSZ93k3un
000460244363600002905	0100000075032715215kn3fZp93JDn6
000460244363600002914	0100000075032715215gpOj.j93R4GT
000460244363600002914	0100000075032715215KXYXm"93iXu7
000460244363600002914	0100000075032715215lFsreD9386qO
000460244363600002914	0100000075032715215.u87X793D+9K
000460244363600002914	0100000075032715215tcB7dQ93BS/u
000460244363600002914	0100000075032715215);=IFM93gXs/
000460244363600002914	0100000075032715215jlfJ+M93a8rW
000460244363600002914	0100000075032715215C.<KQM936b4Z
000460244363600002914	010000007503271521541p+Jn933E+A
000460244363600002914	0100000075032715215T0"tjc93/LxO
000460244363600002914	0100000075032715215qJl0Dr93jw/C
000460244363600002914	0100000075032715215uUZK"I93bF7P
000460244363600002914	0100000075032715215C(ijJG93ZDgr
000460244363600002914	0100000075032715215LQfKPv93uRa7
000460244363600002914	0100000075032715215fmjopx93+Ski
000460244363600002914	0100000075032715215hSa&hJ93YZ1Z
000460244363600002914	0100000075032715215i0zjxp93KB5X
000460244363600002914	0100000075032715215tWOlqE93GYuD
000460244363600002914	0100000075032715215&5,>N>93i6hc
000460244363600002914	0100000075032715215GP9EFl937TiL
000460244363600002914	0100000075032715215z"0PHU933Ceo
000460244363600002914	0100000075032715215.tb/H"93k+xn
000460244363600002914	0100000075032715215qqm:CV93/5if
000460244363600002914	0100000075032715215SMbejH93UleR
000460244363600002923	0100000075032715215atO'JU934Gh/
000460244363600002923	0100000075032715215'Fl;<L93Xpl4
000460244363600002923	0100000075032715215O<kKZu93zA86
000460244363600002923	0100000075032715215hD,ZW1931aNL
000460244363600002923	0100000075032715215hKCUv693e6KT
000460244363600002923	0100000075032715215k-ZI>Q934wW3
000460244363600002923	0100000075032715215SW(iha93qLXQ
000460244363600002923	0100000075032715215uDr7o?93W3Yr
000460244363600002923	0100000075032715215P!gZaZ93WrkD
000460244363600002923	0100000075032715215NHCN,>93r7id
000460244363600002923	0100000075032715215G8c;Lf934QQF
000460244363600002923	0100000075032715215YZ)&uQ93x+3n
000460244363600002923	0100000075032715215<)ESm_93PhLR
000460244363600002923	0100000075032715215dT,7kX9393vd
000460244363600002923	0100000075032715215CaBDKD933RNs
000460244363600002923	0100000075032715215'rufd193cO8Y
000460244363600002923	0100000075032715215CW>'c493rlJU
000460244363600002923	0100000075032715215!;Rfxz93gMAB
000460244363600002923	0100000075032715215F_=R2b93ukAz
000460244363600002923	0100000075032715215pUVu8"93HWs1
000460244363600002923	0100000075032715215DOMWSl93nLSx
000460244363600002923	0100000075032715215e(GuXp93Rnrd
000460244363600002923	0100000075032715215h8cnH993QmLm
000460244363600002923	0100000075032715215REM2n793tU6M
000460244363600002932	0100000075032715215PmhHs393u6nd
000460244363600002932	0100000075032715215iZbpcA93xB3q
000460244363600002932	0100000075032715215oY=QEM93sk4G
000460244363600002932	0100000075032715215uV_57M93Fs88
000460244363600002932	0100000075032715215BC"FH+93pn3v
000460244363600002932	0100000075032715215bqLajB93Fqwk
000460244363600002932	0100000075032715215ZoOr/N93bG/I
000460244363600002932	0100000075032715215O1F'3y93kebZ
000460244363600002932	01000000750327152153geViY93xZDs
000460244363600002932	0100000075032715215XB_ENk93utzP
000460244363600002932	0100000075032715215r0<WLD93oXJJ
000460244363600002932	0100000075032715215AT6ir&93CLkK
000460244363600002932	0100000075032715215OB3kzH937ZQX
000460244363600002932	0100000075032715215hX%vQb93hhWi
000460244363600002932	0100000075032715215J"HbXe93w2t3
000460244363600002932	0100000075032715215U1oWKR93UAxK
000460244363600002932	0100000075032715215UWEQZN93oMch
000460244363600002932	010000007503271521576;qS!93pefz
000460244363600002932	0100000075032715215/HLQMW930tc5
000460244363600002932	01000000750327152152Ic&1C93UcCB
000460244363600002932	0100000075032715215rxKIVH93WQno
000460244363600002932	0100000075032715215q31oV%93367P
000460244363600002932	0100000075032715215g>TR8=93C/O8
000460244363600002932	0100000075032715215*jcI7h93nSda
000460244363600002941	0100000075032715215FSx:ZF936vcO
000460244363600002941	0100000075032715215p_G!JF937eHz
000460244363600002941	0100000075032715215fGifBt93OmIi
000460244363600002941	0100000075032715215271WO<93tnrY
000460244363600002941	0100000075032715215)o-YhO938SXM
000460244363600002941	0100000075032715215sUr0lx93VTqZ
000460244363600002941	0100000075032715215<Ii+Vr93au9E
000460244363600002941	0100000075032715215I:"VMS930x6/
000460244363600002941	0100000075032715215msDgc393lfOJ
000460244363600002941	0100000075032715215eMdS.g932pu4
000460244363600002941	0100000075032715215/YcOKO93jVTE
000460244363600002941	0100000075032715215glB&AF93Yy+B
000460244363600002941	0100000075032715215cYbH<i93EC1L
000460244363600002941	0100000075032715215P4FjV.936WT6
000460244363600002941	0100000075032715215YB9QH193b1fD
000460244363600002941	0100000075032715215TBcN:h93IrZS
000460244363600002941	0100000075032715215DsPTjS93b/1p
000460244363600002941	0100000075032715215DQgeJj938S6H
000460244363600002941	0100000075032715215<JoFOc93NcN1
000460244363600002941	0100000075032715215P<:apA93+zTZ
000460244363600002941	01000000750327152155CBWhO93XRcZ
000460244363600002941	0100000075032715215FqsKoT93wvNK
000460244363600002941	0100000075032715215tC&xwb93ddzi
000460244363600002941	0100000075032715215HSUTKZ93HHKM
000460244363600002950	0100000075032715215Sc?teM93+5u6
000460244363600002950	0100000075032715215uO9O;w93QoH8
000460244363600002950	01000000750327152153IlW:G93ubhz
000460244363600002950	0100000075032715215JgracF938qXQ
000460244363600002950	0100000075032715215Qu%-WK93g0oQ
000460244363600002950	0100000075032715215,tmOF493A0sg
000460244363600002950	0100000075032715215K"uQhB93H6cj
000460244363600002950	0100000075032715215g!Uay(938MC1
000460244363600002950	0100000075032715215f4D)_s9323RB
000460244363600002950	0100000075032715215vlYD&n931MjU
000460244363600002950	0100000075032715215tKcrd'93L/UE
000460244363600002950	0100000075032715215NHNfgn93+yET
000460244363600002950	0100000075032715215lhjyEo93GiYG
000460244363600002950	0100000075032715215=wyRe'93zbCW
000460244363600002950	0100000075032715215(MCn4593LWmp
000460244363600002950	0100000075032715215kI:HZ5939/nQ
000460244363600002950	0100000075032715215KU5OL%933CSY
000460244363600002950	0100000075032715215V>1t/*93Ksuq
000460244363600002950	0100000075032715215_g*EeC93iSoN
000460244363600002950	0100000075032715215W.jvMZ93L2/7
000460244363600002950	0100000075032715215hPQRfm93p/YJ
000460244363600002950	0100000075032715215BamL=c93gUSZ
000460244363600002950	0100000075032715215f*O3VW9386RR
000460244363600002950	0100000075032715215-Op=Cc93LOPC
000460244363600002969	01000000750327152156R3koZ93n2tl
000460244363600002969	0100000075032715215'Qi5I693+bC7
000460244363600002969	0100000075032715215K8pXBz932wdr
000460244363600002969	0100000075032715215X.i!3z93lZhT
000460244363600002969	0100000075032715215/HijYa93G6g0
000460244363600002969	0100000075032715215iKCial93XmUf
000460244363600002969	0100000075032715215BMoHiD93XtXI
000460244363600002969	0100000075032715215BE0Vfi93m0kK
000460244363600002969	0100000075032715215iCXRoM93s933
000460244363600002969	0100000075032715215fOf_bS93F5Qu
000460244363600002969	0100000075032715215SE5/ZF93Y8DQ
000460244363600002969	0100000075032715215Ux;Ytb93fsZv
000460244363600002969	0100000075032715215*'cSSE93KzXx
000460244363600002969	0100000075032715215!xsvuL93l6Ij
000460244363600002969	0100000075032715215akPxoG93NxSN
000460244363600002969	0100000075032715215KoM<kF93btgu
000460244363600002969	0100000075032715215&gLfOn93PWmv
000460244363600002969	0100000075032715215tuhcmU93yWpu
000460244363600002969	0100000075032715215:QrOfN93jPbK
000460244363600002969	0100000075032715215fQF;"M93GXFH
000460244363600002969	0100000075032715215tYBdmd93jVnH
000460244363600002969	0100000075032715215+4T0WH93vJnU
000460244363600002969	0100000075032715215+qGNxU93+0M8
000460244363600002969	0100000075032715215SZ,LiU93wfTZ
000460244363600002978	0100000075032715215mGj1!M93bxGh
000460244363600002978	0100000075032715215C2rCtT93G+KQ
000460244363600002978	0100000075032715215Xm-bgi93wvMs
000460244363600002978	0100000075032715215bGZtXf93PLo7
000460244363600002978	0100000075032715215ZPRJS293LwtR
000460244363600002978	0100000075032715215zaFFYf934ZQK
000460244363600002978	0100000075032715215zMNr+G936HLS
000460244363600002978	0100000075032715215ai'Yp593IZir
000460244363600002978	0100000075032715215B+"*Uj93qsWl
000460244363600002978	0100000075032715215VC_SlZ93q1pE
000460244363600002978	0100000075032715215caWGth93qbz6
000460244363600002978	0100000075032715215uOM>Mq93DHNi
000460244363600002978	0100000075032715215%LTmX893D5Uw
000460244363600002978	0100000075032715215Yu0:Cy93+nAk
000460244363600002978	0100000075032715215RSyyf%93w/dN
000460244363600002978	0100000075032715215VTOKNI93AYzj
000460244363600002978	0100000075032715215kpO<WD93FYOa
000460244363600002978	0100000075032715215NfscsE93GyOP
000460244363600002978	0100000075032715215GlQRFK93XpGs
000460244363600002978	0100000075032715215FgVnJ793MsWE
000460244363600002978	0100000075032715215TvTldA93aoL5
000460244363600002978	0100000075032715215<>T(W593525Q
000460244363600002978	0100000075032715215NvO2q>93lVHX
000460244363600002978	0100000075032715215ysqrul93WLRG
000460244363600002987	0100000075032715215xq1atK93rQqZ
000460244363600002987	0100000075032715215olHQE;93ICu5
000460244363600002987	0100000075032715215jGICfI93lmDn
000460244363600002987	0100000075032715215.lm6NV93w98B
000460244363600002987	0100000075032715215buP+si93tpT4
000460244363600002987	0100000075032715215Yl?9;M93qhcp
000460244363600002987	0100000075032715215ipO'a:93eV7w
000460244363600002987	0100000075032715215Q:WmVR935oIv
000460244363600002987	0100000075032715215IVnbsM93Owt3
000460244363600002987	0100000075032715215oLb2B693hXzG
000460244363600002987	0100000075032715215ua(fYj93H0fY
000460244363600002987	0100000075032715215cTOaf(93TKu9
000460244363600002987	0100000075032715215mp!qHS93a4Mr
000460244363600002987	0100000075032715215/J>NnX93sUA0
000460244363600002987	0100000075032715215j?HVkc93+6OZ
000460244363600002987	0100000075032715215LAI_kt93eUvC
000460244363600002987	0100000075032715215l=P>W/93Zwz3
000460244363600002987	0100000075032715215bb-(OE93kdUX
000460244363600002987	0100000075032715215:)5.YB93qtN3
000460244363600002987	0100000075032715215ms16i793lvNt
000460244363600002987	0100000075032715215+O?am>93axos
000460244363600002987	0100000075032715215cVlPKR93B8oM
000460244363600002987	0100000075032715215xbZQWI93niqr
000460244363600002987	0100000075032715215npX+kj934i/e
000460244363600002996	0100000075032715215q%erY393Fx9h
000460244363600002996	0100000075032715215nny&?h9323MD
000460244363600002996	0100000075032715215wnwicG931i19
000460244363600002996	0100000075032715215=;6xkQ93RGMy
000460244363600002996	0100000075032715215X?r&BP93JpxX
000460244363600002996	0100000075032715215(VTdqZ939bZY
000460244363600002996	0100000075032715215T9YmLe93MQSi
000460244363600002996	0100000075032715215=eLnaH93IYs1
000460244363600002996	0100000075032715215HRlIIb93q533
000460244363600002996	0100000075032715215I0rEVC937wYJ
000460244363600002996	0100000075032715215XtICnl93dx56
000460244363600002996	0100000075032715215rv8(nV939pcn
000460244363600002996	0100000075032715215pLXRu,93fLKJ
000460244363600002996	0100000075032715215L)wAjV93X3M4
000460244363600002996	0100000075032715215JEDPE)93RlrP
000460244363600002996	0100000075032715215.c5AQD93r3hs
000460244363600002996	0100000075032715215/HIAcF93H7Ic
000460244363600002996	0100000075032715215)h6!YQ93yMPQ
000460244363600002996	01000000750327152159nbpYU936OCA
000460244363600002996	0100000075032715215d8ZcD+93jT3h
000460244363600002996	0100000075032715215ElbWD'93k3Fh
000460244363600002996	0100000075032715215N2un3493Vi8X
000460244363600002996	0100000075032715215DYDS,k93/9EO
000460244363600002996	0100000075032715215Lj4Oh"93sewE
000460244363600003001	0100000075032715215xmxWP393qBHH
000460244363600003001	0100000075032715215j-uZgP93aO1J
000460244363600003001	0100000075032715215s'FJX/93WlTF
000460244363600003001	0100000075032715215hhNM'O93hSnk
000460244363600003001	0100000075032715215c4)58R93DUX7
000460244363600003001	0100000075032715215S9G!!W93I7j1
000460244363600003001	0100000075032715215rNqN&a93FOrr
000460244363600003001	0100000075032715215Qk8UNY934XXp
000460244363600003001	0100000075032715215QdD)fP93MBeT
000460244363600003001	0100000075032715215:LgK1x93HSDH
000460244363600003001	0100000075032715215Yk*%-u93nut6
000460244363600003001	0100000075032715215%IDL,I93ss95
000460244363600003001	0100000075032715215MczQxd93+yGt
000460244363600003001	0100000075032715215QhU(yQ93O9ra
000460244363600003001	0100000075032715215mgh.mO93PGvT
000460244363600003001	0100000075032715215ep5Z(293Oo4Z
000460244363600003001	0100000075032715215+l1!*J93XeJ0
000460244363600003001	0100000075032715215UB3Ymz93vL30
000460244363600003001	0100000075032715215<7luD.93BQN+
000460244363600003001	0100000075032715215<k7I(U939Xoe
000460244363600003001	0100000075032715215Se8!H.93y3Mx
000460244363600003001	0100000075032715215K)vqw793zB7/
000460244363600003001	0100000075032715215ZmV=Gf93df9z
000460244363600003001	0100000075032715215.U!'TF939MhI
000460244363600003010	0100000075032715215YHF<Ks93RNzC
000460244363600003010	0100000075032715215rytPfJ93FOlF
000460244363600003010	0100000075032715215YCn0y393pyPR
000460244363600003010	0100000075032715215%ZQsq9937nqB
000460244363600003010	0100000075032715215g(09-)93ggNb
000460244363600003010	0100000075032715215pWKV!793ANqO
000460244363600003010	0100000075032715215iwI-R,93ZazU
000460244363600003010	0100000075032715215y1j9ER93nCZa
000460244363600003010	0100000075032715215.%rKY/93GHQK
000460244363600003010	01000000750327152152tu)X)93Y8y0
000460244363600003010	0100000075032715215=qSlBk934hhn
000460244363600003010	0100000075032715215vnDaBX93p4I5
000460244363600003010	0100000075032715215?uZAtj93Yx2/
000460244363600003010	0100000075032715215dnCaQs93k6Yw
000460244363600003010	0100000075032715215mLT0PL930XuI
000460244363600003010	0100000075032715215pOF*nV93EDqI
000460244363600003010	01000000750327152154IeOm893p/H7
000460244363600003010	0100000075032715215Hl&(h%93aZ+s
000460244363600003010	0100000075032715215IQqa*893rEwi
000460244363600003010	0100000075032715215npfNCR935pP3
000460244363600003010	0100000075032715215sGtq;W93G1HC
000460244363600003010	0100000075032715215WNF(V;93chP+
000460244363600003010	0100000075032715215<O%nCE93V+pv
000460244363600003010	0100000075032715215dZtcfY93MmDN
000460244363600003029	0100000075032715215d?brdt93YC7J
000460244363600003029	0100000075032715215IgIYIu93L26n
000460244363600003029	0100000075032715215BN1U*;93382E
000460244363600003029	0100000075032715215g=lfVB93LsA1
000460244363600003029	0100000075032715215fi4cBj934x/Y
000460244363600003029	0100000075032715215qKTiot93i9JY
000460244363600003029	0100000075032715215EfnqbE93szWA
000460244363600003029	0100000075032715215jhpbU:93bjJI
000460244363600003029	0100000075032715215pF.lNl93yWbD
000460244363600003029	0100000075032715215Yveht?93m8J3
000460244363600003029	0100000075032715215;d_hP193s6rs
000460244363600003029	0100000075032715215rr(z2Y93aRmK
000460244363600003029	0100000075032715215RXiZgf93/Jop
000460244363600003029	0100000075032715215"="JZX939WH9
000460244363600003029	0100000075032715215RO%,UH93hF5V
000460244363600003029	01000000750327152150onWBH93aBXS
000460244363600003029	0100000075032715215<vFYC+93fikE
000460244363600003029	0100000075032715215Zb9_J993/L/U
000460244363600003029	0100000075032715215T.Ns&s93FQ4b
000460244363600003029	0100000075032715215ApI5Ei93sdKY
000460244363600003029	0100000075032715215fs/sY&935946
000460244363600003029	0100000075032715215Fkk*UF93iG6w
000460244363600003029	0100000075032715215r"Flgb93c/9o
000460244363600003029	0100000075032715215%UcY;V936Ffp
000460244363600003038	0100000075032715215:9%)oS93cvOy
000460244363600003038	0100000075032715215m9NicE93fpQR
000460244363600003038	0100000075032715215)SVLkz93jCqV
000460244363600003038	0100000075032715215V7KmZL93gfD4
000460244363600003038	01000000750327152153IhxEc93SHy8
000460244363600003038	0100000075032715215aH'xEg936ViC
000460244363600003038	0100000075032715215"nIQad93CaPC
000460244363600003038	0100000075032715215*Rp&_c931lkg
000460244363600003038	01000000750327152157RobSp93R5q5
000460244363600003038	0100000075032715215nO(nCC93GtH5
000460244363600003038	0100000075032715215?eIeDv93BMoY
000460244363600003038	0100000075032715215BIbInd93c1qU
000460244363600003038	0100000075032715215NO)opg93rSIS
000460244363600003038	0100000075032715215kvNioY93Csfp
000460244363600003038	0100000075032715215vXAOEq93qc9u
000460244363600003038	0100000075032715215RRoB;h93jgF0
000460244363600003038	0100000075032715215+%bP"J93Q1YO
000460244363600003038	0100000075032715215p'X?Jd93+rEv
000460244363600003038	0100000075032715215N?PfQ?93+ZMg
000460244363600003038	0100000075032715215ssoWHA93I+Ow
000460244363600003038	0100000075032715215ypQE&%93dV3i
000460244363600003038	0100000075032715215vGL>y'93mkYP
000460244363600003038	01000000750327152153WxcLr93Z9RX
000460244363600003038	0100000075032715215Kx:4Fe93fuo3
000460244363600003047	0100000075032715215bG0?F:937Xlw
000460244363600003047	0100000075032715215S5YhX-93MraT
000460244363600003047	0100000075032715215DhvXqd93OGl2
000460244363600003047	0100000075032715215BRQFhp93mtDQ
000460244363600003047	0100000075032715215QNtN2=93XEhs
000460244363600003047	01000000750327152150FPlhr93tSz8
000460244363600003047	0100000075032715215kT3sTJ93PIpZ
000460244363600003047	0100000075032715215M?DaXF93LrLU
000460244363600003047	01000000750327152150LX>/m93STS4
000460244363600003047	0100000075032715215SfTESu93gTi2
000460244363600003047	0100000075032715215v6gmkc93z1HC
000460244363600003047	0100000075032715215qMf(VH93P8kc
000460244363600003047	0100000075032715215reZYvK93LEF+
000460244363600003047	0100000075032715215cWi*hI93QcMQ
000460244363600003047	0100000075032715215cDRjgP93IY7X
000460244363600003047	0100000075032715215i!FW6j93IoO5
000460244363600003047	01000000750327152153WqFgW93DX1V
000460244363600003047	0100000075032715215mO?_yK93e1KP
000460244363600003047	0100000075032715215OPnERO939hG2
000460244363600003047	0100000075032715215bLiecp93O7vv
000460244363600003047	01000000750327152159.x?mo935c3Y
000460244363600003047	0100000075032715215;l)0lO933q/B
000460244363600003047	0100000075032715215r75BMu93oXHn
000460244363600003047	0100000075032715215QqX'??93jVAZ
000460244363600003056	0100000075032715215Wstfr:93Docb
000460244363600003056	0100000075032715215K!TVA"93Cmqs
000460244363600003056	0100000075032715215ngXDK393rk6y
000460244363600003056	0100000075032715215-d%3s?931ucv
000460244363600003056	0100000075032715215Hu<G9L93GZ5Z
000460244363600003056	0100000075032715215mVuTmp93GsOf
000460244363600003056	0100000075032715215Tzfs),93ZrVA
000460244363600003056	0100000075032715215TaRDr5933L3U
000460244363600003056	0100000075032715215H4SE-493bQLq
000460244363600003056	0100000075032715215*BisR593Eg/Q
000460244363600003056	0100000075032715215zFq31793HDFd
000460244363600003056	0100000075032715215=7*Ya&937KFw
000460244363600003056	0100000075032715215P8&WWg93PXms
000460244363600003056	0100000075032715215CtqIEO93qUFi
000460244363600003056	0100000075032715215/lmbO:93/OQ3
000460244363600003056	0100000075032715215TlZOmd93A/+f
000460244363600003056	0100000075032715215HdWycn93ry0n
000460244363600003056	010000007503271521553F4Pa93eFGt
000460244363600003056	0100000075032715215g:WXVn93x/5p
000460244363600003056	0100000075032715215QQ'EeQ93mjeb
000460244363600003056	0100000075032715215PhaRW193p2uN
000460244363600003056	0100000075032715215d,qiP+93TVG0
000460244363600003056	0100000075032715215EnJAJJ93CkUV
000460244363600003056	0100000075032715215GuS8H(93iv+0
000460244363600003065	0100000075032715215FLt%4l93fPek
000460244363600003065	0100000075032715215HeHJiK93y5DN
000460244363600003065	0100000075032715215yJfnt%93fS/D
000460244363600003065	0100000075032715215KFpfFn93FKRN
000460244363600003065	0100000075032715215fuZZ;u93fTr5
000460244363600003065	0100000075032715215Vmws1L93Zmm4
000460244363600003065	0100000075032715215"cCMOV93YaGz
000460244363600003065	0100000075032715215ZhSQR*93Otgp
000460244363600003065	0100000075032715215<BrkKu93WKwp
000460244363600003065	0100000075032715215h?Yh7n93LAAq
000460244363600003065	0100000075032715215tmZEHu93TGYK
000460244363600003065	01000000750327152150ufemY93jxUK
000460244363600003065	0100000075032715215Sf5ROA93pH7o
000460244363600003065	0100000075032715215_-HQgU93Yd32
000460244363600003065	0100000075032715215wjb;uv93ur3I
000460244363600003065	0100000075032715215?u+Smp93T6Dn
000460244363600003065	0100000075032715215jSN=DC93mMWO
000460244363600003065	0100000075032715215OYthYG93EFhC
000460244363600003065	0100000075032715215nWBsEL93EyDt
000460244363600003065	0100000075032715215xGYkRU93Ct1B
000460244363600003065	0100000075032715215sObiqk931W7x
000460244363600003065	0100000075032715215gO:wuq93t88N
000460244363600003065	0100000075032715215115D*m93rhim
000460244363600003065	0100000075032715215ei7W+99393ee
000460244363600003074	0100000075032715215T*Odij9367nG
000460244363600003074	0100000075032715215FuqAFE93VI3J
000460244363600003074	0100000075032715215(FhhGU933LMR
000460244363600003074	0100000075032715215OTMcFc9372XS
000460244363600003074	0100000075032715215gjBCYH936Qcd
000460244363600003074	0100000075032715215i?oefh932/yO
000460244363600003074	0100000075032715215gTRq7h93hGeu
000460244363600003074	0100000075032715215VT-uQ)93Veqv
000460244363600003074	0100000075032715215eJukFA93pgPQ
000460244363600003074	0100000075032715215r5nWAY93Nbmm
000460244363600003074	0100000075032715215u8(mPk93TYeh
000460244363600003074	0100000075032715215kmXmRd93TWHQ
000460244363600003074	0100000075032715215riLEbA93WNF5
000460244363600003074	0100000075032715215Z5L5(P93MjjH
000460244363600003074	0100000075032715215J_oFfK93LhCI
000460244363600003074	0100000075032715215g<QFli93R2g0
000460244363600003074	0100000075032715215YrWdbT93a2dq
000460244363600003074	0100000075032715215sAwJI_93VZr/
000460244363600003074	0100000075032715215pILoYT932CKL
000460244363600003074	0100000075032715215of;tGX93Ifww
000460244363600003074	01000000750327152155=rhso933+rw
000460244363600003074	0100000075032715215WstH>y93EwJl
000460244363600003074	0100000075032715215ia4sLy93xfW3
000460244363600003074	0100000075032715215.i/Obu93ZhLq
000460244363600003083	0100000075032715215ij3H:s93JXoj
000460244363600003083	0100000075032715215gVWeeB9375xR
000460244363600003083	0100000075032715215"!t8rf93nJL4
000460244363600003083	0100000075032715215WRbH0T93Dh7Z
000460244363600003083	0100000075032715215Y)MVs&93pJGL
000460244363600003083	0100000075032715215NiqzEH93NGUI
000460244363600003083	0100000075032715215ipE5Uw93kDP2
000460244363600003083	0100000075032715215wV-YHY93bZbo
000460244363600003083	0100000075032715215NRc,'"93WxAg
000460244363600003083	01000000750327152158sIDvr93bCNd
000460244363600003083	0100000075032715215TqtSph93C6QB
000460244363600003083	0100000075032715215_D(re&93JcsD
000460244363600003083	0100000075032715215:B>hSU93HfP1
000460244363600003083	0100000075032715215;W.MMK93krJu
000460244363600003083	0100000075032715215G!.jKZ93dpe0
000460244363600003083	0100000075032715215lqrISo93cZou
000460244363600003083	0100000075032715215EL-2Ug93Rsd8
000460244363600003083	0100000075032715215jXggCh93McgM
000460244363600003083	0100000075032715215QftPCZ938DaF
000460244363600003083	0100000075032715215hX+VjS93sjku
000460244363600003083	0100000075032715215-VDTji932x4N
000460244363600003083	0100000075032715215KiXV_p93g6+V
000460244363600003083	0100000075032715215I*0AdB93LjrX
000460244363600003083	0100000075032715215VO8VLn93hyLS
000460244363600003092	0100000075032715215R6EROW93rH3D
000460244363600003092	0100000075032715215ozjdgE93V9h4
000460244363600003092	0100000075032715215lhc:_c93xDVj
000460244363600003092	0100000075032715215aA2fR"93CQOi
000460244363600003092	0100000075032715215FesbfC93eG28
000460244363600003092	0100000075032715215suzRbi93GMJG
000460244363600003092	0100000075032715215/PYlt*93Z3v9
000460244363600003092	0100000075032715215DGmem+93vsJa
000460244363600003092	0100000075032715215?ET2aO93VnLv
000460244363600003092	0100000075032715215gDC*-E93iDjN
000460244363600003092	0100000075032715215YbWfL893ZANS
000460244363600003092	0100000075032715215WbGFce93BhPl
000460244363600003092	0100000075032715215REE6Na932SbI
000460244363600003092	0100000075032715215jNNG4F936M1P
000460244363600003092	0100000075032715215*sTY'J93HBdl
000460244363600003092	0100000075032715215n+CsfC93JVdD
000460244363600003092	0100000075032715215lOH-nT93ZzT/
000460244363600003092	0100000075032715215Y6vpcm93VPQ5
000460244363600003092	01000000750327152153j<aBU93kZly
000460244363600003092	0100000075032715215-ddokD939Hh8
000460244363600003092	0100000075032715215PHFgkB93VwGI
000460244363600003092	0100000075032715215W?JqV+93v0Yw
000460244363600003092	0100000075032715215Ar?c9J93S9LZ
000460244363600003092	0100000075032715215FkxRkO93xLMy
000460244363600003108	0100000075032715215_cP-Wb93M6+V
000460244363600003108	0100000075032715215lMli(G93cxh4
000460244363600003108	0100000075032715215<of8Rg93Nuj+
000460244363600003108	0100000075032715215pupENQ930u2k
000460244363600003108	0100000075032715215tik+Pu93ZHmO
000460244363600003108	0100000075032715215us,nke93jfof
000460244363600003108	0100000075032715215oG:dj>93kcO2
000460244363600003108	0100000075032715215qdjMup93cXIv
000460244363600003108	0100000075032715215skCDUH93E/Jo
000460244363600003108	0100000075032715215;"RN%S93Uq+A
000460244363600003108	0100000075032715215poFgS,93g/OK
000460244363600003108	0100000075032715215rpOoI'93C0LZ
000460244363600003108	0100000075032715215DhUXqm93fCPt
000460244363600003108	0100000075032715215hDm=St933bcy
000460244363600003108	0100000075032715215SnXRLv93OyEv
000460244363600003108	0100000075032715215jb7kin930U2p
000460244363600003108	0100000075032715215g'WcxZ933fHB
000460244363600003108	01000000750327152154ZGtb693X27X
000460244363600003108	0100000075032715215Uf(iP=93fUbF
000460244363600003108	0100000075032715215sTtCm,93Qbqi
000460244363600003108	0100000075032715215XpQtKI93Z35v
000460244363600003108	0100000075032715215C8=JjY935IfS
000460244363600003108	0100000075032715215+cHrwk93ui6Y
000460244363600003108	0100000075032715215cWMFo>93DuHy
000460244363600003117	0100000075032715215F/VNFb93XV4/
000460244363600003117	0100000075032715215:OqKew93X3v6
000460244363600003117	01000000750327152155>hkt593yFpo
000460244363600003117	0100000075032715215ghhWmU93C0DG
000460244363600003117	0100000075032715215oR"EfK93OM6V
000460244363600003117	0100000075032715215U3c9Sp93hxrH
000460244363600003117	01000000750327152157+4Wg:935s/U
000460244363600003117	0100000075032715215Xm-p+V93IZQd
000460244363600003117	0100000075032715215Hk=oKS93E8zf
000460244363600003117	0100000075032715215hhxOjK93xX7R
000460244363600003117	0100000075032715215GPk+hY9307DS
000460244363600003117	0100000075032715215CPBKfL93NLdv
000460244363600003117	0100000075032715215t+BJdc93URJh
000460244363600003117	0100000075032715215<=vqD293MdDO
000460244363600003117	0100000075032715215sY_PeG93VYwT
000460244363600003117	0100000075032715215mMzeGM93PXpu
000460244363600003117	0100000075032715215tGxmbS93ho5O
000460244363600003117	0100000075032715215Y5.Iop93H9Ny
000460244363600003117	0100000075032715215kL7EUJ93XCYm
000460244363600003117	01000000750327152156kEt;R93rXQY
000460244363600003117	0100000075032715215n-8DDr93rz8r
000460244363600003117	0100000075032715215+(cC:k934RHN
000460244363600003117	01000000750327152154<LEHZ93ve1O
000460244363600003117	0100000075032715215mRQjN<93zwKJ
000460244363600003126	0100000075032715215OFl1QE931Js9
000460244363600003126	0100000075032715215nlf&KN93JNZh
000460244363600003126	0100000075032715215BDH0t393eYFy
000460244363600003126	0100000075032715215KwSmDQ93Kj3H
000460244363600003126	0100000075032715215Vq-aNb93GifP
000460244363600003126	01000000750327152150DK*m293BIjl
000460244363600003126	0100000075032715215s8N)Jz93HDfC
000460244363600003126	0100000075032715215HJj3mZ931sng
000460244363600003126	0100000075032715215I;Iv-e930scN
000460244363600003126	0100000075032715215hTULog93xlsf
000460244363600003126	0100000075032715215TVHdfX93Rq3l
000460244363600003126	0100000075032715215YJgeMM93p5+s
000460244363600003126	0100000075032715215w"wnmx93y8CO
000460244363600003126	0100000075032715215:/GxIS93gzc9
000460244363600003126	0100000075032715215VogceG935CMq
000460244363600003126	0100000075032715215oF9o-?93JXqT
000460244363600003126	0100000075032715215Rr7GNd93Yrfm
000460244363600003126	0100000075032715215_V2oY793bc66
000460244363600003126	0100000075032715215I:hKFp93Nr8z
000460244363600003126	0100000075032715215QZg1EK93hyVP
000460244363600003126	0100000075032715215sTXSmn933Ohe
000460244363600003126	0100000075032715215-QCd.m932rhy
000460244363600003126	0100000075032715215EVnM"S93mI4M
000460244363600003126	0100000075032715215!UsPb)93Zfp0
000460244363600003135	0100000075032715215:DPzjH930yiB
000460244363600003135	0100000075032715215bNGG1)93xabZ
000460244363600003135	0100000075032715215Tz4J_A93h9W6
000460244363600003135	0100000075032715215d>q('e93/AP9
000460244363600003135	0100000075032715215QMa6SR93aG6z
000460244363600003135	0100000075032715215B%aeqe93Bj8y
000460244363600003135	0100000075032715215Sf4MfK93M/M5
000460244363600003135	0100000075032715215ojwmRY93r4eJ
000460244363600003135	0100000075032715215>RkNcH93CT6L
000460244363600003135	0100000075032715215"Wn,Mu93BgyF
000460244363600003135	0100000075032715215mshqPJ93gujK
000460244363600003135	0100000075032715215elMCUZ93dyvN
000460244363600003135	0100000075032715215JezrKI93jfkA
000460244363600003135	0100000075032715215'B!tUt93T0RS
000460244363600003135	0100000075032715215FTCN5Z93/Vem
000460244363600003135	0100000075032715215C0.8jT93i8Rc
000460244363600003135	01000000750327152152MvV=693y333
000460244363600003135	0100000075032715215S%e(yq93dYvI
000460244363600003135	0100000075032715215_%:bIS93/69B
000460244363600003135	0100000075032715215bL7a_l93AVc/
000460244363600003135	0100000075032715215G9&-Hi93EuUj
000460244363600003135	0100000075032715215cFP)gf93dxU6
000460244363600003135	0100000075032715215S%phUw93FNnI
000460244363600003135	0100000075032715215N/.f<493BY7g
000460244363600003144	0100000075032715215cBbV,u93Upa8
000460244363600003144	0100000075032715215L'F2Ka93kztp
000460244363600003144	0100000075032715215_;kdS993tyxb
000460244363600003144	0100000075032715215mnfPtQ93Bkck
000460244363600003144	0100000075032715215S352+x93T8PE
000460244363600003144	0100000075032715215K:gtcy938g7a
000460244363600003144	0100000075032715215Uaco'R93jlp6
000460244363600003144	01000000750327152155+EI2X93BNVm
000460244363600003144	0100000075032715215=AH_)s93c+lw
000460244363600003144	0100000075032715215djY21a93XBdw
000460244363600003144	0100000075032715215+'hLrb93gFfB
000460244363600003144	0100000075032715215fL-U;p93zeTW
000460244363600003144	0100000075032715215v=8Le)93jJWH
000460244363600003144	0100000075032715215=3VT:b93fkPi
000460244363600003144	0100000075032715215Ht<AS(93Ka1T
000460244363600003144	0100000075032715215UjZ7Kw93YBre
000460244363600003144	0100000075032715215'LFLGd93v7aT
000460244363600003144	0100000075032715215jQLI*l93fz8q
000460244363600003144	0100000075032715215icdbFh93gIfB
000460244363600003144	0100000075032715215R?VP&U93pvL/
000460244363600003144	0100000075032715215Bp.Af593CFxH
000460244363600003144	0100000075032715215cF2&Yl93zXgk
000460244363600003144	0100000075032715215*UOszJ93fhCA
000460244363600003144	0100000075032715215rOr1ef93iNVr
000460244363600003153	0100000075032715215CKaVDe936/dl
000460244363600003153	0100000075032715215YirZkw93nBPW
000460244363600003153	0100000075032715215Q4kY'29337fG
000460244363600003153	0100000075032715215kL!VIU93qLS2
000460244363600003153	0100000075032715215)%/uFJ931mAl
000460244363600003153	0100000075032715215kFs?WA93+As+
000460244363600003153	0100000075032715215WcP<b:93Niid
000460244363600003153	0100000075032715215aTx!5B93J+Q/
000460244363600003153	0100000075032715215?MG%c=93qMFl
000460244363600003153	0100000075032715215gc<FQa93r9E3
000460244363600003153	0100000075032715215_iy6pq93YG9M
000460244363600003153	01000000750327152155UeBGf93HbrF
000460244363600003153	0100000075032715215YBj4OV93z57s
000460244363600003153	0100000075032715215m8qH+V9387np
000460244363600003153	0100000075032715215QWkBDM93dtJq
000460244363600003153	0100000075032715215AUJ-Yi93dIcz
000460244363600003153	0100000075032715215LJcfiX931R4/
000460244363600003153	0100000075032715215KU,lJ3935UQR
000460244363600003153	0100000075032715215LJoeB,93Y3vy
000460244363600003153	0100000075032715215rjwW7H93lmbO
000460244363600003153	0100000075032715215NicmQM93wzaF
000460244363600003153	0100000075032715215QwaaUR93szxT
000460244363600003153	0100000075032715215BER&m+93D7nW
000460244363600003153	0100000075032715215kqQ(ph93O8mF
000460244363600003162	0100000075032715215'.'Upk93AAXG
000460244363600003162	0100000075032715215)PIJd(93D2k+
000460244363600003162	0100000075032715215TglDWV93xZW2
000460244363600003162	0100000075032715215RwK?qr93UiXM
000460244363600003162	0100000075032715215v<O*vH93wtSA
000460244363600003162	0100000075032715215M"FD5U93L7U6
000460244363600003162	0100000075032715215chd9gk93UD1A
000460244363600003162	0100000075032715215SO>eWS932XVP
000460244363600003162	0100000075032715215g>A?4e93CLR7
000460244363600003162	0100000075032715215j/jc9;93t+tm
000460244363600003162	0100000075032715215OjEzVP93sYN4
000460244363600003162	0100000075032715215Hi;ZH>93GdFj
000460244363600003162	0100000075032715215.rs.k=93oxxn
000460244363600003162	0100000075032715215eh3GXL93dCuR
000460244363600003162	0100000075032715215p6LuG?93a2Ms
000460244363600003162	0100000075032715215Z0UFMS93vZgb
000460244363600003162	0100000075032715215QoW0FT934TRN
000460244363600003162	0100000075032715215XINEkO93/LRK
000460244363600003162	0100000075032715215H?uKZo93z7dN
000460244363600003162	0100000075032715215e'XE=893CALr
000460244363600003162	0100000075032715215DP:BB!93e8pw
000460244363600003162	0100000075032715215D+CS8q938ghR
000460244363600003162	0100000075032715215&CkDXa93lKIn
000460244363600003162	0100000075032715215AJF1lv93aB4q
000460244363600003171	0100000075032715215jPJUEX93AvnN
000460244363600003171	0100000075032715215=8HLJi93lZPc
000460244363600003171	0100000075032715215CCnWWy93Vkf1
000460244363600003171	0100000075032715215a(!MO*93qPyL
000460244363600003171	0100000075032715215dmDc_B93kkzK
000460244363600003171	0100000075032715215fa!RVM93OZSF
000460244363600003171	0100000075032715215(zwb9i93tu2i
000460244363600003171	0100000075032715215ZvU_q+93/goN
000460244363600003171	0100000075032715215?DISbL93XuIW
000460244363600003171	0100000075032715215ikJ&IY93uuVZ
000460244363600003171	0100000075032715215B%ed;Y93oKkH
000460244363600003171	0100000075032715215IDiC9S93FnvY
000460244363600003171	0100000075032715215vaVj<V937NZZ
000460244363600003171	0100000075032715215>,7CAf93h8Nl
000460244363600003171	0100000075032715215Y&OVrk93VPQ8
000460244363600003171	0100000075032715215idbIaO93dsZn
000460244363600003171	0100000075032715215JHe/Rq93Ad0J
000460244363600003171	0100000075032715215fDGPOg935rZq
000460244363600003171	0100000075032715215KgzFRE935Yw2
000460244363600003171	0100000075032715215qoLkNU93QETd
000460244363600003171	0100000075032715215?DwirV93+XP9
000460244363600003171	0100000075032715215C)%TGN93Sdhp
000460244363600003171	0100000075032715215eQpfsf93MOdK
000460244363600003171	0100000075032715215"NBTIf934r4o
000460244363600003180	0100000075032715215%QgLds93hnf0
000460244363600003180	0100000075032715215Dforih93qr+O
000460244363600003180	01000000750327152150ZcDnR93yQOj
000460244363600003180	0100000075032715215g>(Y?l93WzBl
000460244363600003180	0100000075032715215BtEI?d93il2w
000460244363600003180	0100000075032715215c)aHrY93bpv7
000460244363600003180	0100000075032715215VWR1(S933wUm
000460244363600003180	0100000075032715215zl!JW893k3/h
000460244363600003180	0100000075032715215riysOz93B86t
000460244363600003180	0100000075032715215LBpwNP93Mqcl
000460244363600003180	0100000075032715215q?p?eJ93HcFz
000460244363600003180	0100000075032715215WBhmBu93jyBy
000460244363600003180	0100000075032715215JujRYa934561
000460244363600003180	0100000075032715215GGDxbi93VGvi
000460244363600003180	0100000075032715215fs9ZBM93y3L4
000460244363600003180	0100000075032715215Kbq/qD93dhJ/
000460244363600003180	0100000075032715215_o!5oQ93eIHZ
000460244363600003180	0100000075032715215Kv2YaB93OJdv
000460244363600003180	0100000075032715215G/dBS>93HCoX
000460244363600003180	0100000075032715215TnOYh493toi1
000460244363600003180	0100000075032715215biZxFT93Wi4k
000460244363600003180	0100000075032715215vCx!oD93NY1c
000460244363600003180	0100000075032715215N/PtzL93g3tE
000460244363600003180	0100000075032715215QtNDe593y9ow
000460244363600003199	0100000075032715215d*qijB93LnnB
000460244363600003199	0100000075032715215C<x&CH93r7fh
000460244363600003199	0100000075032715215IbL>hf936rVn
000460244363600003199	0100000075032715215RPlHwJ93VLTq
000460244363600003199	0100000075032715215xqVj*t93x6sS
000460244363600003199	0100000075032715215UTCQkM937DOE
000460244363600003199	0100000075032715215Av"sbe93+w+8
000460244363600003199	0100000075032715215CtaWeX93aFoA
000460244363600003199	0100000075032715215GSSViU93ysch
000460244363600003199	01000000750327152158LIUME93CceG
000460244363600003199	0100000075032715215tPrUz=93eRhv
000460244363600003199	01000000750327152158OHeX193YvF1
000460244363600003199	0100000075032715215L=X3Ga93znrt
000460244363600003199	0100000075032715215w<onGG931v6o
000460244363600003199	0100000075032715215OBLFmn93RnLm
000460244363600003199	0100000075032715215-axVc!935Ght
000460244363600003199	0100000075032715215O/3kq,93Hqke
000460244363600003199	0100000075032715215zNO/=?93d5KW
000460244363600003199	0100000075032715215m-ZgFz93aX0i
000460244363600003199	0100000075032715215VnmdQT93lzoi
000460244363600003199	0100000075032715215uDp0QX93wm+L
000460244363600003199	0100000075032715215mZ8lQB93Gllt
000460244363600003199	0100000075032715215JgDQS)93FYzj
000460244363600003199	0100000075032715215oh,Zyl93qRwN
000460244363600003205	0100000075032715215mT7m"Z93VX8j
000460244363600003205	0100000075032715215OYscxb931LP+
000460244363600003205	0100000075032715215UaVEow93OoWH
000460244363600003205	01000000750327152157hYRDz93xOOo
000460244363600003205	01000000750327152159;XdPc93OL24
000460244363600003205	01000000750327152157sgtm=9377+3
000460244363600003205	0100000075032715215IZ5?ku93k0na
000460244363600003205	0100000075032715215uxsEYF93WNGa
000460244363600003205	0100000075032715215xd0m3u93OZ9/
000460244363600003205	0100000075032715215mEje7p93Lg6j
000460244363600003205	0100000075032715215nohf!J93jQeS
000460244363600003205	0100000075032715215oPTt!h93cay5
000460244363600003205	0100000075032715215l-nADS932RAw
000460244363600003205	0100000075032715215JHSCm&93ZPJp
000460244363600003205	0100000075032715215u.CyVR93+ec1
000460244363600003205	0100000075032715215_u:otH93UXWa
000460244363600003205	0100000075032715215s6G:3N93ft7Z
000460244363600003205	0100000075032715215llxQaX930IeU
000460244363600003205	0100000075032715215zM70Hp93TpU9
000460244363600003205	0100000075032715215q'7L4Q93Ebg6
000460244363600003205	0100000075032715215BUJPm593ie4u
000460244363600003205	0100000075032715215=Y;QL'93DUpk
000460244363600003205	0100000075032715215(OBc%"93XrKV
000460244363600003205	0100000075032715215i3j0op93AnEw
000460244363600003214	0100000075032715215jke2Co93ubUQ
000460244363600003214	0100000075032715215g7uHiT93VZRW
000460244363600003214	0100000075032715215HcEukU93FfEQ
000460244363600003214	0100000075032715215ckq&tJ93SitL
000460244363600003214	0100000075032715215TWm'Wl93jsXM
000460244363600003214	0100000075032715215hE=tY=934kfK
000460244363600003214	0100000075032715215qoXZBE93rghD
000460244363600003214	0100000075032715215SKBGWK9344DQ
000460244363600003214	0100000075032715215YK8ti?93h8Jd
000460244363600003214	0100000075032715215cHKTFD93Az6N
000460244363600003214	0100000075032715215CmHSsr93+bty
000460244363600003214	0100000075032715215*kb0RF93G9Av
000460244363600003214	0100000075032715215Abf%tD93/905
000460244363600003214	0100000075032715215NcbHOX93Ofjl
000460244363600003214	0100000075032715215zI1=nD935HRN
000460244363600003214	01000000750327152150N<bU?93TL+U
000460244363600003214	0100000075032715215*KZV5J93MRk7
000460244363600003214	0100000075032715215V/Fc-A937YWC
000460244363600003214	0100000075032715215/E-naG93AW3n
000460244363600003214	0100000075032715215Z8i%?S93jES0
000460244363600003214	0100000075032715215Mq+MgF93Jq3M
000460244363600003214	0100000075032715215UXfWsX93Dt9l
000460244363600003214	0100000075032715215mPS+aE93lhm7
000460244363600003214	0100000075032715215FRoc<j93fmRF
000460244363600003223	0100000075032715215&T:JfB93OpHP
000460244363600003223	0100000075032715215AT%ff(93kzSU
000460244363600003223	0100000075032715215lQa=KS93QR2A
000460244363600003223	0100000075032715215kKMMev93XHle
000460244363600003223	0100000075032715215,,jCNl93ZaBT
000460244363600003223	0100000075032715215gZHdM893OCFi
000460244363600003223	0100000075032715215te7RsZ93egxi
000460244363600003223	0100000075032715215I_3gUY9380DB
000460244363600003223	0100000075032715215.poIXr93fg9+
000460244363600003223	0100000075032715215JfKQS:93LR3s
000460244363600003223	01000000750327152155DIfB493LLGw
000460244363600003223	0100000075032715215a6?NFl93Ed/Q
000460244363600003223	0100000075032715215tp=KFc93YwpF
000460244363600003223	0100000075032715215klqqKV937Ycd
000460244363600003223	0100000075032715215Ql)V,:93UITZ
000460244363600003223	0100000075032715215Au*Mvo93XEGe
000460244363600003223	0100000075032715215cYdI?_93E4WN
000460244363600003223	0100000075032715215WUlp&q93xwZH
000460244363600003223	0100000075032715215=8;'bM93j7tq
000460244363600003223	0100000075032715215hCM>3*93jBPA
000460244363600003223	01000000750327152159'cp+593ZpJk
000460244363600003223	0100000075032715215q9_)Do931uD7
000460244363600003223	0100000075032715215zC+Wun93aaNX
000460244363600003223	0100000075032715215Eq(kqO93QtZD
000460244363600003232	0100000075032715215B;ph<093vEAJ
000460244363600003232	0100000075032715215ipKt8R93kORG
000460244363600003232	0100000075032715215FOlsr293NHY8
000460244363600003232	0100000075032715215f*G_=%93r5R8
000460244363600003232	0100000075032715215K/urko93HaQy
000460244363600003232	0100000075032715215Gd%F"293o5Ez
000460244363600003232	0100000075032715215mS8aGa93G5nQ
000460244363600003232	0100000075032715215TmQ_7)93/DGS
000460244363600003232	0100000075032715215h2yZD3937kTF
000460244363600003232	0100000075032715215qi&I*g93wX0b
000460244363600003232	0100000075032715215p4"AjN936G6U
000460244363600003232	0100000075032715215*L7!we93ST28
000460244363600003232	0100000075032715215MaIReo93D9/3
000460244363600003232	0100000075032715215ZoiGUy935P+g
000460244363600003232	0100000075032715215RudeZe936L/H
000460244363600003232	0100000075032715215PmjLEh93kF6y
000460244363600003232	0100000075032715215gepwT293pLt+
000460244363600003232	0100000075032715215UM''+A93XaTW
000460244363600003232	0100000075032715215jaJSKP93O51t
000460244363600003232	010000007503271521581-QWT93VJTD
000460244363600003232	0100000075032715215g>8MCc93tHGU
000460244363600003232	0100000075032715215H=NwpM93Fqpz
000460244363600003232	0100000075032715215HKOZdc93ilTM
000460244363600003232	0100000075032715215vYwT<E93W2a6
000460244363600003241	0100000075032715215=ZVkbc935QD4
000460244363600003241	0100000075032715215inXk7D93uIUe
000460244363600003241	0100000075032715215o<G<Kt93JNxb
000460244363600003241	0100000075032715215tNCXxQ93SUi/
000460244363600003241	0100000075032715215iBqfbH93qzFC
000460244363600003241	0100000075032715215SnAs>b93c+VZ
000460244363600003241	0100000075032715215/rRJms930fma
000460244363600003241	0100000075032715215-YheDo93T+m6
000460244363600003241	0100000075032715215AX7KiE93aN1F
000460244363600003241	0100000075032715215kGtTB(93teLH
000460244363600003241	0100000075032715215/HJ>&O93dX97
000460244363600003241	0100000075032715215FGguGg93dQ8G
000460244363600003241	0100000075032715215iLaOUw93Ydms
000460244363600003241	0100000075032715215UBLJj,93Yoe6
000460244363600003241	0100000075032715215in38se93Rd9w
000460244363600003241	0100000075032715215RT)Plp935FEK
000460244363600003241	0100000075032715215cdERYm93/efs
000460244363600003241	0100000075032715215zh/;<X93OCtk
000460244363600003241	0100000075032715215BNaN)7939QVH
000460244363600003241	0100000075032715215D=A0oj93Ls2d
000460244363600003241	0100000075032715215:!LLO793Tmj6
000460244363600003241	0100000075032715215HC-SJY93Bg6I
000460244363600003241	0100000075032715215x54dD<93lYnw
000460244363600003241	0100000075032715215eXwnIt93ZA4u
000460244363600003250	0100000075032715215>2mO=s93BCyg
000460244363600003250	0100000075032715215ThKbi993V8ah
000460244363600003250	0100000075032715215bfB&4k93mMM6
000460244363600003250	0100000075032715215RwF9Ka93fyVF
000460244363600003250	0100000075032715215c<E?)493/U+I
000460244363600003250	0100000075032715215T:YOtc9342YF
000460244363600003250	0100000075032715215cQc:,793+rvz
000460244363600003250	0100000075032715215K7DmYT93rl3l
000460244363600003250	01000000750327152158='B;I93H9yO
000460244363600003250	0100000075032715215FrCWVj93PJR1
000460244363600003250	0100000075032715215,Kk)z*93zYeh
000460244363600003250	01000000750327152159p2)yu93YMYc
000460244363600003250	0100000075032715215yigcuw93RY8j
000460244363600003250	01000000750327152157_4RaM93QeO0
000460244363600003250	0100000075032715215FQVWkC93202M
000460244363600003250	0100000075032715215iTyUUH932ZhK
000460244363600003250	0100000075032715215FUze%693ekw/
000460244363600003250	0100000075032715215ER<F6Z93WHTT
000460244363600003250	0100000075032715215k'cmm493s3cL
000460244363600003250	0100000075032715215Dxh1,n93f2/u
000460244363600003250	0100000075032715215:Log*Q93myD0
000460244363600003250	0100000075032715215slGMsQ93lsIk
000460244363600003250	0100000075032715215!T7a3"93UQSF
000460244363600003250	0100000075032715215ipijpo93DAYp
000460244363600003269	0100000075032715215xp68iP93O90o
000460244363600003269	0100000075032715215lVzU1293MqjH
000460244363600003269	0100000075032715215emEpZr93br2m
000460244363600003269	0100000075032715215e6RW2(93jd1a
000460244363600003269	0100000075032715215X(YG>r93Mf6B
000460244363600003269	0100000075032715215%.kDbR93JIhT
000460244363600003269	0100000075032715215=pToAf93882h
000460244363600003269	0100000075032715215juH&8F93G56s
000460244363600003269	0100000075032715215g45FNK930xaA
000460244363600003269	0100000075032715215hB0k6?93WRxc
000460244363600003269	0100000075032715215jV?-JW93IQ68
000460244363600003269	0100000075032715215aWZC'F93CNQF
000460244363600003269	0100000075032715215jM/+YB93oMNB
000460244363600003269	0100000075032715215_kaWoG93xmW+
000460244363600003269	0100000075032715215eU)uiO93qfGS
000460244363600003269	01000000750327152153(3Bcn93zwxR
000460244363600003269	0100000075032715215PJAKf*93vcFs
000460244363600003269	0100000075032715215dPlBFT93ub3O
000460244363600003269	01000000750327152158Wo(O193/e/v
000460244363600003269	0100000075032715215ZPjNl_93OWAD
000460244363600003269	0100000075032715215El<tdY93aZHI
000460244363600003269	0100000075032715215&AI8CO93pOIv
000460244363600003269	0100000075032715215o%YaXy93Wg4w
000460244363600003269	01000000750327152157'mN)793QXyI
000460244363600003278	010000007503271521530%S_d93mOMh
000460244363600003278	0100000075032715215KUWrxA9307Ig
000460244363600003278	0100000075032715215vnL*'g93n4bt
000460244363600003278	0100000075032715215IqDqCh93AVEx
000460244363600003278	0100000075032715215TH0!8Z93TXhb
000460244363600003278	0100000075032715215o>TfV993EPtU
000460244363600003278	0100000075032715215SjRyZp932nQF
000460244363600003278	0100000075032715215.yJ;o/93rSn9
000460244363600003278	0100000075032715215WcJhuX93czro
000460244363600003278	0100000075032715215XGrmh:93ohDZ
000460244363600003278	0100000075032715215gtihKb93dTUA
000460244363600003278	0100000075032715215&UPD<c93klyx
000460244363600003278	01000000750327152150fq0W/93s981
000460244363600003278	01000000750327152158LDg:F933jux
000460244363600003278	0100000075032715215rww.P_93VdX8
000460244363600003278	0100000075032715215WNJ:ay93mfC8
000460244363600003278	0100000075032715215lt=Hz_936u6B
000460244363600003278	0100000075032715215cukF2N93p71j
000460244363600003278	0100000075032715215rRIQZk93dZGO
000460244363600003278	0100000075032715215dQ_t0&93sfVa
000460244363600003278	0100000075032715215CG&Dni93PQRN
000460244363600003278	0100000075032715215kC:ecW93KZ7H
000460244363600003278	0100000075032715215V)P8Xy93whuL
000460244363600003278	0100000075032715215vX2RMs93myW+
000460244363600003287	0100000075032715215nEm('n93kldj
000460244363600003287	0100000075032715215AMJ0U)93DJCx
000460244363600003287	0100000075032715215XQUGnc93lEXS
000460244363600003287	01000000750327152152bzzhz93WLEl
000460244363600003287	0100000075032715215QAfBRY93WqTB
000460244363600003287	0100000075032715215ZXUZBQ93VOsg
000460244363600003287	0100000075032715215BMpkFX93o3U1
000460244363600003287	0100000075032715215ZqP/k/9382bx
000460244363600003287	0100000075032715215arFBGW9364Vy
000460244363600003287	0100000075032715215YfMheR93T6Ec
000460244363600003287	0100000075032715215QJzm*E93XVih
000460244363600003287	0100000075032715215cJ6djJ93hy9b
000460244363600003287	0100000075032715215vXhK_K93HVnM
000460244363600003287	0100000075032715215DqXmh_93EYBT
000460244363600003287	01000000750327152154B5zGn93HS5U
000460244363600003287	0100000075032715215O"7sk+93dTH+
000460244363600003287	0100000075032715215)Wm.Pk93MbVK
000460244363600003287	01000000750327152151m!IZ&93BMrO
000460244363600003287	0100000075032715215B_I1%F93Agra
000460244363600003287	0100000075032715215B2KXha93Z9Mc
000460244363600003287	0100000075032715215i*ASHC93aGyd
000460244363600003287	0100000075032715215TYE/YI93k7vx
000460244363600003287	0100000075032715215OKd_Pg93ydEh
000460244363600003287	01000000750327152153LI_Ca93i5qo
000460244363600003296	0100000075032715215KufjnT937PAZ
000460244363600003296	0100000075032715215RtGky2931wGK
000460244363600003296	0100000075032715215h7"Q*j93niu/
000460244363600003296	0100000075032715215sA3xQn93IQIm
000460244363600003296	0100000075032715215k1(NE893PL+w
000460244363600003296	0100000075032715215uOSSjC93zLQU
000460244363600003296	0100000075032715215EDa:On93kFq/
000460244363600003296	0100000075032715215?4&LvZ93CbbO
000460244363600003296	01000000750327152159zn())93dE/2
000460244363600003296	0100000075032715215iK8:ZL93K31D
000460244363600003296	0100000075032715215GnpKxU930xQX
000460244363600003296	0100000075032715215H"7VYE933v0Z
000460244363600003296	0100000075032715215W"Ohg993TsMF
000460244363600003296	0100000075032715215ed9Kg&93vX8c
000460244363600003296	0100000075032715215Q)sD"U93Bcqh
000460244363600003296	0100000075032715215xGsHaZ93w27o
000460244363600003296	0100000075032715215Xf=rZ!93V3zf
000460244363600003296	0100000075032715215kFkm-X93ovnq
000460244363600003296	0100000075032715215RWDM?O93TWbE
000460244363600003296	0100000075032715215kGhzo;93tSpq
000460244363600003296	0100000075032715215eOnz5o93daIq
000460244363600003296	0100000075032715215RPzae093fr4X
000460244363600003296	0100000075032715215qFY0j*93xO1+
000460244363600003296	01000000750327152158kL5T093mIm3
000460244363600003302	0100000075032715215XB>uzr93kwLI
000460244363600003302	0100000075032715215V:5.Kn93KnMo
000460244363600003302	0100000075032715215khgo>t93zGQj
000460244363600003302	0100000075032715215l.4gEB93vFD3
000460244363600003302	0100000075032715215v0UXjg93m4GM
000460244363600003302	0100000075032715215wQ?pSb93lZ6m
000460244363600003302	0100000075032715215r;pmrH93lfZH
000460244363600003302	0100000075032715215zrIdAQ93OP2M
000460244363600003302	0100000075032715215;Cy+ia93YwMs
000460244363600003302	0100000075032715215oCguo?93jhf5
000460244363600003302	0100000075032715215Ud(XaE93aUMq
000460244363600003302	0100000075032715215-5CnNF931a8g
000460244363600003302	0100000075032715215,StV)E93bspf
000460244363600003302	0100000075032715215hYTaQl93PqK6
000460244363600003302	0100000075032715215d?XmEX93Fs8e
000460244363600003302	0100000075032715215YRR"TN93fEkM
000460244363600003302	0100000075032715215'Wt;Qt93N4yB
000460244363600003302	0100000075032715215x!!Arx93g+ot
000460244363600003302	0100000075032715215_9RHGM93kMxd
000460244363600003302	0100000075032715215O'GWGT93OHZZ
000460244363600003302	01000000750327152157xnQpO93sZms
000460244363600003302	0100000075032715215!Pmo6X93LwOo
000460244363600003302	0100000075032715215YgEgaM93omrh
000460244363600003302	0100000075032715215aOP''&93Unwt
000460244363600003311	0100000075032715215?+L?G%93Yc9H
000460244363600003311	0100000075032715215nbyw&j93Ra8K
000460244363600003311	0100000075032715215peO/uf93MNx0
000460244363600003311	0100000075032715215?rQSIv93Up21
000460244363600003311	010000007503271521505GPc_93+n9E
000460244363600003311	0100000075032715215UlK;7D93UJ+O
000460244363600003311	01000000750327152156K85lR93b9Gt
000460244363600003311	0100000075032715215m?Liaz93z44j
000460244363600003311	0100000075032715215M&rjZU93NjKt
000460244363600003311	0100000075032715215R/GPlE93ay8d
000460244363600003311	0100000075032715215q:-YEo93em4G
000460244363600003311	0100000075032715215Yo3/ag93dJ8J
000460244363600003311	0100000075032715215sjElR'93sop9
000460244363600003311	0100000075032715215>tN3Cg93VjWh
000460244363600003311	01000000750327152151SXpxF93w7b+
000460244363600003311	0100000075032715215&QF9,G93ll9F
000460244363600003311	0100000075032715215tHUrsv93YGom
000460244363600003311	0100000075032715215ICWqRa93+mXc
000460244363600003311	0100000075032715215Jp.kXM93lE2S
000460244363600003311	0100000075032715215Fs2pWa932CIH
000460244363600003311	0100000075032715215=DtkX4937BS2
000460244363600003311	0100000075032715215hp-YQl93Du9c
000460244363600003311	0100000075032715215kz,WiQ93VWeP
000460244363600003311	0100000075032715215ncdUAc93RfPR
000460244363600003320	0100000075032715215bIBopK93SX3v
000460244363600003320	0100000075032715215W2G/he93qrrI
000460244363600003320	0100000075032715215DZ1obC934U80
000460244363600003320	0100000075032715215Hw';R39389+O
000460244363600003320	01000000750327152153e9*nI93MJI6
000460244363600003320	0100000075032715215mn%Ia693huLP
000460244363600003320	0100000075032715215(hh:;m93g3N9
000460244363600003320	0100000075032715215H?cL5H93rXMR
000460244363600003320	0100000075032715215kXi5eH93ejqy
000460244363600003320	0100000075032715215n1pcWz93Ig94
000460244363600003320	010000007503271521564<j_Y93paiP
000460244363600003320	0100000075032715215uF_XHJ93EgZz
000460244363600003320	0100000075032715215eNEGq;9384vl
000460244363600003320	0100000075032715215"CFFhF93h/y1
000460244363600003320	0100000075032715215+Csgqe933Juk
000460244363600003320	0100000075032715215FnjVO"93nmTs
000460244363600003320	0100000075032715215aJZnO;93TAvR
000460244363600003320	01000000750327152159PcbDZ93wecC
000460244363600003320	0100000075032715215%AMfFz93uv1L
000460244363600003320	0100000075032715215m&yWdl93ctAn
000460244363600003320	0100000075032715215-Y%Vwi93HhFi
000460244363600003320	0100000075032715215eXWroJ93eOPQ
000460244363600003320	0100000075032715215Cmn&ZZ93BQl/
000460244363600003320	0100000075032715215;wcGK9937Bw7
000460244363600003339	0100000075032715215q-Xlof93q8tU
000460244363600003339	0100000075032715215Bl(Of/93RaHW
000460244363600003339	0100000075032715215;WglOJ93FLFi
000460244363600003339	0100000075032715215!LLYu193yTui
000460244363600003339	0100000075032715215XWh6TX93V+Y8
000460244363600003339	0100000075032715215!EWtDp93cClk
000460244363600003339	0100000075032715215PwAI*f93mlUT
000460244363600003339	0100000075032715215Rn5B9393PBaJ
000460244363600003339	0100000075032715215ChWs4i93T/KP
000460244363600003339	0100000075032715215oglr;;9351M/
000460244363600003339	0100000075032715215UFpkCH93AMbv
000460244363600003339	0100000075032715215RnhfKR93pyNx
000460244363600003339	0100000075032715215Y_)NTe93OOoy
000460244363600003339	0100000075032715215jiX01M93KEXJ
000460244363600003339	0100000075032715215BloXBe93O/uO
000460244363600003339	0100000075032715215t,Rc(D93TliH
000460244363600003339	0100000075032715215beRQYS93Logh
000460244363600003339	0100000075032715215YALPOE93nGlS
000460244363600003339	0100000075032715215uF_LNX93O0i6
000460244363600003339	0100000075032715215VHhdz<93nw/r
000460244363600003339	0100000075032715215UIu*zU93YsqM
000460244363600003339	0100000075032715215kods7r93TOZv
000460244363600003339	0100000075032715215WxbPcR93FqPQ
000460244363600003339	0100000075032715215>4?ZbD93hipx
000460244363600003348	0100000075032715215jcZipU93C2dJ
000460244363600003348	0100000075032715215GgmTgM93cRKB
000460244363600003348	0100000075032715215qh:DXH93/5GQ
000460244363600003348	0100000075032715215aGeAEn93G1Nw
000460244363600003348	01000000750327152159s57<k93/fIN
000460244363600003348	0100000075032715215bnGJyM93YgnG
000460244363600003348	0100000075032715215WdEZ8W93Lsbz
000460244363600003348	0100000075032715215LdvppK93WOcB
000460244363600003348	0100000075032715215NqXk5I93MmWS
000460244363600003348	0100000075032715215ZOuf7;93iT5d
000460244363600003348	0100000075032715215e*ecBJ93i3/o
000460244363600003348	0100000075032715215r;OZka936JHg
000460244363600003348	0100000075032715215O27R)s9361PG
000460244363600003348	0100000075032715215pEszhQ93mvj4
000460244363600003348	0100000075032715215eFmtyW93mHxK
000460244363600003348	0100000075032715215quGjyJ93G+QT
000460244363600003348	0100000075032715215igxy.8933JbK
000460244363600003348	0100000075032715215qc!h"<93VrSh
000460244363600003348	0100000075032715215LqEeVZ93uY3N
000460244363600003348	0100000075032715215)Pbclb93vw5Y
000460244363600003348	0100000075032715215X+W2BI93kgSR
000460244363600003348	0100000075032715215R2Df.K93L11j
000460244363600003348	0100000075032715215*-3ZV*93LfVT
000460244363600003348	0100000075032715215dsZ,A+93hnVE
000460244363600003357	0100000075032715215ko-tBR93OdTB
000460244363600003357	0100000075032715215VT:J-093VQAo
000460244363600003357	0100000075032715215w?o?:;93QMd/
000460244363600003357	0100000075032715215);wSWG93IBti
000460244363600003357	0100000075032715215.&:pcO93svqX
000460244363600003357	0100000075032715215LGw2Kz93xHcy
000460244363600003357	0100000075032715215g_tbY293+idj
000460244363600003357	0100000075032715215;9R3Fj93GcI8
000460244363600003357	0100000075032715215.qML1W93bjA1
000460244363600003357	0100000075032715215dmjD%S93Mcaw
000460244363600003357	0100000075032715215gsgXlA93xopw
000460244363600003357	0100000075032715215M1"i)N93PeYH
000460244363600003357	0100000075032715215ANQMXp93+1gN
000460244363600003357	0100000075032715215unadlg93a42N
000460244363600003357	0100000075032715215P6xKVw933uK8
000460244363600003357	0100000075032715215?pRXm:93h6zf
000460244363600003357	0100000075032715215b60Kfw9362FN
000460244363600003357	0100000075032715215:g&RDB93gcOY
000460244363600003357	0100000075032715215jzRZmW93rJug
000460244363600003357	0100000075032715215VGpA"e93jK08
000460244363600003357	0100000075032715215S7aifc93SPD3
000460244363600003357	0100000075032715215pMNFVo93BRU9
000460244363600003357	01000000750327152153jP6;s93T0wd
000460244363600003357	0100000075032715215RXViOx93EiAA
000460244363600003366	0100000075032715215J7Za+y93/nr0
000460244363600003366	0100000075032715215RC&x)393iazv
000460244363600003366	0100000075032715215ryNBPs93fbWK
000460244363600003366	010000007503271521540Z0GV93edvs
000460244363600003366	0100000075032715215cpJmRo93GfBM
000460244363600003366	0100000075032715215gEfoN693GKqi
000460244363600003366	0100000075032715215Jl+*Fn93/pC+
000460244363600003366	0100000075032715215RoTOF4937/9p
000460244363600003366	0100000075032715215.X'f'd93cKWD
000460244363600003366	0100000075032715215W5gOMi93h31U
000460244363600003366	0100000075032715215.Y;0Pp93ZaWb
000460244363600003366	0100000075032715215WTJLib93j4JL
000460244363600003366	0100000075032715215D8BTRV93aq2c
000460244363600003366	0100000075032715215CA&jlT93+RCw
000460244363600003366	0100000075032715215iMNsQj93xh37
000460244363600003366	0100000075032715215nT&zut93keVn
000460244363600003366	0100000075032715215uJP5LA93d2CO
000460244363600003366	0100000075032715215ykormJ93nBZn
000460244363600003366	0100000075032715215UQzqHk93FDIb
000460244363600003366	0100000075032715215;'i6ig93MzZU
000460244363600003366	0100000075032715215YQYALj93gpws
000460244363600003366	0100000075032715215bmttrr93q5yV
000460244363600003366	0100000075032715215"T!!4.93oBQn
000460244363600003366	0100000075032715215k.Z=f8934P/M
000460244363600003375	0100000075032715215xdG;Bh93CMV/
000460244363600003375	0100000075032715215<jSs/u93mFBL
000460244363600003375	01000000750327152156-ckW993J9u1
000460244363600003375	0100000075032715215_yf=i=93RE48
000460244363600003375	0100000075032715215.DPW+=937SX9
000460244363600003375	0100000075032715215!7EDVb93/dr6
000460244363600003375	0100000075032715215gLjl_C93UkCI
000460244363600003375	0100000075032715215.8qhBD93dLE8
000460244363600003375	0100000075032715215HPxR?N93REM/
000460244363600003375	0100000075032715215bhf=eS93VwwB
000460244363600003375	0100000075032715215Vit0>.93PNp5
000460244363600003375	0100000075032715215plWR)V93vE7z
000460244363600003375	0100000075032715215:Go5c?93PHaj
000460244363600003375	01000000750327152152q&?UG93chPk
000460244363600003375	0100000075032715215x4qz2_93rlZj
000460244363600003375	0100000075032715215Db&9CO935HqV
000460244363600003375	0100000075032715215DjzJlb93Km5C
000460244363600003375	0100000075032715215eS.bV493SCuU
000460244363600003375	0100000075032715215dj_A>g93nSkU
000460244363600003375	0100000075032715215bJwccC93lTai
000460244363600003375	0100000075032715215%Odi:_93Tk5Z
000460244363600003375	01000000750327152152WHoDm939MVY
000460244363600003375	0100000075032715215KCEFXZ93adfv
000460244363600003375	0100000075032715215OUaKpV93nx6C
000460244363600003384	0100000075032715215cHNGNU93gTAa
000460244363600003384	0100000075032715215-bgcJd93pt56
000460244363600003384	0100000075032715215ko8Z-G93CFlc
000460244363600003384	0100000075032715215BtP/,"93yJNK
000460244363600003384	0100000075032715215fb+Gsy93nx7S
000460244363600003384	0100000075032715215>YA(ai93ULhm
000460244363600003384	0100000075032715215r:jLS493UifL
000460244363600003384	0100000075032715215HH7moi93iJa9
000460244363600003384	0100000075032715215S&%KGT93Hsks
000460244363600003384	0100000075032715215-DYKGe935gu2
000460244363600003384	0100000075032715215DWppXV93BL39
000460244363600003384	0100000075032715215OY27!j931AVu
000460244363600003384	0100000075032715215(tbeP"93x2J0
000460244363600003384	0100000075032715215<MetKQ93doRW
000460244363600003384	0100000075032715215jDImyQ93qxO/
000460244363600003384	0100000075032715215j63PN=93yDrt
000460244363600003384	0100000075032715215uX<<*L93EC0t
000460244363600003384	0100000075032715215YKdHnN93vJPG
000460244363600003384	0100000075032715215w2sZYX93ktOE
000460244363600003384	0100000075032715215mgu<L/934yLI
000460244363600003384	0100000075032715215+qMJM?93z3Yh
000460244363600003384	0100000075032715215WYtg&R93Gw0m
000460244363600003384	0100000075032715215jXYfj693sBs3
000460244363600003384	0100000075032715215hIbKnR93u098
000460244363600003393	0100000075032715215Kj9Af'93aIQq
000460244363600003393	0100000075032715215CBB;dp93zwIq
000460244363600003393	0100000075032715215IelF7E93UGzW
000460244363600003393	0100000075032715215_CTFHF93ZtIz
000460244363600003393	0100000075032715215'm_IjU93ORdZ
000460244363600003393	0100000075032715215-OHOaj934wbj
000460244363600003393	0100000075032715215)a5h.r93jBTH
000460244363600003393	0100000075032715215xg1"hu936Z3t
000460244363600003393	0100000075032715215q>&j5"93BigW
000460244363600003393	0100000075032715215irppEK93Y+Jt
000460244363600003393	0100000075032715215jZ"CKN93P/IJ
000460244363600003393	0100000075032715215pcO&ZY93f/Ze
000460244363600003393	0100000075032715215Asm.pH93S3wP
000460244363600003393	01000000750327152150HhLVg93qgsX
000460244363600003393	01000000750327152157&kJMO93R3e7
000460244363600003393	0100000075032715215qXfjyF935yZ2
000460244363600003393	0100000075032715215YHEQPn93gYDJ
000460244363600003393	0100000075032715215Rgc5P:93iIyf
000460244363600003393	0100000075032715215,6jSSX93MDrF
000460244363600003393	0100000075032715215eaNpnn934lh5
000460244363600003393	01000000750327152150Zib9T93Ri+l
000460244363600003393	0100000075032715215g"vonc93TDBG
000460244363600003393	01000000750327152155<qe7p93S/s8
000460244363600003393	0100000075032715215hkha4w93G+r2
000460244363600003409	0100000075032715215>.1!d193Kggx
000460244363600003409	0100000075032715215KYVZTl93cxM7
000460244363600003409	0100000075032715215KGiKYW93Z2MS
000460244363600003409	0100000075032715215'qED*L930ukp
000460244363600003409	0100000075032715215H7?Y_c93voHh
000460244363600003409	0100000075032715215BihuXC93cUE+
000460244363600003409	0100000075032715215OulX)I93GmWO
000460244363600003409	0100000075032715215FobI+493rdQH
000460244363600003409	0100000075032715215qH;M*h93TKmc
000460244363600003409	0100000075032715215NvIBbs93lSYt
000460244363600003409	0100000075032715215pobJOx93Dfwt
000460244363600003409	0100000075032715215OB%m"H93ttAz
000460244363600003409	0100000075032715215Y+Y/gq93XK3+
000460244363600003409	0100000075032715215m8Rsxk931Uz8
000460244363600003409	0100000075032715215EZjptP93u0rJ
000460244363600003409	0100000075032715215SiUB<B93a4zE
000460244363600003409	01000000750327152152*=!Ji93LkFs
000460244363600003409	0100000075032715215F-bg>B9319Zl
000460244363600003409	0100000075032715215-*I*z'93FJbP
000460244363600003409	0100000075032715215d'Hxj9936l3K
000460244363600003409	01000000750327152159IJ4IU93Gh3G
000460244363600003409	0100000075032715215_.8hDf93ZBPN
000460244363600003409	0100000075032715215!CnIac93pP5M
000460244363600003409	0100000075032715215LEJUTA93gLeT
000460244363600003418	0100000075032715215Fb8BtX93Vtn7
000460244363600003418	01000000750327152150B&cHZ93hzW2
000460244363600003418	0100000075032715215VfJ"D<93lI52
000460244363600003418	0100000075032715215;o>njN93Pi+P
000460244363600003418	0100000075032715215rD5uJs93k18K
000460244363600003418	0100000075032715215buwr"S93JS44
000460244363600003418	0100000075032715215s!L=Ki93mGpM
000460244363600003418	0100000075032715215dPY;YU93dAca
000460244363600003418	0100000075032715215CAqQZ%938Xq4
000460244363600003418	0100000075032715215m<H7jx935SgX
000460244363600003418	01000000750327152152rklJt93wU/h
000460244363600003418	01000000750327152157KJqH993iVt6
000460244363600003418	01000000750327152152&1I6e93QLoc
000460244363600003418	0100000075032715215G:QNm+93rarE
000460244363600003418	0100000075032715215Z=D2EO93l/1F
000460244363600003418	0100000075032715215V.IHTy939x7L
000460244363600003418	0100000075032715215UV9BUf932TGU
000460244363600003418	0100000075032715215sgZZ5F93rFZF
000460244363600003418	0100000075032715215k55Qkr93uXQa
000460244363600003418	0100000075032715215IbAGpa937Iqy
000460244363600003418	0100000075032715215yYbC;b93mvt2
000460244363600003418	0100000075032715215mVP?T693g/Cf
000460244363600003418	0100000075032715215+sdfkZ93UET5
000460244363600003418	0100000075032715215hTts5I93xOi2
000460244363600003427	0100000075032715215djTaD<93UgQI
000460244363600003427	0100000075032715215PcKq*p933I+9
000460244363600003427	0100000075032715215ge&mGJ938jnp
000460244363600003427	0100000075032715215VB5dDa93942N
000460244363600003427	0100000075032715215zIexPQ93EfcN
000460244363600003427	0100000075032715215SzQ/nh93m8TC
000460244363600003427	0100000075032715215C3FiSO93a8hl
000460244363600003427	0100000075032715215W1g%_k93x0Oz
000460244363600003427	01000000750327152154MKInH93fQ80
000460244363600003427	0100000075032715215fB)5dg93zsA1
000460244363600003427	0100000075032715215Hj0-9d93ChmK
000460244363600003427	0100000075032715215LHq(mU93g1Jo
000460244363600003427	0100000075032715215kV%X1j93qzdz
000460244363600003427	0100000075032715215mnCgYk93Bvsj
000460244363600003427	0100000075032715215R"-1l?93tgRb
000460244363600003427	0100000075032715215qXROkn93pgKA
000460244363600003427	0100000075032715215wj8'NN93B0eP
000460244363600003427	0100000075032715215cPIQ,d93uuPh
000460244363600003427	0100000075032715215,oOFS<93iScY
000460244363600003427	0100000075032715215KrmpHS93R+VY
000460244363600003427	0100000075032715215z?O6C"93TpoW
000460244363600003427	0100000075032715215!a6z=j93pJZR
000460244363600003427	0100000075032715215.s-KWY93LjvP
000460244363600003427	0100000075032715215aIHKjs93DcmE
000460244363600003436	0100000075032715215GiRC)893Z50N
000460244363600003436	0100000075032715215DtevXy93dQIJ
000460244363600003436	0100000075032715215n_%-E'93Exu9
000460244363600003436	0100000075032715215c1Hfg993QXHH
000460244363600003436	0100000075032715215*XJHPr93fUC+
000460244363600003436	01000000750327152158hibjd93foO6
000460244363600003436	0100000075032715215Cn2).N93yHFJ
000460244363600003436	01000000750327152156&tj?w93cHUV
000460244363600003436	0100000075032715215,ZNFnS93lhi6
000460244363600003436	0100000075032715215F7XThP93zKCY
000460244363600003436	0100000075032715215iYa-+w93a2dB
000460244363600003436	0100000075032715215&k2rHt93hsmT
000460244363600003436	01000000750327152158uDJd2935Jnr
000460244363600003436	0100000075032715215VioR"X938OCD
000460244363600003436	0100000075032715215f1lNvw93bojW
000460244363600003436	0100000075032715215h7(0B+93/y2s
000460244363600003436	0100000075032715215qEZ+W793x099
000460244363600003436	0100000075032715215H:lGw-93NOm/
000460244363600003436	0100000075032715215'Gm%SB93f1JP
000460244363600003436	0100000075032715215mLZNY493zc62
000460244363600003436	0100000075032715215p=Im.3936guG
000460244363600003436	0100000075032715215sDHJyX937yK1
000460244363600003436	0100000075032715215;C<L_093tDke
000460244363600003436	0100000075032715215ygpISF93Bf3E
000460244363600003445	0100000075032715215g-SpWN93cFj6
000460244363600003445	0100000075032715215WWG8pr932jKY
000460244363600003445	01000000750327152158u_uCP93NZhu
000460244363600003445	0100000075032715215CcrtlQ93U+J1
000460244363600003445	01000000750327152159RqM&"93RhVn
000460244363600003445	0100000075032715215D/dRqb93uQJM
000460244363600003445	0100000075032715215sJwWXv937SS5
000460244363600003445	0100000075032715215UgUk<I93vKVs
000460244363600003445	0100000075032715215VMf)t)93nQT4
000460244363600003445	0100000075032715215qd-"0m93WdL2
000460244363600003445	010000007503271521579q??D93dIe6
000460244363600003445	0100000075032715215lUM4Sf93idx8
000460244363600003445	0100000075032715215AcZn_N93OiSX
000460244363600003445	0100000075032715215NVKsHV93O1eX
000460244363600003445	0100000075032715215%JBopd93wi1A
000460244363600003445	0100000075032715215fmVvNS938uC5
000460244363600003445	0100000075032715215Rn'kn'93nW1K
000460244363600003445	01000000750327152157FZE%K93y/xB
000460244363600003445	0100000075032715215fjA1RS93wkWu
000460244363600003445	0100000075032715215fFKsV093vNI1
000460244363600003445	0100000075032715215TUZdNP932x0N
000460244363600003445	0100000075032715215kJnK<2935ets
000460244363600003445	0100000075032715215APg_lK93ortO
000460244363600003445	01000000750327152150t&fu;93fiMr
000460244363600003454	0100000075032715215Ukn'xB93kLIa
000460244363600003454	0100000075032715215?CQqCx93+f+t
000460244363600003454	0100000075032715215NUehOA93hkcJ
000460244363600003454	0100000075032715215ghefeX93hZdW
000460244363600003454	0100000075032715215F-cYS*93uuWh
000460244363600003454	0100000075032715215GQchnD938h99
000460244363600003454	0100000075032715215z:W5li93uRFF
000460244363600003454	0100000075032715215VLb'd693JqoE
000460244363600003454	0100000075032715215(;r4h(93O36x
000460244363600003454	0100000075032715215SadyOW93vZ09
000460244363600003454	0100000075032715215TkFt"Z930TMs
000460244363600003454	0100000075032715215nhqZGf93ohwE
000460244363600003454	0100000075032715215BomdLn93vn6R
000460244363600003454	0100000075032715215NTnm+z93NCFW
000460244363600003454	0100000075032715215DiQ!CR93rXH+
000460244363600003454	0100000075032715215DOGRbi93K8cj
000460244363600003454	0100000075032715215/Y/k1c93S56G
000460244363600003454	01000000750327152152tgT.V93fM2/
000460244363600003454	0100000075032715215lIKMrq936JqD
000460244363600003454	01000000750327152151_XAnD931es9
000460244363600003454	0100000075032715215njZ-Cx93dnox
000460244363600003454	01000000750327152153bBYc?93oUHe
000460244363600003454	0100000075032715215EiGGR.937OET
000460244363600003454	0100000075032715215OVCR*W93kc9u