000460244363610000012	0100000075032715215tfkk7m93ClKu
000460244363610000012	0100000075032715215XXbHL393Cxc1
000460244363610000012	0100000075032715215V.-dWO93Q9Sk
000460244363610000012	01000000750327152151WN-DE93yzt5
000460244363610000012	0100000075032715215klKHn893wqmo
000460244363610000012	0100000075032715215RVDdzY93IRbV
000460244363610000012	0100000075032715215BNNkFD93GT6N
000460244363610000012	01000000750327152151K*bOH93W2Tr
000460244363610000012	0100000075032715215Esnw)2934eQt
000460244363610000012	0100000075032715215e*D*J:93NshK
000460244363610000012	0100000075032715215etucTf936A1P
000460244363610000012	0100000075032715215cnrzEm93lIVi
000460244363610000012	0100000075032715215vLN6A993f41Y
000460244363610000012	01000000750327152152q7LTv93I7xH
000460244363610000012	0100000075032715215=t<)LZ93nxOJ
000460244363610000012	01000000750327152153G:;TJ93d+cm
000460244363610000012	0100000075032715215zCtMFr93h5cz
000460244363610000012	0100000075032715215jLs=(g93uSgt
000460244363610000012	0100000075032715215ScPT%a93OxRD
000460244363610000012	0100000075032715215IG2wd/93yXZz
000460244363610000012	0100000075032715215rKJFbj93uzlK
000460244363610000012	01000000750327152154CmcO593weUB
000460244363610000012	0100000075032715215.NYj6O93Re/n
000460244363610000012	0100000075032715215DzG'xc93iGPq
000460244363610000021	0100000075032715215/naQHn937/MT
000460244363610000021	0100000075032715215lUlH;N93N7Zs
000460244363610000021	0100000075032715215MubFl"93eyFk
000460244363610000021	0100000075032715215khN?EK93YfuH
000460244363610000021	0100000075032715215I8bBlx93JNSr
000460244363610000021	0100000075032715215hY1Jgm93fkaE
000460244363610000021	0100000075032715215BX%)pF930E1N
000460244363610000021	0100000075032715215R700G893EbpZ
000460244363610000021	0100000075032715215ZykBb&93haC4
000460244363610000021	0100000075032715215DAOAoX93wyk/
000460244363610000021	0100000075032715215khI,Bk93b3s6
000460244363610000021	0100000075032715215ocMXFG93eYe7
000460244363610000021	0100000075032715215c+Q/0E933M9K
000460244363610000021	0100000075032715215iBUGMS93J8Bx
000460244363610000021	0100000075032715215kJkmFm93iaK9
000460244363610000021	0100000075032715215OuBAOP93N9b9
000460244363610000021	0100000075032715215OloaTE93//BQ
000460244363610000021	0100000075032715215JobOlZ937oa+
000460244363610000021	0100000075032715215+eQWg%93nfDx
000460244363610000021	0100000075032715215;pEI9J93qDie
000460244363610000021	0100000075032715215Ct.Pvi93UOVb
000460244363610000021	0100000075032715215Y(FVXX93bPgo
000460244363610000021	0100000075032715215dLMbQ093FcIo
000460244363610000021	0100000075032715215<SR4bG93iAwg
000460244363610000030	0100000075032715215Vcl5md93F5IO
000460244363610000030	0100000075032715215J>)l'<93ZMBz
000460244363610000030	0100000075032715215pj>W%u93klRa
000460244363610000030	01000000750327152158hueWz93yHqL
000460244363610000030	0100000075032715215k1FYiZ9371rm
000460244363610000030	0100000075032715215VZgT*T930YtH
000460244363610000030	0100000075032715215dK_4Vh93QOq4
000460244363610000030	01000000750327152150=b6BI93NaeP
000460244363610000030	0100000075032715215VQlt7'930gyn
000460244363610000030	0100000075032715215rjoU=q93rRu5
000460244363610000030	0100000075032715215uQ1tV)93PN36
000460244363610000030	0100000075032715215f(T:ne93TED/
000460244363610000030	01000000750327152151q7iCI93B1HL
000460244363610000030	0100000075032715215MV8*Eb93sehf
000460244363610000030	0100000075032715215JUAjep93o33H
000460244363610000030	0100000075032715215)8flyg93sHFB
000460244363610000030	0100000075032715215Ak!qu793qgqP
000460244363610000030	0100000075032715215MKjbmQ93BBMD
000460244363610000030	0100000075032715215hnzTSC93HlxR
000460244363610000030	0100000075032715215F)E)=Q93KZ62
000460244363610000030	0100000075032715215GT%r?N93Qmmr
000460244363610000030	0100000075032715215tNemZm93RFwF
000460244363610000030	0100000075032715215OUm.9w932oyS
000460244363610000030	0100000075032715215baLqSM93EG34
000460244363610000049	0100000075032715215LZGoHl93qwDF
000460244363610000049	0100000075032715215SORBeK93FUBb
000460244363610000049	0100000075032715215Ktmb*-93z26q
000460244363610000049	0100000075032715215zMNJk;93Mej4
000460244363610000049	01000000750327152159VB'Cf93QFLO
000460244363610000049	0100000075032715215D_ZRWq93N8GB
000460244363610000049	0100000075032715215mtB(Z(93lo1/
000460244363610000049	0100000075032715215MmLBZ4931Kv3
000460244363610000049	0100000075032715215?sXdmO939u1b
000460244363610000049	0100000075032715215mp!CEn93CQV+
000460244363610000049	0100000075032715215w0dq7L93++fZ
000460244363610000049	0100000075032715215Jde;Pj93pqkI
000460244363610000049	0100000075032715215%:9FS393PX+c
000460244363610000049	0100000075032715215.OGU,h93I69n
000460244363610000049	0100000075032715215W4stBl93Qbuj
000460244363610000049	0100000075032715215cFom7O93y+Su
000460244363610000049	0100000075032715215Q=1Tm!93s8L3
000460244363610000049	0100000075032715215lIcj.d93cm7b
000460244363610000049	0100000075032715215c+bFpm93eXet
000460244363610000049	01000000750327152150cUg8P93cpLc
000460244363610000049	0100000075032715215F*x*OR932406
000460244363610000049	0100000075032715215QC04b?93pd5i
000460244363610000049	0100000075032715215-<RO+N93GBkc
000460244363610000049	0100000075032715215C=phBg93MlU2
000460244363610000058	0100000075032715215O>)GOk93R52P
000460244363610000058	0100000075032715215NkXUH?931y4+
000460244363610000058	0100000075032715215qUmi;893okKV
000460244363610000058	0100000075032715215(CY'Pq93mUt8
000460244363610000058	0100000075032715215mRbWTW937WZQ
000460244363610000058	0100000075032715215riTTG"938tUC
000460244363610000058	0100000075032715215oNGBOt934pKY
000460244363610000058	01000000750327152151>MPoL93753o
000460244363610000058	0100000075032715215Wv9BnV932rV4
000460244363610000058	0100000075032715215tzHOkC93MbJl
000460244363610000058	0100000075032715215WeZN8F93Likz
000460244363610000058	0100000075032715215qQcZbm93HKdO
000460244363610000058	0100000075032715215jfDkqm93snVN
000460244363610000058	01000000750327152152vAlkJ93/eoL
000460244363610000058	0100000075032715215hSXMCc930MSF
000460244363610000058	0100000075032715215aAZ3.j93NNeM
000460244363610000058	0100000075032715215b,,hmK93eqMG
000460244363610000058	0100000075032715215l'U/-/930px0
000460244363610000058	0100000075032715215YnmmSl9353KE
000460244363610000058	0100000075032715215/nQSO;93bRfa
000460244363610000058	0100000075032715215mooJlg93Ft++
000460244363610000058	0100000075032715215*IDVWL93rSDL
000460244363610000058	0100000075032715215E!g3U-93pF3D
000460244363610000058	0100000075032715215beAlWA93skzR
000460244363610000067	0100000075032715215R?c%fJ932/fY
000460244363610000067	0100000075032715215hIeEQZ93qtB6
000460244363610000067	0100000075032715215fwYAey93pgjW
000460244363610000067	0100000075032715215ooCAgJ93IIyP
000460244363610000067	0100000075032715215EFZR'U93/2Nn
000460244363610000067	0100000075032715215bNU7=F93eBIV
000460244363610000067	0100000075032715215ZLRvPr93ZAwB
000460244363610000067	0100000075032715215fAHjB*93iXwJ
000460244363610000067	0100000075032715215tRC!oL93tOvd
000460244363610000067	0100000075032715215jo.'Re93sSXZ
000460244363610000067	0100000075032715215Psp5mL93uQh8
000460244363610000067	0100000075032715215G<ntBf93N0aM
000460244363610000067	0100000075032715215zXbW6e93bBQV
000460244363610000067	0100000075032715215IUfagH93dBXR
000460244363610000067	0100000075032715215IOmk<i93wOsA
000460244363610000067	0100000075032715215Ug;?p69303tq
000460244363610000067	0100000075032715215tCdfcL939QYi
000460244363610000067	0100000075032715215tk*Xi<93PC4G
000460244363610000067	0100000075032715215nR1qoq93GTW0
000460244363610000067	0100000075032715215YEZeJn93pPwO
000460244363610000067	0100000075032715215pGO(Ep9357ED
000460244363610000067	0100000075032715215c:Zx%H93jiPb
000460244363610000067	0100000075032715215YagHI(937A+k
000460244363610000067	0100000075032715215ohUnAZ93L6im
000460244363610000076	0100000075032715215C9DCGM93ek55
000460244363610000076	01000000750327152157fCGgl93xB4n
000460244363610000076	0100000075032715215UiUD3-93wTxC
000460244363610000076	0100000075032715215aeIpGG93Rp4j
000460244363610000076	0100000075032715215viAld'93QvJj
000460244363610000076	0100000075032715215R&mrmX93JMe/
000460244363610000076	0100000075032715215nrDYyZ93v+Nd
000460244363610000076	0100000075032715215?:aH*k93RTvX
000460244363610000076	0100000075032715215KIEnyD93rAz6
000460244363610000076	0100000075032715215!O)Ntc93mYAg
000460244363610000076	0100000075032715215dD"M+L93P8Xn
000460244363610000076	0100000075032715215KG.opI93vxuJ
000460244363610000076	0100000075032715215:WD!M093nNT8
000460244363610000076	0100000075032715215x'Noi%931L78
000460244363610000076	0100000075032715215maR=i*931NiT
000460244363610000076	0100000075032715215dLk"KO93mvVa
000460244363610000076	0100000075032715215vILke*93sE1F
000460244363610000076	0100000075032715215/IUIjk93TL8H
000460244363610000076	0100000075032715215V"mP*M93Sx8w
000460244363610000076	0100000075032715215ar.cq:93ovUs
000460244363610000076	0100000075032715215PEPj*)932xIe
000460244363610000076	0100000075032715215TKhoQH93ltdJ
000460244363610000076	0100000075032715215&DcWsP93yPVf
000460244363610000076	0100000075032715215f2u"Z*93qtqC
000460244363610000085	0100000075032715215xRs<fA93Wgpl
000460244363610000085	0100000075032715215,w/MM&93Fkar
000460244363610000085	0100000075032715215/co!B*93DUGc
000460244363610000085	0100000075032715215Ss<Izg93Xwq9
000460244363610000085	0100000075032715215DNZ1-'93CyEn
000460244363610000085	0100000075032715215Pd6pd'93N0L9
000460244363610000085	01000000750327152151Ipj/c93n/Y/
000460244363610000085	0100000075032715215MZv!d493nuj3
000460244363610000085	0100000075032715215:X8qaS93lnG1
000460244363610000085	01000000750327152151:M:L&93USH0
000460244363610000085	0100000075032715215:m"mp;93fcDY
000460244363610000085	0100000075032715215(stENE93DEM5
000460244363610000085	0100000075032715215:tj:gz93reVf
000460244363610000085	0100000075032715215j+:Js,93uFBU
000460244363610000085	0100000075032715215odLnZ.934Kkq
000460244363610000085	0100000075032715215BHX5NN93ZFlM
000460244363610000085	0100000075032715215-RMOnZ93J7Us
000460244363610000085	0100000075032715215IU-h9c93773a
000460244363610000085	0100000075032715215epsLn293EMK6
000460244363610000085	0100000075032715215jMmnHs93cOuC
000460244363610000085	0100000075032715215b-USXT93UcHz
000460244363610000085	0100000075032715215V)A%(293kV4j
000460244363610000085	0100000075032715215,die!D93SsVa
000460244363610000085	0100000075032715215TPqKa+93UOm2
000460244363610000094	0100000075032715215M>KRYK932FSz
000460244363610000094	0100000075032715215.OnXLC93wPCk
000460244363610000094	0100000075032715215=Ef/Ll93yfqo
000460244363610000094	0100000075032715215mif/=*93+CGD
000460244363610000094	0100000075032715215RUj*e?93Y8li
000460244363610000094	01000000750327152150W)c9L93hH9W
000460244363610000094	0100000075032715215UaTs5-93wlZB
000460244363610000094	0100000075032715215WHer)C93z0jP
000460244363610000094	0100000075032715215AfL+iD93/Jvb
000460244363610000094	0100000075032715215Ncshc+93D1EO
000460244363610000094	0100000075032715215o4p'Sa93543k
000460244363610000094	0100000075032715215S9Uz:M93CWFD
000460244363610000094	0100000075032715215JISXiK930YE4
000460244363610000094	0100000075032715215p20QZb93hyEs
000460244363610000094	0100000075032715215&OS!;G93GYbZ
000460244363610000094	0100000075032715215L"quCv9393vb
000460244363610000094	0100000075032715215JS(NVd93sipV
000460244363610000094	0100000075032715215-lFGw0932m1j
000460244363610000094	0100000075032715215IGvNVJ93U1wa
000460244363610000094	0100000075032715215dS'SNC93MSnI
000460244363610000094	0100000075032715215M_RoWN93/92O
000460244363610000094	0100000075032715215sbap3Y93qkNV
000460244363610000094	0100000075032715215viTSod931mxc
000460244363610000094	0100000075032715215%krCgX93IkAw
000460244363610000100	0100000075032715215VY%eDY93k8AN
000460244363610000100	0100000075032715215R5G7Bc93guwC
000460244363610000100	0100000075032715215uajDcF933CuA
000460244363610000100	0100000075032715215EJDTjl93rKiw
000460244363610000100	0100000075032715215WMtSNH93qG5P
000460244363610000100	0100000075032715215OMrsbU93ZKu6
000460244363610000100	0100000075032715215fpCdsN93vxEV
000460244363610000100	0100000075032715215ffo.WD93wx1J
000460244363610000100	0100000075032715215BN*_KZ93qoik
000460244363610000100	0100000075032715215tabrT893yQTU
000460244363610000100	0100000075032715215YiCA6c93fl8Z
000460244363610000100	0100000075032715215V(ZIVR93NWoY
000460244363610000100	0100000075032715215cnbx=d93iY+a
000460244363610000100	0100000075032715215QFEW?z93FAPN
000460244363610000100	0100000075032715215yonaA;93InMF
000460244363610000100	0100000075032715215=iQcrr937XDa
000460244363610000100	01000000750327152158JF.9p93McPe
000460244363610000100	01000000750327152158bLHlN93fhQA
000460244363610000100	0100000075032715215kWweJD93arZz
000460244363610000100	01000000750327152150KX&Xm93W2bu
000460244363610000100	0100000075032715215lvWV0E93JeUx
000460244363610000100	0100000075032715215pNc3%n93MMLx
000460244363610000100	0100000075032715215xWO=&o93URmz
000460244363610000100	01000000750327152150sS"1i93MvqI
000460244363610000119	0100000075032715215"m8>4f93Eq3Y
000460244363610000119	0100000075032715215F,3VSs93/V/V
000460244363610000119	0100000075032715215*apCb193pkPa
000460244363610000119	0100000075032715215ZwTwjD933t1f
000460244363610000119	0100000075032715215ARMr)?93BKZB
000460244363610000119	0100000075032715215>&hjHM93IcXX
000460244363610000119	0100000075032715215QmkyQo93NgNm
000460244363610000119	0100000075032715215"eJ1re93LXTN
000460244363610000119	0100000075032715215AXUB:e93oL2Z
000460244363610000119	0100000075032715215se9HB.930MX7
000460244363610000119	0100000075032715215IEMhhb93WOI2
000460244363610000119	0100000075032715215iUi)GT93W/jh
000460244363610000119	0100000075032715215mfHx7)93Zi6C
000460244363610000119	0100000075032715215IqKHS493cezq
000460244363610000119	0100000075032715215S>DnvZ932uui
000460244363610000119	0100000075032715215Q92:BF93Wvjs
000460244363610000119	0100000075032715215sZsloJ93c6+X
000460244363610000119	0100000075032715215;pnvSR93Ytr/
000460244363610000119	0100000075032715215NoV5iA93MZsh
000460244363610000119	0100000075032715215oq8bjs9350Yu
000460244363610000119	01000000750327152155'boYd93B39V
000460244363610000119	0100000075032715215Ds(EsT93BkSb
000460244363610000119	0100000075032715215eB%0(093OVCz
000460244363610000119	0100000075032715215e0rcAI93oP95
000460244363610000128	01000000750327152159kJddk93ZgWs
000460244363610000128	0100000075032715215b.Izbj93M0uq
000460244363610000128	0100000075032715215sWkMs793nwuE
000460244363610000128	0100000075032715215J6ONsr93nmaU
000460244363610000128	0100000075032715215t!.kJJ939F4v
000460244363610000128	0100000075032715215wINc1n937NQh
000460244363610000128	0100000075032715215i9!dfk93Flly
000460244363610000128	0100000075032715215GFuPjF93f0KF
000460244363610000128	0100000075032715215SIk5zU93ZJ4F
000460244363610000128	0100000075032715215EXLIdR93AzGx
000460244363610000128	0100000075032715215TCR9jX93FK8k
000460244363610000128	0100000075032715215M0t;(f93r9so
000460244363610000128	0100000075032715215ZgxI_=93CUCK
000460244363610000128	0100000075032715215g1yFm<935Kjw
000460244363610000128	0100000075032715215sJphBF932ryS
000460244363610000128	0100000075032715215-"VNq<93BYV0
000460244363610000128	0100000075032715215kClStZ93yN/X
000460244363610000128	01000000750327152157o1-7S93e1xh
000460244363610000128	01000000750327152158&822F938FPx
000460244363610000128	0100000075032715215AHI_sr93CDTr
000460244363610000128	01000000750327152158TWV"i93TEkx
000460244363610000128	0100000075032715215tg2Xpq93Kxb9
000460244363610000128	0100000075032715215FwG7Yd93/h5p
000460244363610000128	0100000075032715215nBdV7O93KEfN
000460244363610000137	0100000075032715215bkO9Hr9385nI
000460244363610000137	0100000075032715215!fH1oj93xTcU
000460244363610000137	0100000075032715215tuK-bL93B6tl
000460244363610000137	0100000075032715215eS&Jpg93fBcg
000460244363610000137	01000000750327152157txPZO93hObE
000460244363610000137	0100000075032715215AMGrjG93pwr2
000460244363610000137	0100000075032715215fet/Qq93gXG8
000460244363610000137	0100000075032715215IdgH(R93zxmv
000460244363610000137	0100000075032715215UpmCu?93Q5qY
000460244363610000137	0100000075032715215Rs(uei93Dk4Y
000460244363610000137	0100000075032715215TD(prH93Ul5T
000460244363610000137	0100000075032715215hkUIiq93Qprk
000460244363610000137	0100000075032715215>IYO*t93H3XN
000460244363610000137	0100000075032715215bjOhtV93iGHk
000460244363610000137	01000000750327152150>G'Cc93C+Fl
000460244363610000137	0100000075032715215gGU,/Q93eTtO
000460244363610000137	0100000075032715215X6dQWy93v2OZ
000460244363610000137	0100000075032715215TEjhUO93mB4R
000460244363610000137	0100000075032715215aUYFko93RvxI
000460244363610000137	0100000075032715215D=Hic293E+8F
000460244363610000137	0100000075032715215;A=iX?93IjPX
000460244363610000137	0100000075032715215GOoHoO93AvG/
000460244363610000137	0100000075032715215vr3Q&T93HlmL
000460244363610000137	0100000075032715215aRsROM93oepQ
000460244363610000146	0100000075032715215G>fAVm93W0oc
000460244363610000146	0100000075032715215bkD!pu93jmpC
000460244363610000146	0100000075032715215**oDcH93rlCU
000460244363610000146	0100000075032715215s,2nAY93GC31
000460244363610000146	0100000075032715215Sb_aD'93v0Sb
000460244363610000146	01000000750327152155qOc4k93a689
000460244363610000146	0100000075032715215Xt2(dp93kQoI
000460244363610000146	0100000075032715215"LfKhS93MSjO
000460244363610000146	0100000075032715215qhhc<t93yPin
000460244363610000146	0100000075032715215aG*-Wt93ggNI
000460244363610000146	0100000075032715215K7YT:f93hm2Q
000460244363610000146	0100000075032715215IzfhJN93qCQE
000460244363610000146	0100000075032715215lIsWEu939lGE
000460244363610000146	0100000075032715215ykiI>e93B1ZG
000460244363610000146	0100000075032715215%<WAge93IQHn
000460244363610000146	0100000075032715215O*&p*Z93SJYS
000460244363610000146	0100000075032715215M&,elE93voY5
000460244363610000146	0100000075032715215hR-6DW93lvMz
000460244363610000146	0100000075032715215fqeNwe933gmH
000460244363610000146	0100000075032715215w&DJNB93AI25
000460244363610000146	0100000075032715215OPpYM6934Kub
000460244363610000146	01000000750327152152vq<5d93dT5P
000460244363610000146	0100000075032715215DGfdsY93tcdf
000460244363610000146	01000000750327152153YP/)q93JBVy
000460244363610000155	0100000075032715215m8wW+l93b8ub
000460244363610000155	0100000075032715215;ROTo!93wGNI
000460244363610000155	0100000075032715215hlMvrW93VAMA
000460244363610000155	0100000075032715215Qdi2p*93bKlE
000460244363610000155	0100000075032715215.?cXSK93akJ9
000460244363610000155	0100000075032715215hRdvGV93FIhk
000460244363610000155	0100000075032715215!2o2UD93+Vru
000460244363610000155	0100000075032715215XsgqNh93oB9E
000460244363610000155	0100000075032715215JHW3n?93AOA9
000460244363610000155	0100000075032715215PYGORW93mR74
000460244363610000155	0100000075032715215hhRWT8933dG0
000460244363610000155	0100000075032715215N+ZUfI93t6z1
000460244363610000155	0100000075032715215JUcOpB93xfuX
000460244363610000155	0100000075032715215rTCA%Y933LnA
000460244363610000155	0100000075032715215r%qCQI934MAy
000460244363610000155	0100000075032715215Y2SP/.93vOwn
000460244363610000155	0100000075032715215hr'ei'93oSsW
000460244363610000155	0100000075032715215;jCVEb93dEAZ
000460244363610000155	01000000750327152154Wb/Ip93LhUY
000460244363610000155	0100000075032715215>,f_n393vLzX
000460244363610000155	0100000075032715215t>%VrV93oaJv
000460244363610000155	0100000075032715215uZZdWZ93lSXn
000460244363610000155	0100000075032715215,1;KES93iYai
000460244363610000155	0100000075032715215WYu>Vd93lyya
000460244363610000164	0100000075032715215bpr>f;93zCWC
000460244363610000164	0100000075032715215.=Xp>K93m2iC
000460244363610000164	01000000750327152152u3OZs93SVsX
000460244363610000164	0100000075032715215GBX82k93C5vt
000460244363610000164	0100000075032715215mSKS"W93yXL6
000460244363610000164	0100000075032715215!Q2qH=93l0WN
000460244363610000164	0100000075032715215N+;oZi932fbj
000460244363610000164	01000000750327152150d5tzG93qAno
000460244363610000164	01000000750327152153n7!o"93U/c+
000460244363610000164	0100000075032715215bKALBL93r8RD
000460244363610000164	0100000075032715215+YxTPl936bxZ
000460244363610000164	0100000075032715215pC%pj;931aFQ
000460244363610000164	0100000075032715215VYUUVK93/rtb
000460244363610000164	0100000075032715215J,F3bO93J3qd
000460244363610000164	0100000075032715215pkaYkC93Fvil
000460244363610000164	0100000075032715215NQTXkO93Vjoo
000460244363610000164	0100000075032715215pSiiT>93WFe1
000460244363610000164	0100000075032715215N"tM,i93MLm3
000460244363610000164	0100000075032715215OkZj!j93Z3Ng
000460244363610000164	0100000075032715215hOVQH2931lW0
000460244363610000164	0100000075032715215DIPwus93mRT/
000460244363610000164	01000000750327152152uCFgf930u4v
000460244363610000164	0100000075032715215LNt)!G93usfq
000460244363610000164	0100000075032715215+U0X-)93RhJ/
000460244363610000173	0100000075032715215,hTnqv93QwGE
000460244363610000173	01000000750327152150F5Pr093Y9o+
000460244363610000173	0100000075032715215X'N3Hd93Exdu
000460244363610000173	0100000075032715215My'StR9360NL
000460244363610000173	0100000075032715215QeuQDf936l1/
000460244363610000173	0100000075032715215V<Gs>o93EeWc
000460244363610000173	0100000075032715215PknG0q93C1P/
000460244363610000173	0100000075032715215r(p2ag93xNe8
000460244363610000173	0100000075032715215XStM0b93SsJn
000460244363610000173	0100000075032715215-pLdCJ93LUJ4
000460244363610000173	0100000075032715215q-zGa993fUjM
000460244363610000173	0100000075032715215TL6sLQ93YE91
000460244363610000173	0100000075032715215St53pp93Eg9t
000460244363610000173	01000000750327152157?r2Rc93qhpe
000460244363610000173	0100000075032715215QE9cu,93B6dR
000460244363610000173	0100000075032715215-khfI)93hVMf
000460244363610000173	0100000075032715215E*BYFh93BUwU
000460244363610000173	0100000075032715215HdlsX293D2nN
000460244363610000173	0100000075032715215cUGm:U939J6G
000460244363610000173	0100000075032715215TQ'GfK93No8o
000460244363610000173	01000000750327152156RVrO793EJ8D
000460244363610000173	0100000075032715215Gs9+Ei93TA7W
000460244363610000173	0100000075032715215CGH>3r93uUxM
000460244363610000173	0100000075032715215biL*vl935tXE
000460244363610000182	0100000075032715215tDWqhg93mUDo
000460244363610000182	0100000075032715215POqZ)J93GLQT
000460244363610000182	0100000075032715215zJS51r93iBIr
000460244363610000182	0100000075032715215gSjNqp93pU6F
000460244363610000182	0100000075032715215wDFepc93+bVu
000460244363610000182	0100000075032715215vO:HPc93T/ZJ
000460244363610000182	0100000075032715215Lhoa;L93p94e
000460244363610000182	0100000075032715215_TQDaL93J/NY
000460244363610000182	0100000075032715215peoJb<93Ph/M
000460244363610000182	0100000075032715215&'hcRY93BpfT
000460244363610000182	0100000075032715215hDX+A793rLbV
000460244363610000182	0100000075032715215SOiUOR93uZji
000460244363610000182	0100000075032715215WwsiyE9333WI
000460244363610000182	0100000075032715215a>VakG93TCVb
000460244363610000182	01000000750327152156RHeWS93QTPA
000460244363610000182	0100000075032715215C.Lnhn93hK/f
000460244363610000182	0100000075032715215KJYvPA93eGwY
000460244363610000182	0100000075032715215F;jJo1938Wjm
000460244363610000182	0100000075032715215ZSsoUT93O0ED
000460244363610000182	0100000075032715215DBmP!o9336q/
000460244363610000182	0100000075032715215iFcg.M93vk63
000460244363610000182	0100000075032715215XfVgOP93kUog
000460244363610000182	0100000075032715215t=oqEq93rtPm
000460244363610000182	0100000075032715215Ocu/Ra9300Cp
000460244363610000191	01000000750327152150"meSV93evWx
000460244363610000191	0100000075032715215sCYkY*93a4jj
000460244363610000191	01000000750327152157KClSC93pw0w
000460244363610000191	0100000075032715215XSaxnb93Df6R
000460244363610000191	0100000075032715215m>X=ld93oPC6
000460244363610000191	0100000075032715215RH;ETX93qX5F
000460244363610000191	0100000075032715215KbLToj93tURW
000460244363610000191	0100000075032715215XlSubH93OowA
000460244363610000191	0100000075032715215/.AA_T93M1rr
000460244363610000191	0100000075032715215MVJ"1M93NByz
000460244363610000191	01000000750327152151Ie6Te93xhNA
000460244363610000191	01000000750327152158VlMMZ93hsv5
000460244363610000191	0100000075032715215gHmGgj93/n7u
000460244363610000191	0100000075032715215wR/KaH93BG6+
000460244363610000191	0100000075032715215yUrCOK93q5ES
000460244363610000191	0100000075032715215PlbqEg93gpok
000460244363610000191	0100000075032715215iP4*Ca93G7Am
000460244363610000191	0100000075032715215OI"Ih&93nbbU
000460244363610000191	0100000075032715215GM=M?R93yDw8
000460244363610000191	01000000750327152158Pw5"D93p3RB
000460244363610000191	0100000075032715215OpOnvP93o+aP
000460244363610000191	0100000075032715215Y2/Two933thp
000460244363610000191	0100000075032715215Q8KKke93sOF9
000460244363610000191	0100000075032715215tSO'h%93hAtH
000460244363610000207	0100000075032715215"uLVf/93sAcU
000460244363610000207	0100000075032715215zlMt;E93WTws
000460244363610000207	0100000075032715215flcoXI937ZXI
000460244363610000207	0100000075032715215uois=l93EczR
000460244363610000207	0100000075032715215"X?jE793KlAR
000460244363610000207	0100000075032715215tatAQs93Ung8
000460244363610000207	0100000075032715215o+14sb93SXK5
000460244363610000207	0100000075032715215rU4tUr93v6fY
000460244363610000207	0100000075032715215lL=o?u93IN9T
000460244363610000207	0100000075032715215jIghkr93fLXy
000460244363610000207	01000000750327152150HDUn%93f4Hg
000460244363610000207	0100000075032715215F"q<RY93VjgS
000460244363610000207	0100000075032715215VcjjLU93PAaf
000460244363610000207	0100000075032715215XSJk=s93zbYT
000460244363610000207	0100000075032715215MJ(t=393cXDd
000460244363610000207	0100000075032715215u!?sQc933kw4
000460244363610000207	0100000075032715215ybFEIQ93pJRn
000460244363610000207	0100000075032715215tQWXHG93bCtN
000460244363610000207	0100000075032715215McYKsz93+Z1Z
000460244363610000207	0100000075032715215'v6hbw93HBHn
000460244363610000207	0100000075032715215!b9NB<93JBcP
000460244363610000207	0100000075032715215Ck=1Oq93nZ0U
000460244363610000207	0100000075032715215:;hsv093cvjO
000460244363610000207	0100000075032715215dw(d8l93H5d/
000460244363610000216	0100000075032715215fgbPYF93kXGX
000460244363610000216	0100000075032715215)rX0<Z93HVql
000460244363610000216	0100000075032715215FqLQBm936FhC
000460244363610000216	010000007503271521577,BFU93hgQM
000460244363610000216	0100000075032715215h?qLwI93GJGz
000460244363610000216	0100000075032715215a=RjZD93aog3
000460244363610000216	0100000075032715215W-VEtp93XlUk
000460244363610000216	0100000075032715215fZ+JZ/93EBav
000460244363610000216	0100000075032715215IIaU5593qCDV
000460244363610000216	0100000075032715215yHW+e293YwdI
000460244363610000216	0100000075032715215RMIKVH93PeG8
000460244363610000216	0100000075032715215ebGnf093+y+T
000460244363610000216	0100000075032715215K-ta<G93FSM2
000460244363610000216	0100000075032715215inIa+V93Hx9F
000460244363610000216	0100000075032715215hDJG?393pf6m
000460244363610000216	01000000750327152151!/8lh933Ver
000460244363610000216	0100000075032715215MHh*Dz934BqG
000460244363610000216	0100000075032715215_Gb_aE93LxVh
000460244363610000216	01000000750327152154P>2JZ93KRji
000460244363610000216	0100000075032715215pCHsrp93uFqe
000460244363610000216	01000000750327152158mXOLR939hS7
000460244363610000216	0100000075032715215mb"HWP93KbG/
000460244363610000216	01000000750327152159(ShrS93xlVf
000460244363610000216	01000000750327152158noMwH93MDLJ
000460244363610000225	0100000075032715215FKZBtE93d390
000460244363610000225	0100000075032715215LGhUt(93RQ7L
000460244363610000225	0100000075032715215p6+fS,934tTc
000460244363610000225	0100000075032715215VWNmd293nBHn
000460244363610000225	0100000075032715215euC2eV93tyDi
000460244363610000225	0100000075032715215-+os7Y93MdEV
000460244363610000225	0100000075032715215QABS!B93hTnR
000460244363610000225	0100000075032715215NPcW3n93k4S5
000460244363610000225	0100000075032715215JrboRs93ya7K
000460244363610000225	0100000075032715215fMvHUY93Iulp
000460244363610000225	0100000075032715215fBUyhX93Dvgo
000460244363610000225	0100000075032715215mrBLPo930pCp
000460244363610000225	0100000075032715215rhIyef932RRQ
000460244363610000225	0100000075032715215AJm2Sj93tu78
000460244363610000225	0100000075032715215ec;f4Z93nXy+
000460244363610000225	0100000075032715215F5nJ<j93HiQL
000460244363610000225	0100000075032715215(bH?kQ93Rgcq
000460244363610000225	01000000750327152151B/:7E93SXh/
000460244363610000225	01000000750327152156JFkgb93iMn2
000460244363610000225	0100000075032715215?EkzSA93VnUE
000460244363610000225	0100000075032715215XTV<O)93/hGm
000460244363610000225	01000000750327152156P=PX893r9eD
000460244363610000225	0100000075032715215,EkArn930c7R
000460244363610000225	0100000075032715215RopjQo93HBVS
000460244363610000234	0100000075032715215DFex6H93TSsX
000460244363610000234	0100000075032715215WQPqpo93592S
000460244363610000234	0100000075032715215d%A?IO93KNYp
000460244363610000234	0100000075032715215BWuhTH93Wcqp
000460244363610000234	0100000075032715215VXV+Fq93LmX7
000460244363610000234	0100000075032715215bbIcB)930ziT
000460244363610000234	0100000075032715215SXHp/693P8pA
000460244363610000234	0100000075032715215MFBxYs934Uct
000460244363610000234	01000000750327152157OY6d=93y1PY
000460244363610000234	0100000075032715215QWAWtJ93Ybz+
000460244363610000234	0100000075032715215b,wCcR93LiAg
000460244363610000234	0100000075032715215uLm>LN93kOJs
000460244363610000234	01000000750327152157oLMuR93q0aZ
000460244363610000234	0100000075032715215qbUsa393HgmV
000460244363610000234	0100000075032715215,oMgP"93mGxe
000460244363610000234	0100000075032715215L.xU)p93FKgC
000460244363610000234	0100000075032715215lzGcxc93U68C
000460244363610000234	0100000075032715215KuILE&93GSeI
000460244363610000234	0100000075032715215N9UkjK93GcdF
000460244363610000234	0100000075032715215smYcbA93vpgM
000460244363610000234	0100000075032715215Rmn=b'93D1rR
000460244363610000234	0100000075032715215t.>uDo93Ihs3
000460244363610000234	0100000075032715215x((Jgi936LHS
000460244363610000234	0100000075032715215Klb_e<93Eq/Q
000460244363610000243	01000000750327152151SUBe!93K+6f
000460244363610000243	0100000075032715215j+WZU:93s/IV
000460244363610000243	0100000075032715215PNPkrk93Ypwc
000460244363610000243	01000000750327152152tCZKy93DVXi
000460244363610000243	0100000075032715215aLOqZ!93bS5o
000460244363610000243	0100000075032715215sZTEo-93xLqz
000460244363610000243	0100000075032715215pd+Xch93PbE6
000460244363610000243	01000000750327152159MJit>93abH2
000460244363610000243	0100000075032715215LN7VJH93v7Y4
000460244363610000243	0100000075032715215TNl?DH933gfB
000460244363610000243	0100000075032715215"%W)ui93GJjT
000460244363610000243	0100000075032715215=Eg.qt93bbJ5
000460244363610000243	0100000075032715215D_VwEZ93Ytwn
000460244363610000243	0100000075032715215i+Tg<t93Utv5
000460244363610000243	01000000750327152159ffFNN93HVSO
000460244363610000243	0100000075032715215b-nJ<s93tAFW
000460244363610000243	0100000075032715215SsTBIh93uHGf
000460244363610000243	0100000075032715215DFi9,G93zLC1
000460244363610000243	0100000075032715215(UIhHR935B5o
000460244363610000243	0100000075032715215kJHnp793biUH
000460244363610000243	0100000075032715215DNF3uX93B6rE
000460244363610000243	0100000075032715215jYhg7N93Bflf
000460244363610000243	0100000075032715215qBt4TG93rNDJ
000460244363610000243	0100000075032715215AGvm?A93EJJ1
000460244363610000252	0100000075032715215VS&lL-93zxE1
000460244363610000252	0100000075032715215WImFjp93oyEj
000460244363610000252	0100000075032715215BWGLL4933AWK
000460244363610000252	0100000075032715215dkeMF:932SDp
000460244363610000252	0100000075032715215(DVBdr93I71x
000460244363610000252	0100000075032715215Sa'dWf934p5O
000460244363610000252	0100000075032715215m2%op=93/13G
000460244363610000252	0100000075032715215m'<Gh293kyHF
000460244363610000252	0100000075032715215!0cgVc93rA2+
000460244363610000252	0100000075032715215JFIVY093xBQg
000460244363610000252	01000000750327152152jX.hp93fDes
000460244363610000252	0100000075032715215x-_1MQ938Mau
000460244363610000252	0100000075032715215jipStW93v4BX
000460244363610000252	0100000075032715215&opZxR9367cj
000460244363610000252	0100000075032715215bopA:T93SWKo
000460244363610000252	0100000075032715215c/upG'93mUTn
000460244363610000252	0100000075032715215>GxSz(939ZWA
000460244363610000252	0100000075032715215hJc!4i93cjLN
000460244363610000252	0100000075032715215ht"dIG93pve3
000460244363610000252	0100000075032715215nLpIQO93a+TS
000460244363610000252	0100000075032715215IgaxAO93PY+F
000460244363610000252	0100000075032715215%&:sMn93ioLq
000460244363610000252	0100000075032715215'erLDG930xux
000460244363610000252	0100000075032715215C_BP)J93HWqb
000460244363610000261	0100000075032715215*o8NKE935cZp
000460244363610000261	0100000075032715215oMHgAd93dm+T
000460244363610000261	0100000075032715215P.ayk>93cw21
000460244363610000261	01000000750327152151N0V(Q93NK/A
000460244363610000261	0100000075032715215RCYiaY936kCL
000460244363610000261	0100000075032715215aM.Llj93AkAI
000460244363610000261	0100000075032715215IznlT093E/nc
000460244363610000261	01000000750327152156op!gt93AeuA
000460244363610000261	0100000075032715215F8>qk'93DnFp
000460244363610000261	0100000075032715215PlgL7_93PoPf
000460244363610000261	0100000075032715215XnduIj93qXpg
000460244363610000261	0100000075032715215X3S'nD93D6Xn
000460244363610000261	0100000075032715215C.:mWi931cRX
000460244363610000261	0100000075032715215d?S%b!93N07T
000460244363610000261	0100000075032715215=cH14Y93ghSm
000460244363610000261	0100000075032715215OJ*qB:93ust4
000460244363610000261	0100000075032715215aWORVl93JPcZ
000460244363610000261	0100000075032715215hQRdQB93vgNY
000460244363610000261	0100000075032715215bAp8ik93gxQg
000460244363610000261	01000000750327152155%,TCP93w11B
000460244363610000261	0100000075032715215SRs!Oe93Udfh
000460244363610000261	0100000075032715215jAVLJB93Wmea
000460244363610000261	0100000075032715215ytd%-P939eVh
000460244363610000261	0100000075032715215)WpqfR93pUFT
000460244363610000270	0100000075032715215c),p*j93jh6G
000460244363610000270	0100000075032715215GCmtV093wH64
000460244363610000270	0100000075032715215tP(bep93KcdY
000460244363610000270	0100000075032715215HwR6dp93T5AJ
000460244363610000270	0100000075032715215sQDkFR9372u4
000460244363610000270	0100000075032715215*HM5CQ9307Et
000460244363610000270	0100000075032715215G+xpgr93ei3p
000460244363610000270	0100000075032715215jY"T,C93kARl
000460244363610000270	0100000075032715215Wj3T&R93Di4P
000460244363610000270	0100000075032715215uPWj7X93qdQw
000460244363610000270	0100000075032715215SeWPgE93I4/g
000460244363610000270	0100000075032715215nlP2Ne93lfFS
000460244363610000270	0100000075032715215i&-DNr93RGwn
000460244363610000270	0100000075032715215Tw)Q!L934UnT
000460244363610000270	0100000075032715215r4dZ_q93/wrc
000460244363610000270	0100000075032715215GRSlEd930olL
000460244363610000270	0100000075032715215=boSQB93hAjs
000460244363610000270	0100000075032715215ngIM*g93/gII
000460244363610000270	0100000075032715215CEUJJv93ojnk
000460244363610000270	0100000075032715215,Iltf:93+rPK
000460244363610000270	0100000075032715215-)2wVI93vWoF
000460244363610000270	0100000075032715215H'cUZH93b5MF
000460244363610000270	0100000075032715215hH7Kzr93N8ro
000460244363610000270	0100000075032715215CUP;hE93L21W
000460244363610000289	0100000075032715215S,_hro93h7j9
000460244363610000289	0100000075032715215WZTSyc93Bl+K
000460244363610000289	0100000075032715215dg<gK*93OJd2
000460244363610000289	0100000075032715215pGdqOU93GnsC
000460244363610000289	0100000075032715215T!z+Iw93sOpb
000460244363610000289	0100000075032715215GQdl't93S4SJ
000460244363610000289	0100000075032715215:L.tj=93BYmD
000460244363610000289	0100000075032715215WZ4KxN93zknF
000460244363610000289	0100000075032715215yt;udq931n2T
000460244363610000289	0100000075032715215wmTOC+93EnpC
000460244363610000289	0100000075032715215B(<DOO93Q+9Q
000460244363610000289	0100000075032715215TAx>Mh93BxIj
000460244363610000289	0100000075032715215LNfGBm93Pjfp
000460244363610000289	0100000075032715215nBSB>9932Gz8
000460244363610000289	0100000075032715215jzSMkZ93Ijvp
000460244363610000289	0100000075032715215t%Z.GM93iq3C
000460244363610000289	0100000075032715215&tCRjW93fwIB
000460244363610000289	0100000075032715215CSKTG/93zseh
000460244363610000289	0100000075032715215areIWx93ngo2
000460244363610000289	0100000075032715215Ds'cpR93r4F6
000460244363610000289	01000000750327152156,(AeE93heh4
000460244363610000289	0100000075032715215+"PlN!93Q7sy
000460244363610000289	0100000075032715215JMY,Zq93eRCR
000460244363610000289	0100000075032715215lLi(dD93bXXm
000460244363610000298	0100000075032715215)D8SKr93yh4h
000460244363610000298	0100000075032715215/enupO93FT2B
000460244363610000298	0100000075032715215C,Jd7293F/rA
000460244363610000298	0100000075032715215TkMbKl93NbgC
000460244363610000298	0100000075032715215PZLhq293wuEw
000460244363610000298	0100000075032715215xbe7il932dtY
000460244363610000298	0100000075032715215henrg_93wbWL
000460244363610000298	0100000075032715215TVd1+z93uxeV
000460244363610000298	0100000075032715215XePSgh93R6D0
000460244363610000298	0100000075032715215ZnGX;=93QKci
000460244363610000298	0100000075032715215%<wT*A93Cojf
000460244363610000298	0100000075032715215Us(F?Q93J9aU
000460244363610000298	0100000075032715215IULJcf93bdsU
000460244363610000298	0100000075032715215lcxYWT93PUwi
000460244363610000298	0100000075032715215PR.:CR93U6QY
000460244363610000298	0100000075032715215t7TICU93FW6w
000460244363610000298	0100000075032715215gOY!"g93qk8H
000460244363610000298	0100000075032715215Pe2nPX93cTUn
000460244363610000298	0100000075032715215DfXDa,93oqat
000460244363610000298	0100000075032715215YOWY0)93XzUJ
000460244363610000298	0100000075032715215eRjfjQ93eLXe
000460244363610000298	0100000075032715215FAD+)t93HhrZ
000460244363610000298	0100000075032715215VL0Z_F93aXw7
000460244363610000298	0100000075032715215FqY><a93h2/f
000460244363610000304	0100000075032715215OnHEef935kww
000460244363610000304	0100000075032715215BiPd=193aaj7
000460244363610000304	0100000075032715215/v:j7T93niX7
000460244363610000304	01000000750327152150YCAPL93zwNU
000460244363610000304	0100000075032715215ou'io093oj8s
000460244363610000304	0100000075032715215AY<WoH9392km
000460244363610000304	01000000750327152155bKkvl93ccqd
000460244363610000304	0100000075032715215Le8jmv93qaEH
000460244363610000304	01000000750327152153qQK3y931FFN
000460244363610000304	0100000075032715215ZJ8krG93feHW
000460244363610000304	0100000075032715215aqD&.K93HpY9
000460244363610000304	0100000075032715215Q5WA0x93WNCM
000460244363610000304	0100000075032715215V*J1go93cw8T
000460244363610000304	01000000750327152155BcIH_93M9Tt
000460244363610000304	0100000075032715215G:JTF;93JngI
000460244363610000304	0100000075032715215gbnPkV933Poi
000460244363610000304	0100000075032715215zDoOX493xdEp
000460244363610000304	0100000075032715215P3LLf"93+PIB
000460244363610000304	0100000075032715215zXB6"093/zHA
000460244363610000304	0100000075032715215mH0"lb93KEcX
000460244363610000304	0100000075032715215NBr5%?93TZvi
000460244363610000304	0100000075032715215jVXn6_934mX+
000460244363610000304	0100000075032715215PdP"<R93BhnH
000460244363610000304	0100000075032715215%-(Hb393lrcF
000460244363610000313	0100000075032715215KtTxT693CjHD
000460244363610000313	0100000075032715215lIg?lr93+iwL
000460244363610000313	0100000075032715215aOpO:i93mRn3
000460244363610000313	0100000075032715215xMV7rJ93UV2V
000460244363610000313	0100000075032715215tDArCC935L+D
000460244363610000313	0100000075032715215)UVh7s93QnRh
000460244363610000313	0100000075032715215jEeQOY93LUpk
000460244363610000313	0100000075032715215WYgafQ93t4ts
000460244363610000313	01000000750327152154t*Tmr93j9Nj
000460244363610000313	0100000075032715215wx1hV,93Jmg6
000460244363610000313	0100000075032715215Mjp)nk936XsG
000460244363610000313	0100000075032715215231BIq93Zijm
000460244363610000313	0100000075032715215??Lf7e93IU+/
000460244363610000313	0100000075032715215?k:Kh=93Ll46
000460244363610000313	0100000075032715215'TY!ky93B5P7
000460244363610000313	0100000075032715215Bv!RSe93uZzr
000460244363610000313	0100000075032715215bhPSYx93/x/X
000460244363610000313	01000000750327152159x7hE.93fbL6
000460244363610000313	0100000075032715215yEp0Sx93bCM0
000460244363610000313	01000000750327152157hYQSg935EUG
000460244363610000313	0100000075032715215iVlJD693fRcp
000460244363610000313	0100000075032715215OrCndC93U66c
000460244363610000313	0100000075032715215cRr"7b93xIZo
000460244363610000313	0100000075032715215A6NtM:932jmz
000460244363610000322	0100000075032715215cGo38B93JcOp
000460244363610000322	0100000075032715215MuZuKf93pEQY
000460244363610000322	0100000075032715215hU8;Xf93u+Gq
000460244363610000322	0100000075032715215T=c!iM93QiJD
000460244363610000322	0100000075032715215L_q1bp93KmUD
000460244363610000322	0100000075032715215cTFc1q93P4R6
000460244363610000322	01000000750327152159gSISh938ilI
000460244363610000322	0100000075032715215tQ&+om93rSuG
000460244363610000322	01000000750327152155ji;X_935mbR
000460244363610000322	0100000075032715215+MPn.g930CER
000460244363610000322	0100000075032715215XrwCr+93mvgx
000460244363610000322	0100000075032715215;wrlV(93s48d
000460244363610000322	01000000750327152152*XXKR939iqS
000460244363610000322	0100000075032715215)LN1Hv93QC2v
000460244363610000322	0100000075032715215_KF>p>932rsP
000460244363610000322	0100000075032715215gp1btp9397fG
000460244363610000322	0100000075032715215.dF94493/2IG
000460244363610000322	0100000075032715215ZLIN2o93eFD/
000460244363610000322	0100000075032715215h9VRYp93gAje
000460244363610000322	0100000075032715215mdaLMg936O9B
000460244363610000322	0100000075032715215<UX/MT930C2V
000460244363610000322	0100000075032715215n,!"Gp93Jukb
000460244363610000322	0100000075032715215TLeds993fwX2
000460244363610000322	0100000075032715215qboizQ93ePGS
000460244363610000331	0100000075032715215VAjsk593W15Y
000460244363610000331	0100000075032715215Zgw_xi9345nk
000460244363610000331	0100000075032715215;MC<g/93sx/v
000460244363610000331	0100000075032715215Q-itjR93GU0O
000460244363610000331	0100000075032715215QY.jdy93MWQW
000460244363610000331	0100000075032715215VclNhM93/iIT
000460244363610000331	0100000075032715215a9IZqR93c4Zd
000460244363610000331	0100000075032715215CCYud_93E05V
000460244363610000331	01000000750327152150KAS?E93/417
000460244363610000331	0100000075032715215+cu1c+93u7E1
000460244363610000331	0100000075032715215NFhkDI93GOnT
000460244363610000331	0100000075032715215hwlIdI93dTf+
000460244363610000331	0100000075032715215!gLpFo93G805
000460244363610000331	0100000075032715215HaGdcp930LQp
000460244363610000331	0100000075032715215HE:0J.93LEWA
000460244363610000331	0100000075032715215WWJ>OV934RAB
000460244363610000331	0100000075032715215+s<MMO93C4i3
000460244363610000331	0100000075032715215yW!<Cb93uCpn
000460244363610000331	0100000075032715215)X4uiG932u1Q
000460244363610000331	0100000075032715215csKeX.93muzj
000460244363610000331	0100000075032715215lM"Kj993TVTb
000460244363610000331	0100000075032715215sKQcjE93UYmn
000460244363610000331	0100000075032715215KgFFbd93xJoz
000460244363610000331	0100000075032715215RUYF7e93QWU0
000460244363610000340	0100000075032715215TQ-UEP93KEdM
000460244363610000340	0100000075032715215P_dX,o93Gpxx
000460244363610000340	0100000075032715215keo&f.93NJDx
000460244363610000340	0100000075032715215dp+!/u93rXEr
000460244363610000340	0100000075032715215+fQ4Gs93veiO
000460244363610000340	0100000075032715215WENqiK93kS2b
000460244363610000340	0100000075032715215SiP'+o93+wZO
000460244363610000340	0100000075032715215dliHH;933lnJ
000460244363610000340	0100000075032715215u*/eLm93/NDb
000460244363610000340	0100000075032715215pyC7FH933Kj7
000460244363610000340	0100000075032715215GAHlJn93RXZE
000460244363610000340	0100000075032715215FiVRK493jmnA
000460244363610000340	0100000075032715215M+s;Uw938SZx
000460244363610000340	0100000075032715215-jAri393VaVj
000460244363610000340	0100000075032715215XQpF<l93gAnr
000460244363610000340	0100000075032715215OeOIM>93Yb7L
000460244363610000340	0100000075032715215.&tuqF93nPzI
000460244363610000340	0100000075032715215'r/5B)93vmGB
000460244363610000340	0100000075032715215opYXj*93vXIK
000460244363610000340	0100000075032715215gJCqai93j59I
000460244363610000340	0100000075032715215PNucYd93e8Cl
000460244363610000340	0100000075032715215lSHtX)93xlSB
000460244363610000340	0100000075032715215rEM/dN93urLu
000460244363610000340	0100000075032715215CUtJ7Z93aHM5
000460244363610000359	0100000075032715215%AhkEu93KTmg
000460244363610000359	0100000075032715215*jBG<I93j1ri
000460244363610000359	0100000075032715215CLBxXH932PCP
000460244363610000359	0100000075032715215%DplKp93WRgT
000460244363610000359	0100000075032715215T2lRVs930Zst
000460244363610000359	0100000075032715215YV*_EF93O2nU
000460244363610000359	0100000075032715215UYCtal93ruH3
000460244363610000359	0100000075032715215FPIO=;93MVU0
000460244363610000359	0100000075032715215'sc'ir93AB/M
000460244363610000359	0100000075032715215Db)rPt93Bee9
000460244363610000359	0100000075032715215N;U?Gz93KKq/
000460244363610000359	0100000075032715215V*XKWH93GapF
000460244363610000359	0100000075032715215dTHX:4932jdl
000460244363610000359	0100000075032715215fnpvWp93Kflo
000460244363610000359	01000000750327152150GO(:r93Mwr+
000460244363610000359	0100000075032715215G3TWWo932dDS
000460244363610000359	01000000750327152152hOEMs93iNMg
000460244363610000359	0100000075032715215qkNmJ*93pRCO
000460244363610000359	0100000075032715215I;=PdG93b5K3
000460244363610000359	0100000075032715215G2iMph93qolB
000460244363610000359	0100000075032715215hEfN?"93L8fL
000460244363610000359	0100000075032715215d9N=Tg93ZLif
000460244363610000359	0100000075032715215'"0Mku9343yB
000460244363610000359	0100000075032715215NbSAe?93WeYK
000460244363610000368	01000000750327152151oMlQs93Jfis
000460244363610000368	0100000075032715215%FDNgp93zW2Z
000460244363610000368	0100000075032715215Z1mUaN93XheE
000460244363610000368	0100000075032715215MPi,BB93Eer2
000460244363610000368	0100000075032715215LxAVr*935Z4h
000460244363610000368	0100000075032715215hOpDXS937TAp
000460244363610000368	0100000075032715215dNdaCf93WY4S
000460244363610000368	0100000075032715215pDh/Uo93ac3Z
000460244363610000368	0100000075032715215HYTL&j93Wv+0
000460244363610000368	0100000075032715215CX/JS.93qkgS
000460244363610000368	0100000075032715215<0eTln93RZ7t
000460244363610000368	0100000075032715215qY0M5d93qCBa
000460244363610000368	0100000075032715215Fl>%Gk93ZJko
000460244363610000368	0100000075032715215TkaYet93I0qG
000460244363610000368	0100000075032715215bB%KVI93/Xni
000460244363610000368	0100000075032715215cE)aU(93lYfy
000460244363610000368	0100000075032715215O(hEDu93N84r
000460244363610000368	0100000075032715215dGCo6K93XyW9
000460244363610000368	0100000075032715215YAdkw493juGI
000460244363610000368	0100000075032715215bQ?OO;935Py9
000460244363610000368	0100000075032715215HW;YPV93IVL9
000460244363610000368	0100000075032715215O(knmf93bRCi
000460244363610000368	0100000075032715215ks8U8293Qx1F
000460244363610000368	0100000075032715215aCrhJi93d6nE
000460244363610000377	0100000075032715215UTEbJk935Mn5
000460244363610000377	0100000075032715215OaTnCE93ky2C
000460244363610000377	0100000075032715215%Y<.ES93wWpj
000460244363610000377	0100000075032715215jMLKTR93Clxo
000460244363610000377	0100000075032715215CZBHJd93X3zw
000460244363610000377	0100000075032715215U"vON693PPvs
000460244363610000377	0100000075032715215oGhwl*93Rr/T
000460244363610000377	0100000075032715215dRNI+H93+8I9
000460244363610000377	0100000075032715215pcZ=Ou93LBdz
000460244363610000377	0100000075032715215*4w=s.93dqCD
000460244363610000377	0100000075032715215Ivd,TO93CoS/
000460244363610000377	0100000075032715215sjN6"B93yEoF
000460244363610000377	0100000075032715215QD+=1W93EC/4
000460244363610000377	0100000075032715215qCXmsY93N4jF
000460244363610000377	0100000075032715215k&YTk=93SAAX
000460244363610000377	0100000075032715215_snvI(93hmmF
000460244363610000377	0100000075032715215ykY5as9317Wo
000460244363610000377	0100000075032715215CoJ7Pg93ek4j
000460244363610000377	0100000075032715215hNY5lt93LA9s
000460244363610000377	0100000075032715215tpNL'Q936i94
000460244363610000377	0100000075032715215wz'Wy493/HzZ
000460244363610000377	0100000075032715215A-OGKI93EzKo
000460244363610000377	0100000075032715215FBoFBz93tFiB
000460244363610000377	0100000075032715215CyLekJ93x1R1
000460244363610000386	0100000075032715215<:Kasl93hRRS
000460244363610000386	0100000075032715215Ttk")893SjA0
000460244363610000386	0100000075032715215U2heLp938Ui3
000460244363610000386	0100000075032715215WdCJNj93FOep
000460244363610000386	0100000075032715215%06uV293xUko
000460244363610000386	0100000075032715215gV-Ra793CaI9
000460244363610000386	0100000075032715215hXGleR93UuTy
000460244363610000386	0100000075032715215EX*dR493Yw50
000460244363610000386	0100000075032715215&RlNHe937bYg
000460244363610000386	0100000075032715215=I4nVC93FL7E
000460244363610000386	0100000075032715215l4XF<_93kQTx
000460244363610000386	01000000750327152155RDpAn93YJVS
000460244363610000386	010000007503271521532bIro93vrd7
000460244363610000386	01000000750327152155mFdNb93jFPY
000460244363610000386	0100000075032715215GXn%Kl93OhEG
000460244363610000386	0100000075032715215(boYjo93KKJ3
000460244363610000386	01000000750327152159VIqBI9361o1
000460244363610000386	0100000075032715215.GqY<r93+j4J
000460244363610000386	0100000075032715215G2B5HY931nfZ
000460244363610000386	0100000075032715215fhpH9h931NQz
000460244363610000386	0100000075032715215CS(X/S93F5qP
000460244363610000386	0100000075032715215kF1TtS93NbR0
000460244363610000386	0100000075032715215Wz-Z""93eU4b
000460244363610000386	0100000075032715215zUekHs93fugW
000460244363610000395	0100000075032715215CPldWw93u1FV
000460244363610000395	0100000075032715215bcLM<.93WgEG
000460244363610000395	0100000075032715215pz3PbN93WJzJ
000460244363610000395	0100000075032715215?Nj9Ma93S2Az
000460244363610000395	0100000075032715215eqk*u793JwAk
000460244363610000395	0100000075032715215RrLQki932ON2
000460244363610000395	0100000075032715215e+qW)W93UmSR
000460244363610000395	01000000750327152154pliho93pAbs
000460244363610000395	0100000075032715215mbR(vm93YTUQ
000460244363610000395	0100000075032715215:SKtN*93jKVv
000460244363610000395	0100000075032715215i=kHYV93PQG6
000460244363610000395	0100000075032715215Erb_*H93M5nw
000460244363610000395	0100000075032715215=g.Z9,93j8aL
000460244363610000395	01000000750327152155*sKaN93DGMF
000460244363610000395	0100000075032715215:%SZQc93ctxb
000460244363610000395	0100000075032715215i6NmWe93i42u
000460244363610000395	0100000075032715215W=I5Fd93qHmZ
000460244363610000395	0100000075032715215yK1RSF9352kN
000460244363610000395	0100000075032715215cjHbkL93nSvn
000460244363610000395	01000000750327152154Q6F9g93SnYs
000460244363610000395	0100000075032715215r;Id&l93HI9v
000460244363610000395	0100000075032715215jR(jLg93Pxl+
000460244363610000395	0100000075032715215IJeyO393fy2m
000460244363610000395	01000000750327152159h"Rw8930gpf
000460244363610000401	0100000075032715215ROeEte933mMv
000460244363610000401	0100000075032715215nY2mtb93g0CZ
000460244363610000401	0100000075032715215GlfLEm93T5ap
000460244363610000401	01000000750327152159BXB9J933Lbw
000460244363610000401	0100000075032715215TlP3VL932Qfj
000460244363610000401	0100000075032715215GgRFd093AVzH
000460244363610000401	0100000075032715215mYzS5P93+WAg
000460244363610000401	0100000075032715215:b)gE7934fnu
000460244363610000401	0100000075032715215rJVjWA93xOQo
000460244363610000401	0100000075032715215cIrMTq93OI9i
000460244363610000401	0100000075032715215itCN*.93TNvU
000460244363610000401	0100000075032715215bJfT%b93O9MG
000460244363610000401	0100000075032715215QITZd693c+DI
000460244363610000401	01000000750327152153llm4S93mKR5
000460244363610000401	0100000075032715215+zO)Hp93HOpZ
000460244363610000401	0100000075032715215xDOE4'93UcpV
000460244363610000401	0100000075032715215IgsUFl93M+tj
000460244363610000401	0100000075032715215luV'ZU93Gezv
000460244363610000401	0100000075032715215!U0kPS935uU3
000460244363610000401	0100000075032715215m3KPty93sJMt
000460244363610000401	0100000075032715215mNXuKo93jcUZ
000460244363610000401	0100000075032715215jSmo4N93103M
000460244363610000401	0100000075032715215=o>o/Y93Ngnm
000460244363610000401	0100000075032715215'BI1wH93wW/A
000460244363610000410	01000000750327152151PVp_c93eSzJ
000460244363610000410	0100000075032715215Z8IBZm93Hi+S
000460244363610000410	01000000750327152154WlDWB93Yj+R
000460244363610000410	0100000075032715215,am"Su93TwEW
000460244363610000410	0100000075032715215eEpW:T93my3i
000460244363610000410	0100000075032715215tgbJDK93AtzA
000460244363610000410	0100000075032715215rURhbY93yMk/
000460244363610000410	0100000075032715215Q_g/qe93uSi/
000460244363610000410	0100000075032715215YLLmB;93yYoQ
000460244363610000410	0100000075032715215Gn1YV393RboG
000460244363610000410	01000000750327152158lIT:P93IGJB
000460244363610000410	0100000075032715215S>S9k893CSd2
000460244363610000410	0100000075032715215e&wXeU93lQPZ
000460244363610000410	0100000075032715215ATQbbO937VhC
000460244363610000410	01000000750327152153d'oOL93mEco
000460244363610000410	0100000075032715215ElOGX:93vF38
000460244363610000410	0100000075032715215DCle:P93D72W
000460244363610000410	0100000075032715215/gBG&m93y2Be
000460244363610000410	0100000075032715215X:rKJa93a0LU
000460244363610000410	0100000075032715215O,r-wP9362Fc
000460244363610000410	0100000075032715215tqpKVG93PTwj
000460244363610000410	010000007503271521513ZK8a93ANsG
000460244363610000410	0100000075032715215adluU/93Ms8p
000460244363610000410	0100000075032715215ljkGgC93zjm6
000460244363610000429	0100000075032715215cXrCRk93Hy5Z
000460244363610000429	0100000075032715215DKCZel93BW1W
000460244363610000429	0100000075032715215te.viZ93LBuA
000460244363610000429	0100000075032715215=3JOhP93EbKs
000460244363610000429	0100000075032715215AiisUF93puHz
000460244363610000429	0100000075032715215Yl-oJi93DMF8
000460244363610000429	0100000075032715215tm9jBV93fFC4
000460244363610000429	0100000075032715215hUpQTE93jlcU
000460244363610000429	0100000075032715215"ws!sQ93/l0L
000460244363610000429	0100000075032715215D!LvDM93vxuz
000460244363610000429	0100000075032715215:j8MVK93lz87
000460244363610000429	0100000075032715215c?ohQ-93YBS7
000460244363610000429	0100000075032715215rNflyc93WbIJ
000460244363610000429	0100000075032715215Oi:?fN93ei/s
000460244363610000429	0100000075032715215/Z2XxS93wcl8
000460244363610000429	0100000075032715215bXOSzt93D6Ua
000460244363610000429	0100000075032715215%eYsJN93EkQP
000460244363610000429	0100000075032715215oXmDHI93TAPc
000460244363610000429	0100000075032715215)qQdi/93Zl+z
000460244363610000429	0100000075032715215!qU6+U93jUb5
000460244363610000429	0100000075032715215VaKfnQ93Yvfi
000460244363610000429	0100000075032715215kDFfmd936ohc
000460244363610000429	0100000075032715215Bk02OX93iajn
000460244363610000429	0100000075032715215D:K6qG93WZ7t
000460244363610000438	0100000075032715215Pm_c:M93zDZN
000460244363610000438	0100000075032715215pb0TQn93EutQ
000460244363610000438	0100000075032715215jqZQ)u93Xomm
000460244363610000438	0100000075032715215jCkIVY93nVNI
000460244363610000438	0100000075032715215:"ppCo934g0O
000460244363610000438	0100000075032715215Swl&RW93n6Gq
000460244363610000438	0100000075032715215Ap:Xg/93rX3k
000460244363610000438	01000000750327152156,Vl&493Soch
000460244363610000438	0100000075032715215wWtj6N93qiJG
000460244363610000438	0100000075032715215BgDSdC93m2ob
000460244363610000438	0100000075032715215jcmj?.93BjQv
000460244363610000438	0100000075032715215F,GT*s930s5x
000460244363610000438	0100000075032715215JLUX3&93tE7F
000460244363610000438	0100000075032715215u7Eq9A93GPJ0
000460244363610000438	0100000075032715215C6IeiF93MIl9
000460244363610000438	0100000075032715215TtUg:Y935WU9
000460244363610000438	0100000075032715215E!PNEW93O1+e
000460244363610000438	01000000750327152157VqUU>938fi4
000460244363610000438	0100000075032715215qVgd<B93Jmy2
000460244363610000438	0100000075032715215R>L"Ch93wePF
000460244363610000438	0100000075032715215.Cfsj=93amAB
000460244363610000438	0100000075032715215PSFS1K93tvT7
000460244363610000438	0100000075032715215Sxg.AC93msGP
000460244363610000438	0100000075032715215A_%ofN93vM7p
000460244363610000447	0100000075032715215N>eZkW93X87u
000460244363610000447	0100000075032715215M'KmOR933xdA
000460244363610000447	0100000075032715215C3gIU593oUYp
000460244363610000447	0100000075032715215lPDO)M937pfW
000460244363610000447	0100000075032715215%5It;u93WNy/
000460244363610000447	0100000075032715215ZxXMfY93NQ+L
000460244363610000447	0100000075032715215LB"Ml+93qSXe
000460244363610000447	01000000750327152150bg(;D93fE3+
000460244363610000447	0100000075032715215UDKInY939Sb2
000460244363610000447	0100000075032715215x)hBKb93dAuR
000460244363610000447	0100000075032715215wsNF0C93hYhb
000460244363610000447	0100000075032715215kKXUkt93g1Ia
000460244363610000447	0100000075032715215*)5b9Q93RLK0
000460244363610000447	010000007503271521578kldz93T2Rr
000460244363610000447	01000000750327152152mtKcK93c33V
000460244363610000447	0100000075032715215%V4ACa93qJfM
000460244363610000447	0100000075032715215tzhJ/U93U2XC
000460244363610000447	0100000075032715215ylNioL93c24r
000460244363610000447	0100000075032715215fC6CGK93jfow
000460244363610000447	0100000075032715215V2t=4R93ekNJ
000460244363610000447	0100000075032715215</ei;B93tnhG
000460244363610000447	0100000075032715215jh>*lp93VE+I
000460244363610000447	01000000750327152157oRNoF93elyR
000460244363610000447	0100000075032715215)EFg+f93LKQr
000460244363610000456	0100000075032715215UCtsST93wtsz
000460244363610000456	0100000075032715215'MIOlB934DVp
000460244363610000456	0100000075032715215&-5IEt939k76
000460244363610000456	0100000075032715215NnS5>l93kqxj
000460244363610000456	0100000075032715215Z<ki*=93+gSm
000460244363610000456	0100000075032715215SNnnj+93hVk0
000460244363610000456	0100000075032715215()PLgC9318d7
000460244363610000456	0100000075032715215:wKnsX93o+gX
000460244363610000456	0100000075032715215iwEd>Z93fiTd
000460244363610000456	0100000075032715215O8*F'o930LNu
000460244363610000456	0100000075032715215dJW&BJ93oJeL
000460244363610000456	0100000075032715215KY8(Tm93VILA
000460244363610000456	0100000075032715215OxaDTx93VQwV
000460244363610000456	01000000750327152155'G"tB93JbnN
000460244363610000456	0100000075032715215AphCES93ELOa
000460244363610000456	0100000075032715215fN3gtL93Fa+G
000460244363610000456	0100000075032715215DjCft393CtzW
000460244363610000456	0100000075032715215jF:RvE93D22x
000460244363610000456	0100000075032715215lFGdjD93NlTt
000460244363610000456	0100000075032715215y?x_%t9371kM
000460244363610000456	0100000075032715215:W3EWW93U4aj
000460244363610000456	0100000075032715215F_'f+U93nsSp
000460244363610000456	0100000075032715215YqGlv_93xTLZ
000460244363610000456	0100000075032715215HGhtQ!93EspE
000460244363610000465	0100000075032715215hFvsca93rTgp
000460244363610000465	0100000075032715215Mj7+CS93iweH
000460244363610000465	0100000075032715215I<9Het93MxXX
000460244363610000465	0100000075032715215"cjoZB93Y6j5
000460244363610000465	0100000075032715215TDarND93TWoM
000460244363610000465	0100000075032715215(cLrdy93nNTw
000460244363610000465	0100000075032715215iHC&Ub93G0t/
000460244363610000465	0100000075032715215eVo!wz93kwVM
000460244363610000465	01000000750327152152X&"Pp93Do8q
000460244363610000465	0100000075032715215joetUy93QyFA
000460244363610000465	0100000075032715215mUi'Tx93eVcF
000460244363610000465	0100000075032715215ILc*Cj93ruOQ
000460244363610000465	0100000075032715215roJRYi93MyJh
000460244363610000465	0100000075032715215(=JML193wqp1
000460244363610000465	0100000075032715215IJeStp93uDM3
000460244363610000465	0100000075032715215fGwTBJ93ZWQC
000460244363610000465	0100000075032715215jW4ClZ938YCQ
000460244363610000465	01000000750327152156zlPn;93BQ3a
000460244363610000465	0100000075032715215hltQNo93CEJM
000460244363610000465	0100000075032715215oAtHF)935rnA
000460244363610000465	0100000075032715215OD-VWp9376nt
000460244363610000465	0100000075032715215:-fg9W93Ei6Q
000460244363610000465	0100000075032715215O9ZFTj93XY3g
000460244363610000465	01000000750327152155LJDKQ93yOh7
000460244363610000474	0100000075032715215t_qbg?93iNOH
000460244363610000474	0100000075032715215DrCCtq93taJH
000460244363610000474	0100000075032715215M2yBuh93jXkm
000460244363610000474	0100000075032715215pYkRCF93zCft
000460244363610000474	0100000075032715215Ec"UW.93uMmv
000460244363610000474	0100000075032715215Pe;KfK93WVQ1
000460244363610000474	0100000075032715215(YoRgV935eUC
000460244363610000474	0100000075032715215XIgA+z93b+sZ
000460244363610000474	01000000750327152157yN&mO93SH9I
000460244363610000474	0100000075032715215pQp-lh93y1ai
000460244363610000474	0100000075032715215"LcnXM93RTC3
000460244363610000474	01000000750327152159aRFYS93iYvb
000460244363610000474	0100000075032715215:2LZAa93YwN0
000460244363610000474	0100000075032715215PmAM%m93M7zB
000460244363610000474	0100000075032715215/-ZGvg93AKjj
000460244363610000474	0100000075032715215RAgjsQ938ge2
000460244363610000474	01000000750327152151ibeXD93bY8Z
000460244363610000474	0100000075032715215XEMWU'93T0TY
000460244363610000474	0100000075032715215gfgj>293vtas
000460244363610000474	0100000075032715215(JZ&EO93e+wP
000460244363610000474	0100000075032715215NF,Jah93NgwB
000460244363610000474	0100000075032715215q-&DM.93UYnG
000460244363610000474	0100000075032715215TygRqk93iR+V
000460244363610000474	0100000075032715215EHrhKE93Cw4l
000460244363610000483	0100000075032715215IDCgKX93Maw9
000460244363610000483	0100000075032715215vnXdjI93rAKH
000460244363610000483	0100000075032715215NBHKkT93F6Mv
000460244363610000483	01000000750327152156C8Ac=93vr+d
000460244363610000483	0100000075032715215dGW4tV93rVah
000460244363610000483	0100000075032715215PECnbm93ygaP
000460244363610000483	0100000075032715215b)iuC.935h21
000460244363610000483	0100000075032715215ubPq.H93acxZ
000460244363610000483	0100000075032715215LYsWUe93IEHG
000460244363610000483	0100000075032715215F6'9E793sr22
000460244363610000483	0100000075032715215.rNEcK93jP5U
000460244363610000483	0100000075032715215y-qSUv93WJ0Z
000460244363610000483	01000000750327152150iI8LT93lYZJ
000460244363610000483	0100000075032715215NogN>h93rVLz
000460244363610000483	01000000750327152155PFzpc93KAXw
000460244363610000483	0100000075032715215ezHqPB93TBdr
000460244363610000483	0100000075032715215jIJQ.Z93KnzB
000460244363610000483	0100000075032715215"jgx1m93fUCV
000460244363610000483	01000000750327152150k7EQQ93vfcJ
000460244363610000483	0100000075032715215DQ=g3j93vkIv
000460244363610000483	0100000075032715215StEbMg93lnW3
000460244363610000483	0100000075032715215+T_)zO93ubmx
000460244363610000483	0100000075032715215e8e*<T93LVRf
000460244363610000483	0100000075032715215DBTH?d93Jp/3
000460244363610000492	0100000075032715215GWO1iZ93lUZR
000460244363610000492	0100000075032715215Yk)IZ%93OLm9
000460244363610000492	0100000075032715215nx7'VP93chpF
000460244363610000492	0100000075032715215.GrQcr93imTF
000460244363610000492	0100000075032715215lB+D"t93Ny7z
000460244363610000492	0100000075032715215T(R.(R93cUU4
000460244363610000492	0100000075032715215EZ:<5.934lJU
000460244363610000492	0100000075032715215wE"8,k9397qX
000460244363610000492	0100000075032715215_a'2uU93yRLl
000460244363610000492	0100000075032715215SURQ&193RVxh
000460244363610000492	0100000075032715215XTO.;T933+bX
000460244363610000492	0100000075032715215u>ZIA?93YCdB
000460244363610000492	0100000075032715215P2dwkA93I2+R
000460244363610000492	0100000075032715215NlOaAG93eQcn
000460244363610000492	0100000075032715215FtMbVT93x05R
000460244363610000492	0100000075032715215CHMNhL93Dbdb
000460244363610000492	0100000075032715215qBgXFe939RHy
000460244363610000492	0100000075032715215XpfRW.93TDnr
000460244363610000492	0100000075032715215qRQdT_93kOTs
000460244363610000492	0100000075032715215Ik/ptW939INH
000460244363610000492	0100000075032715215Pd"hps9356TF
000460244363610000492	0100000075032715215Yg"WRn93qQ3x
000460244363610000492	01000000750327152150jZc0b93lKsO
000460244363610000492	0100000075032715215Z>gBP>93rwRB
000460244363610000508	0100000075032715215gWrlTn93Npsa
000460244363610000508	0100000075032715215fLgDN/93Pqgs
000460244363610000508	0100000075032715215;TfX9l935fHS
000460244363610000508	01000000750327152153fmv*f93YZya
000460244363610000508	0100000075032715215brtQrd933nuu
000460244363610000508	0100000075032715215zhj+f.937lVt
000460244363610000508	01000000750327152151X!AtJ93TeRp
000460244363610000508	0100000075032715215d?slKW937Lnt
000460244363610000508	0100000075032715215rAj?UW93D35x
000460244363610000508	0100000075032715215mxhTRC9396P0
000460244363610000508	0100000075032715215QILryM93ffzO
000460244363610000508	0100000075032715215%g8m5-93BwW2
000460244363610000508	0100000075032715215ujYmWr933MFO
000460244363610000508	0100000075032715215trPmxF93f/Qg
000460244363610000508	0100000075032715215nkp(+t93AbXy
000460244363610000508	0100000075032715215sJeXhY93VXw7
000460244363610000508	0100000075032715215B2pqJs93w7Ig
000460244363610000508	0100000075032715215b%BUlN93fA2A
000460244363610000508	0100000075032715215kvhF7l93Zg6x
000460244363610000508	0100000075032715215je+:ed93+R3P
000460244363610000508	0100000075032715215Q1xnX/93kGlL
000460244363610000508	0100000075032715215EP/'HH93euSS
000460244363610000508	0100000075032715215wO'%ls93NyJs
000460244363610000508	01000000750327152156s.s<_93GHAX
000460244363610000517	0100000075032715215c"<AHR93wf53
000460244363610000517	0100000075032715215T'cAbX934tDi
000460244363610000517	01000000750327152158jfZFG93FnTL
000460244363610000517	0100000075032715215P:kkd!93treR
000460244363610000517	0100000075032715215huGbY4935eSm
000460244363610000517	0100000075032715215uZ!FoD93IDFf
000460244363610000517	0100000075032715215cd?6pM935qKH
000460244363610000517	01000000750327152152I,K(h93Z3VZ
000460244363610000517	0100000075032715215!qyr1S936Fby
000460244363610000517	01000000750327152150Ln1O793jJIx
000460244363610000517	0100000075032715215ZzG1Tq93w4K6
000460244363610000517	0100000075032715215VvZemI93WOcm
000460244363610000517	01000000750327152155kQ6VE93odk8
000460244363610000517	0100000075032715215YiuoFE93K4sA
000460244363610000517	0100000075032715215QP<_t/93x3mv
000460244363610000517	0100000075032715215g<tTwy93Yqvv
000460244363610000517	0100000075032715215UrEJMT93SbSJ
000460244363610000517	0100000075032715215+TBsX(93+LV9
000460244363610000517	0100000075032715215cSjPhd93hMJK
000460244363610000517	0100000075032715215/V2cjt931rYq
000460244363610000517	0100000075032715215fG-+nB93TXq5
000460244363610000517	0100000075032715215sGcN:V93Tr+I
000460244363610000517	0100000075032715215H=EqyE93rIKN
000460244363610000517	0100000075032715215bSET:O934o1I
000460244363610000526	0100000075032715215l0O&'X93KLhY
000460244363610000526	0100000075032715215AtzXQe93MNXO
000460244363610000526	0100000075032715215zl9ApD93guV0
000460244363610000526	0100000075032715215lZ&C-e93sd5X
000460244363610000526	0100000075032715215QOI(nR931//v
000460244363610000526	0100000075032715215bQOH;c93uorS
000460244363610000526	0100000075032715215bQcfka93UlYG
000460244363610000526	0100000075032715215pdaUiM93jEwQ
000460244363610000526	0100000075032715215deJJfU93fn3B
000460244363610000526	0100000075032715215w9P1Pr93cLcp
000460244363610000526	0100000075032715215Xs,:Oh939X/1
000460244363610000526	0100000075032715215!HRpKw93VXqY
000460244363610000526	0100000075032715215GRjI%V93QdbX
000460244363610000526	0100000075032715215!T.AtL93gkHG
000460244363610000526	0100000075032715215VIPp6H93WlTc
000460244363610000526	0100000075032715215Gi9m(>93K5xn
000460244363610000526	0100000075032715215itQDOW932uJm
000460244363610000526	0100000075032715215SOeql893cM/4
000460244363610000526	01000000750327152159S1iNN933fCv
000460244363610000526	0100000075032715215trY.ae93qoU7
000460244363610000526	0100000075032715215qDij:&93cywg
000460244363610000526	0100000075032715215vMGii>931KXm
000460244363610000526	0100000075032715215.CnGJr93TQog
000460244363610000526	0100000075032715215xEmDD.93T+HE
000460244363610000535	0100000075032715215zXPxRf93NSWp
000460244363610000535	0100000075032715215<HD2/a93osp8
000460244363610000535	0100000075032715215'oLq/h93hmEy
000460244363610000535	0100000075032715215c0whlN93MTvr
000460244363610000535	0100000075032715215b(:HDE93oWmn
000460244363610000535	0100000075032715215IMdiZL93I4H6
000460244363610000535	0100000075032715215.WSJUr93hPVA
000460244363610000535	0100000075032715215?vbVWO93OTwD
000460244363610000535	0100000075032715215E'2x7o93t0iB
000460244363610000535	0100000075032715215Db2RGs93GMAY
000460244363610000535	0100000075032715215hJh3Y793SXil
000460244363610000535	0100000075032715215%NTb++93C4uT
000460244363610000535	0100000075032715215ja/sTV934OAL
000460244363610000535	0100000075032715215U(rZe493Yl3M
000460244363610000535	01000000750327152150f3UyV93q4Yf
000460244363610000535	0100000075032715215qO3cYE93+wHZ
000460244363610000535	0100000075032715215sHH(qQ93v199
000460244363610000535	0100000075032715215OkzBn;93K+fA
000460244363610000535	0100000075032715215k<eGBC93Vun4
000460244363610000535	0100000075032715215kvLgph93QS5G
000460244363610000535	0100000075032715215pQdcJV93FQY/
000460244363610000535	0100000075032715215W'9hv893gExx
000460244363610000535	0100000075032715215u,&wf493Ip5u
000460244363610000535	0100000075032715215rsmmBH93T3A5
000460244363610000544	0100000075032715215+q>Y)N933zG7
000460244363610000544	01000000750327152153StKFS93tKdo
000460244363610000544	0100000075032715215TItqmB934NsE
000460244363610000544	0100000075032715215l&5Ud293SOhO
000460244363610000544	0100000075032715215ADWSW293CLHB
000460244363610000544	0100000075032715215Nu=hxe93dm/V
000460244363610000544	0100000075032715215;o:pc,93IxwQ
000460244363610000544	0100000075032715215tEWYVu93CBzd
000460244363610000544	0100000075032715215nVg8s&932Pzu
000460244363610000544	0100000075032715215Gnill*93gkXp
000460244363610000544	0100000075032715215nBTgWE93S6OH
000460244363610000544	01000000750327152152zBtC/93sG+G
000460244363610000544	0100000075032715215GqQB4p93CJUu
000460244363610000544	0100000075032715215NJYL=m93QYjx
000460244363610000544	0100000075032715215cFkZQQ93y+sq
000460244363610000544	0100000075032715215"STkrJ93A+Iz
000460244363610000544	0100000075032715215EgHShj936Y5w
000460244363610000544	0100000075032715215AoaP?&93exhr
000460244363610000544	0100000075032715215*IUTc&93IxtO
000460244363610000544	01000000750327152158FM-Qy93Wjmv
000460244363610000544	0100000075032715215PoQ(YP93WVLO
000460244363610000544	0100000075032715215Zsp'3R93h6TQ
000460244363610000544	01000000750327152156JdG:q930J1z
000460244363610000544	0100000075032715215;%GN<;93s2vc
000460244363610000553	0100000075032715215AT%:e'93ytvL
000460244363610000553	01000000750327152152kn)VN93YbpM
000460244363610000553	0100000075032715215RjWOlo93X5ga
000460244363610000553	0100000075032715215/WffIp93GnT/
000460244363610000553	0100000075032715215KQDTkO93e9P5
000460244363610000553	0100000075032715215pp7KNI93sJLz
000460244363610000553	0100000075032715215X0ObJe93WrZc
000460244363610000553	0100000075032715215rRU)SH93W48u
000460244363610000553	0100000075032715215R3;:YY93hXyE
000460244363610000553	0100000075032715215r7;bQw9376R3
000460244363610000553	0100000075032715215TI2AK493iVsM
000460244363610000553	0100000075032715215I95a<d937m0h
000460244363610000553	0100000075032715215/MWr'n93N4dE
000460244363610000553	0100000075032715215Da/rke932KPR
000460244363610000553	0100000075032715215VLpuxF93NWkb
000460244363610000553	0100000075032715215te5I0&93H5oH
000460244363610000553	0100000075032715215atCJje93oauX
000460244363610000553	0100000075032715215Xremwt93qslg
000460244363610000553	0100000075032715215RYGM)c93/nvM
000460244363610000553	0100000075032715215htrHH893qVj3
000460244363610000553	0100000075032715215qJQUHz93X6y6
000460244363610000553	0100000075032715215:ssfNy932yo1
000460244363610000553	0100000075032715215ZjZaKM93hi7k
000460244363610000553	0100000075032715215:T=-yK93nghf
000460244363610000562	0100000075032715215+PSZrJ934bbG
000460244363610000562	0100000075032715215K_r=H-93sC5P
000460244363610000562	0100000075032715215rFLsEg93bNbH
000460244363610000562	0100000075032715215ZOXb0n93geUV
000460244363610000562	0100000075032715215FlG8Sp934PsM
000460244363610000562	0100000075032715215f5IeGj93IdS4
000460244363610000562	0100000075032715215QELG%j93Q/ON
000460244363610000562	01000000750327152151Jdc7P93HsQI
000460244363610000562	0100000075032715215PcVEQD93Jah6
000460244363610000562	0100000075032715215mT5*hq93vEBb
000460244363610000562	0100000075032715215xMKRf)93grMl
000460244363610000562	01000000750327152157"B'ks93lLEc
000460244363610000562	0100000075032715215Yr6ht(93HM5b
000460244363610000562	0100000075032715215YnjeIb931rHJ
000460244363610000562	01000000750327152152gwAWD93xY78
000460244363610000562	0100000075032715215Ffr+vl93umH0
000460244363610000562	0100000075032715215OFd!=>93eYuz
000460244363610000562	0100000075032715215hRQ>K%93w0U4
000460244363610000562	0100000075032715215n9qIji938kM6
000460244363610000562	0100000075032715215EFQoWh93puTQ
000460244363610000562	0100000075032715215B!88M+938wUV
000460244363610000562	0100000075032715215iKIEfm93clk2
000460244363610000562	01000000750327152154D_HOK93u2t/
000460244363610000562	01000000750327152158a?)*k930Zf6
000460244363610000571	0100000075032715215GUo4VY93owvV
000460244363610000571	0100000075032715215c)Mfp593h9T6
000460244363610000571	0100000075032715215CM>ia+93rPOe
000460244363610000571	0100000075032715215WQgxWF93sSCy
000460244363610000571	0100000075032715215e9q3KA93Ei5/
000460244363610000571	0100000075032715215UkWQJL93hLqS
000460244363610000571	0100000075032715215BzZlMt93Dd8K
000460244363610000571	0100000075032715215UTD/bO93Gbu3
000460244363610000571	0100000075032715215+U")k-93sdvw
000460244363610000571	0100000075032715215=/BD!d93eDFT
000460244363610000571	0100000075032715215.jC_RI93MK8K
000460244363610000571	0100000075032715215N.h"ry93uqeR
000460244363610000571	0100000075032715215og;Wqh93zcnw
000460244363610000571	0100000075032715215IsPdo*93sG60
000460244363610000571	0100000075032715215qyCVx>939zNo
000460244363610000571	0100000075032715215r+T'dC93n1+X
000460244363610000571	0100000075032715215ZSbnmg93/VYB
000460244363610000571	0100000075032715215CT*Bld93C0C9
000460244363610000571	0100000075032715215lZE;PR93jPHu
000460244363610000571	0100000075032715215ivRgal93okp2
000460244363610000571	0100000075032715215JIWr<t93eE9P
000460244363610000571	0100000075032715215,<GmCN93iws6
000460244363610000571	0100000075032715215NBq:_T93mkbv
000460244363610000571	0100000075032715215&PAZEn932PJd
000460244363610000580	0100000075032715215,lvI=W93LPzC
000460244363610000580	0100000075032715215X54qQR93RI0d
000460244363610000580	0100000075032715215MQUXX=93PwfA
000460244363610000580	0100000075032715215X'jStr93ret+
000460244363610000580	0100000075032715215ULGWG)93M98Z
000460244363610000580	0100000075032715215GM>(kX93MAnr
000460244363610000580	0100000075032715215SPEBjo93ylqh
000460244363610000580	0100000075032715215CfuojK93dScE
000460244363610000580	0100000075032715215I7XNMq93dLrM
000460244363610000580	0100000075032715215O":2XQ93M/wC
000460244363610000580	0100000075032715215JEsL/U93ddWf
000460244363610000580	0100000075032715215BAMskR93ivhq
000460244363610000580	0100000075032715215mRm%La93lSLA
000460244363610000580	0100000075032715215BkP:h?9349ps
000460244363610000580	0100000075032715215VQViSS93sraD
000460244363610000580	0100000075032715215gBU0cT93xiiJ
000460244363610000580	01000000750327152154DTush93zhYe
000460244363610000580	0100000075032715215&zzaX.93z0nu
000460244363610000580	0100000075032715215LRZ&rT93oOBY
000460244363610000580	0100000075032715215:V2+Yz93Cmys
000460244363610000580	0100000075032715215)GCJxB93MbYD
000460244363610000580	0100000075032715215H7t%tM93bPcI
000460244363610000580	0100000075032715215fgid5k93Lfzr
000460244363610000580	0100000075032715215DLxtsU93+58T
000460244363610000599	01000000750327152157UbtTF930JJo
000460244363610000599	0100000075032715215P6>r;g93UKpE
000460244363610000599	0100000075032715215YlMr<o93Cc1B
000460244363610000599	0100000075032715215SEJXnm93BC67
000460244363610000599	0100000075032715215E7:YHd93aWHs
000460244363610000599	0100000075032715215;Uex-.93vxzv
000460244363610000599	0100000075032715215KGOtMh93Iam1
000460244363610000599	0100000075032715215Bq0uRy93PPuz
000460244363610000599	0100000075032715215(nBTuJ93k3Bq
000460244363610000599	0100000075032715215DYcjxP93w0dk
000460244363610000599	0100000075032715215EGwn.!935fRB
000460244363610000599	0100000075032715215dr8-Em93qBRa
000460244363610000599	0100000075032715215Ymr*Hk93lBc5
000460244363610000599	0100000075032715215CxtAgT93N9Cf
000460244363610000599	0100000075032715215:"%Z+j93WfT4
000460244363610000599	0100000075032715215rO<MrX93s2EP
000460244363610000599	0100000075032715215cG2"g<93OKHl
000460244363610000599	0100000075032715215R+mAVM93hpFk
000460244363610000599	0100000075032715215:*Q<7P93lpNN
000460244363610000599	0100000075032715215HgMlzQ93cSkg
000460244363610000599	0100000075032715215lkBXGC93qqZI
000460244363610000599	0100000075032715215ZEthQo93BCPJ
000460244363610000599	0100000075032715215=ZlO,E93/UNc
000460244363610000599	0100000075032715215%MzHEW93fFlA
000460244363610000605	0100000075032715215ac;R.&93Lyd9
000460244363610000605	01000000750327152151St1Hd93BX/q
000460244363610000605	0100000075032715215*FHR<q93EG1z
000460244363610000605	0100000075032715215b!sK6i93juCx
000460244363610000605	0100000075032715215L8CW4o93ndQX
000460244363610000605	01000000750327152154iKcEm93uYAh
000460244363610000605	0100000075032715215TDv;;h93iyei
000460244363610000605	0100000075032715215e0GL"K938GED
000460244363610000605	0100000075032715215YOoXmS93S3xK
000460244363610000605	0100000075032715215yqOc.893TJKZ
000460244363610000605	0100000075032715215XLqNfi93FDCq
000460244363610000605	0100000075032715215;Ge(:h93WVji
000460244363610000605	0100000075032715215hVBt5K93QDni
000460244363610000605	0100000075032715215fI<uCh93v9PU
000460244363610000605	0100000075032715215RBI"Dl93r2lQ
000460244363610000605	0100000075032715215Cfr/ql93VC6E
000460244363610000605	0100000075032715215n"fzN?938NJk
000460244363610000605	0100000075032715215WB=RYd93oLfH
000460244363610000605	0100000075032715215:M*/cf93x3ku
000460244363610000605	0100000075032715215L:QG3c93kbiV
000460244363610000605	0100000075032715215i_LMMx936zJx
000460244363610000605	0100000075032715215QYHLd:936/zf
000460244363610000605	0100000075032715215>zLChb93BqD1
000460244363610000605	0100000075032715215Y6s,DI93aS7b
000460244363610000614	0100000075032715215%SceYZ93bEms
000460244363610000614	0100000075032715215>M+>aY93hmdY
000460244363610000614	01000000750327152153KVs&d934BC2
000460244363610000614	0100000075032715215kVCZIU937r57
000460244363610000614	01000000750327152153<_<DY93WDQI
000460244363610000614	0100000075032715215'lUgvf93uqT9
000460244363610000614	0100000075032715215PRypDP932SU2
000460244363610000614	0100000075032715215l2b&CV93OyGe
000460244363610000614	0100000075032715215U,YO2b93H0VS
000460244363610000614	0100000075032715215F,qR1P93dmhZ
000460244363610000614	0100000075032715215KG7CdW93pL+F
000460244363610000614	01000000750327152156JfO?e930Fx+
000460244363610000614	0100000075032715215ln>LQW93i+Il
000460244363610000614	0100000075032715215BNCMC/93fU4i
000460244363610000614	0100000075032715215PfYBEh93dyQ3
000460244363610000614	0100000075032715215y_MfrY93iMPK
000460244363610000614	0100000075032715215H(aRN293lCLQ
000460244363610000614	0100000075032715215MAhpC<93wbz1
000460244363610000614	0100000075032715215l+*GvN9337Dp
000460244363610000614	0100000075032715215s7jQas93MtO/
000460244363610000614	0100000075032715215q3?6Jc93l13A
000460244363610000614	0100000075032715215co6XEd93hQjf
000460244363610000614	0100000075032715215f"IGPm93p8ib
000460244363610000614	0100000075032715215ZTLegs93NHqm
000460244363610000623	0100000075032715215xGCL%393BAcC
000460244363610000623	0100000075032715215e4mEB:93E63p
000460244363610000623	0100000075032715215J1IlaW93Eij7
000460244363610000623	0100000075032715215F>>dUS93qHix
000460244363610000623	0100000075032715215kd;eN"93shao
000460244363610000623	0100000075032715215ew812193XTjX
000460244363610000623	0100000075032715215DFQHi/93C0us
000460244363610000623	0100000075032715215AZiQBn93XQfy
000460244363610000623	0100000075032715215N1catb93R91D
000460244363610000623	0100000075032715215kads.C93Q5We
000460244363610000623	0100000075032715215prh8nR93Bjzi
000460244363610000623	0100000075032715215qjVKir93bxYQ
000460244363610000623	0100000075032715215.fJcFj930adI
000460244363610000623	0100000075032715215HPXmww93tRbZ
000460244363610000623	0100000075032715215>kjvuS93IVJS
000460244363610000623	0100000075032715215GNmU"'93PMlE
000460244363610000623	01000000750327152151dxc:K93Yv00
000460244363610000623	0100000075032715215as4T"g93wJlg
000460244363610000623	0100000075032715215gMHtul93Tov6
000460244363610000623	0100000075032715215gWCgeq93yekT
000460244363610000623	0100000075032715215RpWtCG93aPXc
000460244363610000623	0100000075032715215;=09fL93OcmN
000460244363610000623	0100000075032715215ULucOd93RwHA
000460244363610000623	0100000075032715215TNXQ?*93wlZc
000460244363610000632	0100000075032715215qoaKZQ93F4sh
000460244363610000632	0100000075032715215j7ULUW93/Y+E
000460244363610000632	0100000075032715215kRruMf93pZr9
000460244363610000632	010000007503271521585oxaN930r/z
000460244363610000632	0100000075032715215%E4hoL93p3Eq
000460244363610000632	0100000075032715215DHmiLG93nOvL
000460244363610000632	0100000075032715215yC';CX93Im6j
000460244363610000632	0100000075032715215sf;hZE93QjMz
000460244363610000632	0100000075032715215(6kmCP939oD8
000460244363610000632	0100000075032715215wg6V.M93RaMw
000460244363610000632	0100000075032715215,QBi9g93M0Wt
000460244363610000632	0100000075032715215ssVNdJ93LKQN
000460244363610000632	0100000075032715215DyDNAK935tqb
000460244363610000632	0100000075032715215quvKwG93/DXd
000460244363610000632	0100000075032715215wT_a0C938P7r
000460244363610000632	0100000075032715215-aa>PN93edSG
000460244363610000632	0100000075032715215s6TD?E93AQ1g
000460244363610000632	0100000075032715215mz5Z_f93X5dP
000460244363610000632	0100000075032715215dJ6qUu935TUL
000460244363610000632	0100000075032715215(>OrXh93pbX9
000460244363610000632	0100000075032715215bLvGp.935w/h
000460244363610000632	0100000075032715215mHhm3(93+J/Y
000460244363610000632	0100000075032715215bLpAy0937y6c
000460244363610000632	0100000075032715215KaTrqe93IOpO
000460244363610000641	0100000075032715215&K2dEH93cGZe
000460244363610000641	0100000075032715215Mtq6pz93WE0p
000460244363610000641	0100000075032715215qa>Mcs93eiJz
000460244363610000641	0100000075032715215h0zGxd93kClt
000460244363610000641	0100000075032715215&AJ%MJ93E0kp
000460244363610000641	0100000075032715215l/MR8-93iNMK
000460244363610000641	0100000075032715215GhcMP293iKSV
000460244363610000641	0100000075032715215mZaYdl93aaXt
000460244363610000641	0100000075032715215Rcg43u93UVvS
000460244363610000641	0100000075032715215S/hnvG93WeTX
000460244363610000641	0100000075032715215gCqg4U93QlGo
000460244363610000641	0100000075032715215PqPhv393AA75
000460244363610000641	0100000075032715215XbDkSc93NZkJ
000460244363610000641	0100000075032715215Cbd=TI93jM/M
000460244363610000641	0100000075032715215mG.n+"93yg4O
000460244363610000641	0100000075032715215KrsEMm93tAnN
000460244363610000641	0100000075032715215K_ImmZ938fFz
000460244363610000641	0100000075032715215X9i3vb93ZReV
000460244363610000641	0100000075032715215:sduaf93R9Ql
000460244363610000641	0100000075032715215hOZUMF93IKx1
000460244363610000641	0100000075032715215D&:mCS93Ceqf
000460244363610000641	0100000075032715215)R,m?<936dWP
000460244363610000641	0100000075032715215>iQpG/93mRjO
000460244363610000641	0100000075032715215FfNnI<930U2O
000460244363610000650	01000000750327152153<aGIM93f0nM
000460244363610000650	01000000750327152159MT+'U93AoM+
000460244363610000650	0100000075032715215tbk.gK93C0B3
000460244363610000650	0100000075032715215E'*sGC93akO+
000460244363610000650	0100000075032715215+pi4y293IsS5
000460244363610000650	0100000075032715215%e:<Yt93N9N1
000460244363610000650	0100000075032715215HQNeih93Twsm
000460244363610000650	01000000750327152159xJCS?9399wF
000460244363610000650	0100000075032715215WPRYBd936E+6
000460244363610000650	01000000750327152158e:X_b93VwRx
000460244363610000650	0100000075032715215gmE?r-93jdOf
000460244363610000650	01000000750327152155Tn%f&93krSS
000460244363610000650	0100000075032715215n1Aj(S93DLw3
000460244363610000650	0100000075032715215qIP-PW93/Pee
000460244363610000650	0100000075032715215,rp>dm93nqTM
000460244363610000650	0100000075032715215*F=Ldh93ymjb
000460244363610000650	0100000075032715215nB;U0393AIfN
000460244363610000650	0100000075032715215KQ'WQB93tFB9
000460244363610000650	0100000075032715215<iP.KX93YD6W
000460244363610000650	0100000075032715215CxuqEd93TFfy
000460244363610000650	0100000075032715215NGUWKQ93cxbW
000460244363610000650	0100000075032715215T3qv,*93zKaA
000460244363610000650	0100000075032715215fC&(!Q93Y+fO
000460244363610000650	0100000075032715215RC;nc"93BCL/
000460244363610000669	0100000075032715215dc08WO93+n/4
000460244363610000669	0100000075032715215&ciBw"93X0J1
000460244363610000669	0100000075032715215,kfcmE93qtfC
000460244363610000669	0100000075032715215T_fFRR93n5V2
000460244363610000669	0100000075032715215/d%eF(93Al/G
000460244363610000669	0100000075032715215=UwdSY93aLn2
000460244363610000669	0100000075032715215vuqFZj93Tcab
000460244363610000669	0100000075032715215jzeH2J93RaZw
000460244363610000669	0100000075032715215qvomsF93FhI7
000460244363610000669	0100000075032715215IhUmb793APWq
000460244363610000669	0100000075032715215ALyMNf93o3ic
000460244363610000669	0100000075032715215pb(e2-93jP25
000460244363610000669	0100000075032715215Uib%lh93zywO
000460244363610000669	0100000075032715215W4l*H9936d2q
000460244363610000669	0100000075032715215FAcJQu93mgGM
000460244363610000669	0100000075032715215;Ct::u93sLKV
000460244363610000669	01000000750327152158TlW:p939FhE
000460244363610000669	0100000075032715215ORhBpe93OsQI
000460244363610000669	0100000075032715215HBdQ_A933Obb
000460244363610000669	0100000075032715215=Eex(s93vaMz
000460244363610000669	0100000075032715215wZsIKP93XM44
000460244363610000669	0100000075032715215yuE6nO93D2fr
000460244363610000669	0100000075032715215TM3VWx932ZRb
000460244363610000669	0100000075032715215yJJr=p93YSew
000460244363610000678	0100000075032715215lPVKHQ93yiiv
000460244363610000678	0100000075032715215rcduwb93L+US
000460244363610000678	0100000075032715215xRjOHD93aI20
000460244363610000678	0100000075032715215SUHla)934aIa
000460244363610000678	0100000075032715215ODPTks93+rIR
000460244363610000678	0100000075032715215dH8oGK93fCjN
000460244363610000678	0100000075032715215mAr,TC93FHev
000460244363610000678	0100000075032715215FHlQMI93ZLM0
000460244363610000678	01000000750327152158=qpbd931ESf
000460244363610000678	0100000075032715215YOa4em93MoTR
000460244363610000678	0100000075032715215LjcTl"93umiI
000460244363610000678	0100000075032715215iXPRfx93XOXi
000460244363610000678	0100000075032715215F3geN793z/Un
000460244363610000678	0100000075032715215YviLkH93LSIi
000460244363610000678	0100000075032715215Cgu'gV93rtDo
000460244363610000678	01000000750327152155l=PWz93L61a
000460244363610000678	0100000075032715215NH2DG)93pCih
000460244363610000678	0100000075032715215*1VXlP93EkvA
000460244363610000678	0100000075032715215v4XtV293MM/l
000460244363610000678	0100000075032715215"DmQhf93EC4g
000460244363610000678	0100000075032715215QUTBuC937e6P
000460244363610000678	0100000075032715215Jh&HAa93Qz9C
000460244363610000678	0100000075032715215VE8adJ93m2WG
000460244363610000678	0100000075032715215tvgcUg939bBq
000460244363610000687	0100000075032715215XBE1KS93J2aY
000460244363610000687	01000000750327152155/PECF93gEnU
000460244363610000687	0100000075032715215v"bAPg933EKK
000460244363610000687	0100000075032715215hUozA&93P5hv
000460244363610000687	0100000075032715215WS(UTy93L0NJ
000460244363610000687	0100000075032715215,Dttji93Ms1X
000460244363610000687	0100000075032715215djkeHo93J1y8
000460244363610000687	0100000075032715215W+Xbci93A6lo
000460244363610000687	0100000075032715215%%t2%Y93+5Zc
000460244363610000687	0100000075032715215E3LOWd93fQat
000460244363610000687	0100000075032715215+*PuT;93AqN5
000460244363610000687	01000000750327152153_gZHE93I1qq
000460244363610000687	0100000075032715215'mGmPS93VBZC
000460244363610000687	01000000750327152155YBYfo93GrkA
000460244363610000687	01000000750327152154E'eeh93Z1tN
000460244363610000687	0100000075032715215QjEt=o936U8q
000460244363610000687	0100000075032715215ALfS/P93JFLy
000460244363610000687	0100000075032715215i+Ll;&93NiRi
000460244363610000687	0100000075032715215lOfvW2933UMv
000460244363610000687	0100000075032715215dBUwH%9383JW
000460244363610000687	0100000075032715215jaKfi09396Et
000460244363610000687	0100000075032715215!oh5mG93c6gR
000460244363610000687	0100000075032715215W6+N%H93pGOX
000460244363610000687	0100000075032715215,gpjIt93w4Hw
000460244363610000696	0100000075032715215jw+lWu93JLbL
000460244363610000696	0100000075032715215o&u9s,93Jdyy
000460244363610000696	0100000075032715215HBZuF+93Ds3/
000460244363610000696	0100000075032715215eVyWf?93/07V
000460244363610000696	0100000075032715215:oB0cm93zaIr
000460244363610000696	0100000075032715215Hr4G?Q934v0v
000460244363610000696	0100000075032715215eJWMh!93MLhb
000460244363610000696	0100000075032715215AHizt*93Cl3r
000460244363610000696	0100000075032715215:wL)Oa93M57x
000460244363610000696	0100000075032715215HYNMNe93ddm0
000460244363610000696	0100000075032715215qahcL?937ga2
000460244363610000696	0100000075032715215m(2*.i93sHZR
000460244363610000696	0100000075032715215tkZfMs93CZLY
000460244363610000696	0100000075032715215o3:QiL93zEXL
000460244363610000696	0100000075032715215tGvQlE93SYr9
000460244363610000696	01000000750327152152vJ/Ta935vFw
000460244363610000696	0100000075032715215;iIHsO93tfsU
000460244363610000696	0100000075032715215?Mp%8t93aZjy
000460244363610000696	01000000750327152150SNRr993jjE6
000460244363610000696	0100000075032715215bMx,nT93/JBS
000460244363610000696	0100000075032715215D;loIh93KhhU
000460244363610000696	0100000075032715215lem0EV93xYSl
000460244363610000696	01000000750327152150(4&Rs93s83V
000460244363610000696	0100000075032715215G>WBCX93hUJu
000460244363610000702	0100000075032715215cx"WjX93/KSh
000460244363610000702	0100000075032715215AZXZG093cCS3
000460244363610000702	0100000075032715215RuYj3,93pd7B
000460244363610000702	0100000075032715215gyaknn93BZ3L
000460244363610000702	0100000075032715215O?ZW9R93jTeb
000460244363610000702	0100000075032715215Ugk<(s93qmXO
000460244363610000702	0100000075032715215WO7F9l93SWDE
000460244363610000702	0100000075032715215UtqctK93jmaK
000460244363610000702	0100000075032715215TC"LVw93zOjX
000460244363610000702	01000000750327152158*bVbW93vt24
000460244363610000702	0100000075032715215kDafEY93yTYg
000460244363610000702	0100000075032715215.MCBlQ93piKz
000460244363610000702	0100000075032715215.'B;hQ93PZvN
000460244363610000702	0100000075032715215u&jaW"93DSWV
000460244363610000702	0100000075032715215.XHdOE93FcUf
000460244363610000702	0100000075032715215L?VrSM93lyi+
000460244363610000702	01000000750327152159fL&Nj93p96t
000460244363610000702	0100000075032715215RrGVnJ93H1y+
000460244363610000702	0100000075032715215J/,FMO93a4Wf
000460244363610000702	0100000075032715215&:EUZb932AGK
000460244363610000702	0100000075032715215=w0hNS9342Fe
000460244363610000702	0100000075032715215=rF0g:93HyTm
000460244363610000702	0100000075032715215aF8IHT93GuX0
000460244363610000702	0100000075032715215xZ;,t%93hFoV
000460244363610000711	0100000075032715215HPc&sc93NvHN
000460244363610000711	0100000075032715215u<JEi293D0cH
000460244363610000711	0100000075032715215RP"M'_93TTPN
000460244363610000711	0100000075032715215e+WOK&93Eln7
000460244363610000711	0100000075032715215Pn;qbX933Kny
000460244363610000711	0100000075032715215tn.>Nx932JtJ
000460244363610000711	0100000075032715215XpnB=Q93IaQA
000460244363610000711	0100000075032715215wevxs,93bqTX
000460244363610000711	0100000075032715215OiSPPd93KowO
000460244363610000711	0100000075032715215m-YQak93zNqd
000460244363610000711	0100000075032715215F;msO?93fAwI
000460244363610000711	0100000075032715215WW/cCw93Go9s
000460244363610000711	0100000075032715215M(?YyR93DsEn
000460244363610000711	0100000075032715215ZYUShm93BJXZ
000460244363610000711	01000000750327152150kIB'993p5+d
000460244363610000711	0100000075032715215;6QRsY93eEUn
000460244363610000711	0100000075032715215Dy0iIl93QFxB
000460244363610000711	0100000075032715215vTB<ZU93y420
000460244363610000711	0100000075032715215gKXRfP93VYZq
000460244363610000711	0100000075032715215cSgWwD935t6B
000460244363610000711	0100000075032715215PDms,b93OGSO
000460244363610000711	01000000750327152156FPOH*931Ill
000460244363610000711	0100000075032715215aAVdcS93bgkl
000460244363610000711	0100000075032715215QxLBLO93F8lU
000460244363610000720	01000000750327152154ZYcX793yCKB
000460244363610000720	0100000075032715215zhVOa293WgQI
000460244363610000720	0100000075032715215b<Dkfr93BJn+
000460244363610000720	0100000075032715215:saNxD93Ti6Y
000460244363610000720	0100000075032715215lnFWGl939+Xo
000460244363610000720	0100000075032715215?V_1jm93SN3V
000460244363610000720	01000000750327152150nKAtD93pAYE
000460244363610000720	0100000075032715215>)n=Pq93FwqO
000460244363610000720	0100000075032715215?&FWDc93as6/
000460244363610000720	0100000075032715215GDpE:e93BsWM
000460244363610000720	0100000075032715215TZTM&A93bBCZ
000460244363610000720	0100000075032715215oX;E;u93bM1Z
000460244363610000720	0100000075032715215rFXK1e9342UO
000460244363610000720	0100000075032715215pG0di!93lpTJ
000460244363610000720	0100000075032715215BD+nS'93tNbN
000460244363610000720	0100000075032715215djsdAg93JOwV
000460244363610000720	0100000075032715215ue=U<F93UALF
000460244363610000720	0100000075032715215o(H7>i93DRTg
000460244363610000720	01000000750327152157Qdraa93R00o
000460244363610000720	0100000075032715215W9tu4Q93ymyt
000460244363610000720	0100000075032715215MCK&Hj93XKkA
000460244363610000720	0100000075032715215WKGafd93Yx8c
000460244363610000720	0100000075032715215uIP+lj93BIQd
000460244363610000720	01000000750327152156CQgnH931nHR
000460244363610000739	0100000075032715215T9aqLY93l83t
000460244363610000739	0100000075032715215C+AI)B93VsdI
000460244363610000739	0100000075032715215yXoOiT93oVMA
000460244363610000739	0100000075032715215KZurC'93mn/F
000460244363610000739	0100000075032715215aV>rW*93DBFd
000460244363610000739	01000000750327152155vr88J93Ntem
000460244363610000739	0100000075032715215G7<(HS93kD0t
000460244363610000739	0100000075032715215Crjv;193luMo
000460244363610000739	0100000075032715215H/e5<H93N4zA
000460244363610000739	0100000075032715215sbEaEs93Fn8B
000460244363610000739	0100000075032715215lyW8Z.93ZK3v
000460244363610000739	0100000075032715215IvtY9l93ZoyO
000460244363610000739	0100000075032715215TEMPHd932eOb
000460244363610000739	0100000075032715215qa%yON93VNHa
000460244363610000739	0100000075032715215gEiQXm93V9kq
000460244363610000739	0100000075032715215DjdITg93ZBf/
000460244363610000739	0100000075032715215sK+GNW93Ztf2
000460244363610000739	0100000075032715215+-BHqe93ROL9
000460244363610000739	0100000075032715215JU2tKC934itu
000460244363610000739	0100000075032715215iVg%YC93dxcb
000460244363610000739	0100000075032715215DJKHQG93+Pz7
000460244363610000739	0100000075032715215_iO+sY93GCTy
000460244363610000739	0100000075032715215X,;vKH93afH6
000460244363610000739	0100000075032715215qUoKmR93VFCa
000460244363610000748	0100000075032715215zudap/93/ZjD
000460244363610000748	0100000075032715215XSdvg>93uPCG
000460244363610000748	0100000075032715215UCy&va93jTAk
000460244363610000748	01000000750327152153tY(l;938iKF
000460244363610000748	0100000075032715215sxV1Jl93y+kk
000460244363610000748	0100000075032715215SbjtBb933n0E
000460244363610000748	0100000075032715215BLdgdn933LOS
000460244363610000748	0100000075032715215BhAXkT93sYic
000460244363610000748	01000000750327152152Trqqd93FhwR
000460244363610000748	0100000075032715215RST:vf93yhSY
000460244363610000748	0100000075032715215.'d0f-93D0bQ
000460244363610000748	0100000075032715215pc7ITI93vUHY
000460244363610000748	0100000075032715215ZHG3x>93HWYa
000460244363610000748	01000000750327152159I2VWd93oLJB
000460244363610000748	0100000075032715215:2H,pP93Ihp3
000460244363610000748	0100000075032715215c-mP1g93HniW
000460244363610000748	01000000750327152155.sgTq93db7q
000460244363610000748	0100000075032715215mVEtgE932wzo
000460244363610000748	0100000075032715215sU";VI93XLqT
000460244363610000748	0100000075032715215m<u=5r93zgG2
000460244363610000748	0100000075032715215W1P)Wm93sNBa
000460244363610000748	0100000075032715215gtaSW,93QCjM
000460244363610000748	0100000075032715215gNGYsI93s9Ue
000460244363610000748	0100000075032715215o5eaXX93QENt
000460244363610000757	0100000075032715215PPZDR3930mx/
000460244363610000757	0100000075032715215Xn?/9d93IWos
000460244363610000757	0100000075032715215k,CEIF93bq1c
000460244363610000757	0100000075032715215xY7tAt935kZ8
000460244363610000757	0100000075032715215F9nBu?93LyUT
000460244363610000757	0100000075032715215iq4HQ;93H0xI
000460244363610000757	0100000075032715215Xl"lHZ932EfV
000460244363610000757	0100000075032715215vPF%Bi93U8Oq
000460244363610000757	0100000075032715215oOPqk<93+olB
000460244363610000757	0100000075032715215gmt6a*93jK74
000460244363610000757	0100000075032715215PQTa?t93eEWi
000460244363610000757	0100000075032715215A/Qqr893pIRf
000460244363610000757	01000000750327152154j!s.X93zRsm
000460244363610000757	0100000075032715215aM)rV593QOOA
000460244363610000757	0100000075032715215hjs2GZ93HRgH
000460244363610000757	0100000075032715215*ldEcF93DNd+
000460244363610000757	0100000075032715215T&mtjf93Nfen
000460244363610000757	0100000075032715215ZYRlpE93nDv8
000460244363610000757	01000000750327152151Wd5C_93W3Lj
000460244363610000757	0100000075032715215isT;*M93uPlZ
000460244363610000757	0100000075032715215quPOgf93rgf3
000460244363610000757	0100000075032715215.Fa>C'93Rb2s
000460244363610000757	0100000075032715215Osf4(K93mG/y
000460244363610000757	0100000075032715215TDqRF!93donE
000460244363610000766	0100000075032715215kZT;Mx93ak5L
000460244363610000766	0100000075032715215gjU!YD93e2mm
000460244363610000766	0100000075032715215K>,g&V93tRW9
000460244363610000766	01000000750327152155SWNGC93S6qJ
000460244363610000766	0100000075032715215aeGZwn939V0P
000460244363610000766	0100000075032715215!oUbeW93LBou
000460244363610000766	0100000075032715215K)aVF(93Bdr8
000460244363610000766	0100000075032715215U7<tWF93tKHl
000460244363610000766	0100000075032715215R8odY393+/7o
000460244363610000766	0100000075032715215W>+Xqs93lTwJ
000460244363610000766	0100000075032715215ZXLpfm93QfkH
000460244363610000766	0100000075032715215j8wXwy93CoS/
000460244363610000766	0100000075032715215-7WbVS93wjuv
000460244363610000766	0100000075032715215eEW2,E93FS+x
000460244363610000766	0100000075032715215*R"nLb93g8vm
000460244363610000766	0100000075032715215R+Og"*93hx6v
000460244363610000766	0100000075032715215HQ9pcl93kOn9
000460244363610000766	0100000075032715215b963;K93Awf6
000460244363610000766	0100000075032715215e*_MeL937WHS
000460244363610000766	0100000075032715215!g/*ID93zZFU
000460244363610000766	0100000075032715215i>UXak934cRZ
000460244363610000766	0100000075032715215lfukp<93Tg1L
000460244363610000766	0100000075032715215HruG;K93j8qw
000460244363610000766	0100000075032715215p;mBot933BjZ
000460244363610000775	0100000075032715215TpD2;V93hcwE
000460244363610000775	0100000075032715215KXZLd+93+yEK
000460244363610000775	01000000750327152152_T8!l93X16b
000460244363610000775	01000000750327152158:UaT(93wc/F
000460244363610000775	0100000075032715215NN%=!%93ybJl
000460244363610000775	0100000075032715215;FKS4E93Eqb+
000460244363610000775	0100000075032715215kgKRVz931wSX
000460244363610000775	0100000075032715215%*6tMG93Dxsh
000460244363610000775	0100000075032715215M03fym93p62G
000460244363610000775	0100000075032715215pinymB93zA1I
000460244363610000775	0100000075032715215u2;%G:93FcuB
000460244363610000775	0100000075032715215q,g?5893owGP
000460244363610000775	0100000075032715215rgGkt!934Wwp
000460244363610000775	0100000075032715215i%,Y&m93IgGa
000460244363610000775	0100000075032715215>SlLmJ93NMPu
000460244363610000775	01000000750327152152yhvS/93aCJR
000460244363610000775	0100000075032715215!PJHtC93Pzwx
000460244363610000775	0100000075032715215i_FV9=93MsRG
000460244363610000775	0100000075032715215MtcZ0S935Wey
000460244363610000775	0100000075032715215q/.MCJ93o73h
000460244363610000775	01000000750327152153arOFr937iYd
000460244363610000775	0100000075032715215(Fhhwn932Ebs
000460244363610000775	0100000075032715215VB'WWa93Zei2
000460244363610000775	0100000075032715215fP'em>93BbeK
000460244363610000784	0100000075032715215<jBmit931UIp
000460244363610000784	0100000075032715215jkiKP-93EYC6
000460244363610000784	0100000075032715215m<K71L93Nrcn
000460244363610000784	0100000075032715215KGhF6,93Fd9M
000460244363610000784	0100000075032715215hYd&AS93qDA9
000460244363610000784	0100000075032715215SG"PWN93LFmS
000460244363610000784	0100000075032715215e,hU=g93DuHg
000460244363610000784	0100000075032715215,c9H3'93bTw5
000460244363610000784	0100000075032715215a8_oLt93Hy0r
000460244363610000784	0100000075032715215q%16X+93eJ/A
000460244363610000784	0100000075032715215Y%hNbY93RttC
000460244363610000784	0100000075032715215qxgRV_93jNdB
000460244363610000784	0100000075032715215q)PnuZ93ZuEn
000460244363610000784	0100000075032715215eyacpD93orAy
000460244363610000784	0100000075032715215X9MsCC939sUI
000460244363610000784	0100000075032715215?F(DL'93VIvL
000460244363610000784	0100000075032715215OKVtFv93IG2q
000460244363610000784	0100000075032715215BbD?ae93ikge
000460244363610000784	0100000075032715215UMudNP934Dot
000460244363610000784	0100000075032715215EY1Ze%93q8Tb
000460244363610000784	0100000075032715215F>p?gK93NF84
000460244363610000784	0100000075032715215Ow=TZG93nlVB
000460244363610000784	01000000750327152156JmmKI93rOPX
000460244363610000784	0100000075032715215g'!/QK93az6E
000460244363610000793	0100000075032715215roqtk693Qdpa
000460244363610000793	0100000075032715215T=Wjuz937PO5
000460244363610000793	0100000075032715215oUTSr8933z3+
000460244363610000793	0100000075032715215?Ag9zW93qSJa
000460244363610000793	0100000075032715215Z":dbd93xi0Z
000460244363610000793	0100000075032715215cuOYUh93T1sI
000460244363610000793	0100000075032715215qCPVK893TpD6
000460244363610000793	0100000075032715215+?;<(X93hJKP
000460244363610000793	0100000075032715215KBR/F'93TVFx
000460244363610000793	0100000075032715215JnYzhd93qmur
000460244363610000793	0100000075032715215c.L7fA93nIyd
000460244363610000793	0100000075032715215JOIL2b93Onei
000460244363610000793	0100000075032715215AtlPEF93aMW1
000460244363610000793	0100000075032715215tTr8?Q93e0Zb
000460244363610000793	0100000075032715215<EDVyr93GdXQ
000460244363610000793	01000000750327152156*PhZd93mo3S
000460244363610000793	01000000750327152154f0K.J93xgzB
000460244363610000793	0100000075032715215xKd*qt93IEh2
000460244363610000793	0100000075032715215ctYWqr930yJu
000460244363610000793	0100000075032715215am8'Hq93nvsg
000460244363610000793	0100000075032715215wkl0v"93GbkV
000460244363610000793	0100000075032715215zmhaWG93SK07
000460244363610000793	0100000075032715215DWTNSj93GZ4Y
000460244363610000793	0100000075032715215WaK*qT93SwMw
000460244363610000809	0100000075032715215M5Lg?M93Y2b5
000460244363610000809	0100000075032715215Wo!=zT93YQZi
000460244363610000809	0100000075032715215ZsVdfr93VFPQ
000460244363610000809	0100000075032715215XlX9Bd93W0nx
000460244363610000809	0100000075032715215T%Oun_93PeyM
000460244363610000809	0100000075032715215nTZZWM93Cnai
000460244363610000809	0100000075032715215H:f+tC937la1
000460244363610000809	0100000075032715215+O0O(X931j/j
000460244363610000809	0100000075032715215R4aHL;93eeCZ
000460244363610000809	0100000075032715215GoJAkH93Rl77
000460244363610000809	0100000075032715215NrzfLG93WK+2
000460244363610000809	0100000075032715215MsjnUj93g03p
000460244363610000809	0100000075032715215ambYCG93ksMx
000460244363610000809	0100000075032715215BQiAa493GlB3
000460244363610000809	0100000075032715215QXr0sS93fSvr
000460244363610000809	0100000075032715215QULLbI93IU1u
000460244363610000809	0100000075032715215tWlX,h93aJqp
000460244363610000809	0100000075032715215oKd+c?930Bv2
000460244363610000809	01000000750327152156rW15Z93c/j4
000460244363610000809	0100000075032715215nqQ?B:93WnN9
000460244363610000809	0100000075032715215)0usXQ93Rqsr
000460244363610000809	0100000075032715215QZ<Pe>93xAdK
000460244363610000809	0100000075032715215F61Nyb93qSc/
000460244363610000809	0100000075032715215DaTP-m93r+gR
000460244363610000818	0100000075032715215SraDWR932inb
000460244363610000818	0100000075032715215Ro>EgU93168h
000460244363610000818	01000000750327152155amiPT93OVwf
000460244363610000818	0100000075032715215:WFSRE937j8F
000460244363610000818	0100000075032715215BZb+_:93ytht
000460244363610000818	0100000075032715215zqsIVO93W2pM
000460244363610000818	0100000075032715215guL=Mp93kttH
000460244363610000818	0100000075032715215,3P8!(93+VKX
000460244363610000818	0100000075032715215Rym5cc93mWIp
000460244363610000818	0100000075032715215OKfvh593uP8t
000460244363610000818	0100000075032715215lqu&*e935VGD
000460244363610000818	0100000075032715215*caBHI93Ru5E
000460244363610000818	0100000075032715215kT_GVp93Vmv8
000460244363610000818	0100000075032715215BG.doc93LxmP
000460244363610000818	0100000075032715215!Ir/c193SEuG
000460244363610000818	0100000075032715215MZDUjP93vc5d
000460244363610000818	0100000075032715215jRSXaH93fBAM
000460244363610000818	0100000075032715215TU/QsZ93Ifv6
000460244363610000818	0100000075032715215Eh7nR99368i0
000460244363610000818	0100000075032715215GaJ?Rf93sJyc
000460244363610000818	0100000075032715215"XrT<t93zd0O
000460244363610000818	0100000075032715215e_t8qY93hMRL
000460244363610000818	0100000075032715215DjiHvM939Fz9
000460244363610000818	0100000075032715215Q47qNv93gTsx
000460244363610000827	0100000075032715215vJ;im%93oeqR
000460244363610000827	0100000075032715215yBo=FF9323ow
000460244363610000827	0100000075032715215s&=lRT93KvIK
000460244363610000827	0100000075032715215G8pjf(93+GkG
000460244363610000827	01000000750327152156DrDsN93GHQX
000460244363610000827	0100000075032715215F?fB!o93i9wP
000460244363610000827	01000000750327152156GYJ0e93YW71
000460244363610000827	0100000075032715215ZjdK9(93IFfO
000460244363610000827	0100000075032715215OKpyv)93XPM8
000460244363610000827	0100000075032715215RVD==a93uJEq
000460244363610000827	01000000750327152157o-X8<931R+T
000460244363610000827	0100000075032715215s"L=tu93emdd
000460244363610000827	01000000750327152152?2PUf93YIZd
000460244363610000827	0100000075032715215f7QBRR93r1I0
000460244363610000827	0100000075032715215;VqV.F93050+
000460244363610000827	0100000075032715215"GKCOs93Cqsw
000460244363610000827	0100000075032715215M4GH21933PaP
000460244363610000827	0100000075032715215AHR"R593xgnY
000460244363610000827	0100000075032715215dUh<K_93h62t
000460244363610000827	0100000075032715215yTXAXB93vLZy
000460244363610000827	0100000075032715215DF2C8S93kZ/I
000460244363610000827	0100000075032715215ZIZ.da934pjC
000460244363610000827	01000000750327152158G4?uM93lXYp
000460244363610000827	0100000075032715215prIWRC93WBFe
000460244363610000836	0100000075032715215yl/4EI93utTH
000460244363610000836	0100000075032715215OtRAlo935Wx8
000460244363610000836	0100000075032715215:AuJKx93bgMx
000460244363610000836	0100000075032715215d%O6+u93StOL
000460244363610000836	0100000075032715215KTk_BD93+8Dg
000460244363610000836	0100000075032715215u5lAdR93MLXL
000460244363610000836	01000000750327152158O3ro)93WPTE
000460244363610000836	0100000075032715215VdI3kt93uy1q
000460244363610000836	0100000075032715215PH.hQj93qMv0
000460244363610000836	0100000075032715215IFrh-P93EqI+
000460244363610000836	0100000075032715215tz3kap93rFex
000460244363610000836	0100000075032715215agymI&93pkpu
000460244363610000836	0100000075032715215nhlUYB93VvO+
000460244363610000836	0100000075032715215nxhKqq93Vufl
000460244363610000836	0100000075032715215Y<1t1S93Kds3
000460244363610000836	0100000075032715215J<&ysc934XUn
000460244363610000836	0100000075032715215lJnZKH939Ea+
000460244363610000836	0100000075032715215q!aH:4937QX/
000460244363610000836	01000000750327152153LiqGG93ouGJ
000460244363610000836	0100000075032715215.kAAS?93kIva
000460244363610000836	01000000750327152159Q0=jx93NqEW
000460244363610000836	0100000075032715215oYEKkg93R5gO
000460244363610000836	0100000075032715215RglST_93/7Wj
000460244363610000836	0100000075032715215sPSob+93hjLg
000460244363610000845	0100000075032715215YGlNsU93MHL+
000460244363610000845	0100000075032715215mggXrk93Kxnd
000460244363610000845	0100000075032715215WZZ+Wm93XEfV
000460244363610000845	0100000075032715215f6qSXq93rynZ
000460244363610000845	0100000075032715215e-kFdg93enya
000460244363610000845	0100000075032715215Z5&ywt93OPmF
000460244363610000845	0100000075032715215n_SLyE93ftbK
000460244363610000845	0100000075032715215UW<IgS93I7Dk
000460244363610000845	0100000075032715215UjBCQq93QARD
000460244363610000845	0100000075032715215FIBrN093r9g4
000460244363610000845	0100000075032715215=VkicG93ZPrh
000460244363610000845	0100000075032715215C_FNH+93xIo8
000460244363610000845	0100000075032715215f4>amY93wDsy
000460244363610000845	0100000075032715215?h;kbb93HHKN
000460244363610000845	0100000075032715215xqzbUZ931oIS
000460244363610000845	0100000075032715215IsKVlU93dvuU
000460244363610000845	0100000075032715215GqS<=)930fOb
000460244363610000845	01000000750327152158Tn1Ln93BWLC
000460244363610000845	0100000075032715215p:ikvV93zldB
000460244363610000845	0100000075032715215at**nG93sFUe
000460244363610000845	0100000075032715215?TrlU>93Ar0S
000460244363610000845	0100000075032715215eRBBD593hhIz
000460244363610000845	0100000075032715215HmuW;'93mcad
000460244363610000845	0100000075032715215cMVJq!93W6Yj
000460244363610000854	0100000075032715215kZUTHI93xp/v
000460244363610000854	0100000075032715215oIwCVK93h6wJ
000460244363610000854	0100000075032715215Wy,Thu93cY7d
000460244363610000854	0100000075032715215?"adB?93aBp6
000460244363610000854	0100000075032715215DfRAoJ93gi+I
000460244363610000854	0100000075032715215RY3DKU93LG6t
000460244363610000854	0100000075032715215LLYG(R934TWz
000460244363610000854	0100000075032715215JidM?>93L6XW
000460244363610000854	0100000075032715215mg?hZ<93huK+
000460244363610000854	0100000075032715215oEPqd+93NnAR
000460244363610000854	0100000075032715215wEj>Np93S4uz
000460244363610000854	0100000075032715215pKSdzB93fC4X
000460244363610000854	0100000075032715215jLabuP93TPby
000460244363610000854	0100000075032715215kHgtl>938NZg
000460244363610000854	01000000750327152155V5OsF93TAx7
000460244363610000854	0100000075032715215O81LH+93Zv6V
000460244363610000854	0100000075032715215kKYsHL93Scwp
000460244363610000854	0100000075032715215muDFE(93sRk9
000460244363610000854	0100000075032715215,pkm=Z93fxmR
000460244363610000854	0100000075032715215vm38RF93yl2p
000460244363610000854	0100000075032715215T1gjaj93vw/E
000460244363610000854	0100000075032715215J!kNev93XPZJ
000460244363610000854	0100000075032715215mZmdQa93Mxnp
000460244363610000854	0100000075032715215CrLJjP93OoWA
000460244363610000863	0100000075032715215Y;LTF*93Klmm
000460244363610000863	0100000075032715215K38NqA93ZgGC
000460244363610000863	0100000075032715215FC9D3I931xmU
000460244363610000863	0100000075032715215M4ymbP93rJmk
000460244363610000863	0100000075032715215pc8<lc93yQtY
000460244363610000863	0100000075032715215isKLmE93QLLb
000460244363610000863	01000000750327152153mpE<%93vS4L
000460244363610000863	0100000075032715215ME_Gl)93/dCx
000460244363610000863	0100000075032715215LkiSqN93BRal
000460244363610000863	0100000075032715215Jr=.Oq936rEZ
000460244363610000863	0100000075032715215MWlET193WuCO
000460244363610000863	0100000075032715215!(GOyP935rLR
000460244363610000863	0100000075032715215LkCmtn93d6J3
000460244363610000863	0100000075032715215uW7o'W93uKHz
000460244363610000863	01000000750327152154ZCOUI93hnVD
000460244363610000863	0100000075032715215Gts7rg93UQlH
000460244363610000863	0100000075032715215IOln'K93ZZS6
000460244363610000863	0100000075032715215KamA:t93WNEB
000460244363610000863	0100000075032715215f5idqT93szIt
000460244363610000863	0100000075032715215%?szh>93yAKo
000460244363610000863	0100000075032715215ynOTfQ93PNzc
000460244363610000863	0100000075032715215_eIl)u936paE
000460244363610000863	0100000075032715215e!JTGh93mU4S
000460244363610000863	0100000075032715215?Y/*q593GvNS
000460244363610000872	0100000075032715215BMetfk933G83
000460244363610000872	0100000075032715215jpwzfa93AKmb
000460244363610000872	0100000075032715215_QivK'93j85A
000460244363610000872	0100000075032715215RHtJc'93yT7m
000460244363610000872	01000000750327152154PNdMh93Z1nm
000460244363610000872	0100000075032715215n'BRZO93fwl7
000460244363610000872	0100000075032715215a-ND;l93cDaW
000460244363610000872	0100000075032715215=)ppDo93L2wZ
000460244363610000872	0100000075032715215BYSg1p93b4e6
000460244363610000872	0100000075032715215PzVc*r935im1
000460244363610000872	0100000075032715215IBSr;X93yGY9
000460244363610000872	0100000075032715215qYcBXm93XHKw
000460244363610000872	0100000075032715215WA:I9m93ue1u
000460244363610000872	0100000075032715215igD;+O93/gyW
000460244363610000872	0100000075032715215jqvkP(93lwE4
000460244363610000872	0100000075032715215Q:KeQH93zTkg
000460244363610000872	0100000075032715215<eO.Ea93t+0k
000460244363610000872	0100000075032715215JR:?op937lt3
000460244363610000872	0100000075032715215kI3jVP93jeTO
000460244363610000872	0100000075032715215S-RGH+931/Sy
000460244363610000872	0100000075032715215MlAnCR93K4lH
000460244363610000872	0100000075032715215r(0,0.93f3hw
000460244363610000872	0100000075032715215'k"K5K93P7JU
000460244363610000872	0100000075032715215CU7btu93F3Td
000460244363610000881	0100000075032715215IjyXO>93xnp0
000460244363610000881	0100000075032715215FkFmzN93zsOV
000460244363610000881	0100000075032715215B4;2aL93xugK
000460244363610000881	0100000075032715215"cFZnZ936Dlq
000460244363610000881	0100000075032715215P+FuLJ93gP6z
000460244363610000881	0100000075032715215A.7QTH93s0D1
000460244363610000881	01000000750327152153SJuIf938PbY
000460244363610000881	01000000750327152159:?R4993QXEi
000460244363610000881	0100000075032715215(8f=Cs93Gasz
000460244363610000881	0100000075032715215EL'J:V93QxtV
000460244363610000881	0100000075032715215:j_(CO93fCdj
000460244363610000881	0100000075032715215NsYAI993OnUj
000460244363610000881	0100000075032715215MCW2.p93nDBp
000460244363610000881	0100000075032715215auBoLX93H7rr
000460244363610000881	0100000075032715215ZYta=-93+kY/
000460244363610000881	0100000075032715215"STk-K93i3u/
000460244363610000881	0100000075032715215jhWMFT93rveJ
000460244363610000881	0100000075032715215op2ahZ93tWd5
000460244363610000881	0100000075032715215yhzW,!93s/Gz
000460244363610000881	0100000075032715215SKFqLc930bql
000460244363610000881	0100000075032715215ODU7bo93KTMR
000460244363610000881	0100000075032715215h2lD3b93O0te
000460244363610000881	01000000750327152158Ohq+093m5q/
000460244363610000881	0100000075032715215oe<U*<93dCqW
000460244363610000890	0100000075032715215LbmE&t93zErg
000460244363610000890	0100000075032715215ituFlB93eOf9
000460244363610000890	01000000750327152156mLrof93Dysr
000460244363610000890	0100000075032715215JM>LD)93ZcOT
000460244363610000890	0100000075032715215H2Hnf<93wFxL
000460244363610000890	01000000750327152151lHSfs93d8Kk
000460244363610000890	0100000075032715215sUYPhN93+2cS
000460244363610000890	0100000075032715215V(JXh,93uALA
000460244363610000890	0100000075032715215KXCAGk93GgEx
000460244363610000890	0100000075032715215bLWIaD93KyWm
000460244363610000890	0100000075032715215iEe>oa93LjZe
000460244363610000890	0100000075032715215EOK>+V93Gan+
000460244363610000890	0100000075032715215*>nfSN93RFFN
000460244363610000890	01000000750327152157PqGQ)93t1PJ
000460244363610000890	01000000750327152155jDKjn93kSo6
000460244363610000890	0100000075032715215knA8*993Sc4e
000460244363610000890	0100000075032715215PW!IN*933xyx
000460244363610000890	0100000075032715215BeOaN%93G0t4
000460244363610000890	0100000075032715215_Pc'mi93sang
000460244363610000890	0100000075032715215pz>cuA93zNI1
000460244363610000890	0100000075032715215jl)1Nw93SvJA
000460244363610000890	0100000075032715215.XL;Ll937Bll
000460244363610000890	0100000075032715215hwCafC93T8zZ
000460244363610000890	0100000075032715215LgaS6v93X7cW
000460244363610000906	01000000750327152151fk-tn93NsMv
000460244363610000906	0100000075032715215TQmMJR93vAkU
000460244363610000906	0100000075032715215;dHYGK93x6f1
000460244363610000906	0100000075032715215sEK:zp93+eYV
000460244363610000906	0100000075032715215<M_YPb930htC
000460244363610000906	0100000075032715215EP-A+J93UIQ/
000460244363610000906	0100000075032715215_ACPTN93l4wc
000460244363610000906	0100000075032715215;B_-yc93vkdx
000460244363610000906	0100000075032715215Y7'LiD93i3Kd
000460244363610000906	01000000750327152152iaiY-93DtRu
000460244363610000906	0100000075032715215a?%TsJ938Gk0
000460244363610000906	0100000075032715215,g%RQC93sCtu
000460244363610000906	0100000075032715215s"ERBP931cZX
000460244363610000906	0100000075032715215JrWt,S93UXVB
000460244363610000906	01000000750327152150H*NSC93pfwk
000460244363610000906	0100000075032715215oY0HPg93EDIE
000460244363610000906	0100000075032715215ae5fnv93WuFE
000460244363610000906	0100000075032715215KjFUQj93yjHp
000460244363610000906	0100000075032715215?Dg&?d93PdWy
000460244363610000906	0100000075032715215z-lTjI93ozsZ
000460244363610000906	0100000075032715215ojLsCr93BPcL
000460244363610000906	0100000075032715215PyLpOf93CeVr
000460244363610000906	0100000075032715215<CoE?N937Sza
000460244363610000906	0100000075032715215_-KZS893Nfrc
000460244363610000915	0100000075032715215rxrcCX93AazX
000460244363610000915	0100000075032715215XqOQ%n93anQW
000460244363610000915	0100000075032715215Ua'FTY93sUMQ
000460244363610000915	0100000075032715215KS8plG93RPu9
000460244363610000915	0100000075032715215Q.C_ss93DN+k
000460244363610000915	0100000075032715215rINRK!93Nlu3
000460244363610000915	0100000075032715215.dWitD93SA6G
000460244363610000915	01000000750327152154TxSU"93YWOT
000460244363610000915	0100000075032715215kXD*m%93rqRK
000460244363610000915	0100000075032715215?aJJEr93LpR5
000460244363610000915	0100000075032715215ikCae'93IJIO
000460244363610000915	0100000075032715215hpCe"b936ERu
000460244363610000915	01000000750327152152DJ:!-93zzZ4
000460244363610000915	0100000075032715215(UsXsg93mQb2
000460244363610000915	0100000075032715215wiWv?993eM6f
000460244363610000915	0100000075032715215m?=jQ:93znQP
000460244363610000915	0100000075032715215mHFJDm93UINs
000460244363610000915	0100000075032715215b2/!I,93W2Wx
000460244363610000915	0100000075032715215PZKRb(93bo+6
000460244363610000915	0100000075032715215kZF0ei93I8Bj
000460244363610000915	0100000075032715215yog_es93+gvY
000460244363610000915	0100000075032715215E!eWx&93T5gj
000460244363610000915	0100000075032715215b2fs;W939tHJ
000460244363610000915	0100000075032715215qboYkG93mTIM
000460244363610000924	0100000075032715215JIRY1z93qn6M
000460244363610000924	0100000075032715215Ee.l=X93VtPO
000460244363610000924	0100000075032715215DxE,lY93Jzzc
000460244363610000924	01000000750327152155Nf+cv93qhCO
000460244363610000924	0100000075032715215YlOV-793NppA
000460244363610000924	0100000075032715215Dd=PcA93A97i
000460244363610000924	0100000075032715215DZYVdb93Owjd
000460244363610000924	0100000075032715215haB+SS93/2ae
000460244363610000924	0100000075032715215Hj>Na893NMcn
000460244363610000924	0100000075032715215H1STPW93QUtu
000460244363610000924	0100000075032715215DMevkB93fPk9
000460244363610000924	0100000075032715215O%Gil.936+aF
000460244363610000924	0100000075032715215soGPap93CnVT
000460244363610000924	0100000075032715215FjzntL93oFYs
000460244363610000924	0100000075032715215KJtQAn93GugE
000460244363610000924	0100000075032715215aD"edw93oVdv
000460244363610000924	0100000075032715215yhw'9A93q4hz
000460244363610000924	0100000075032715215jMpFP(93/V7B
000460244363610000924	0100000075032715215AR1Jo?93KlaJ
000460244363610000924	0100000075032715215m;GOKA932x+7
000460244363610000924	0100000075032715215iLhU-A938YzG
000460244363610000924	0100000075032715215l4Otih93PLN3
000460244363610000924	0100000075032715215%uFmyW93lB5q
000460244363610000924	0100000075032715215aQejH593y4RP
000460244363610000933	01000000750327152150?ZHka93Y3n2
000460244363610000933	0100000075032715215OUBlGH931TL1
000460244363610000933	01000000750327152152???s*93r3DZ
000460244363610000933	0100000075032715215)U/w8b93Q+Tp
000460244363610000933	0100000075032715215YYobrx93fC5F
000460244363610000933	0100000075032715215+lqKWp9307eu
000460244363610000933	0100000075032715215SlDOIp93PNzv
000460244363610000933	0100000075032715215H!OX+P93EzY5
000460244363610000933	0100000075032715215T_WYFM93Soda
000460244363610000933	0100000075032715215aZ12IR9345Md
000460244363610000933	0100000075032715215;kbVWU938MUE
000460244363610000933	0100000075032715215K'9!WU93qwWK
000460244363610000933	010000007503271521568aBcz93uRg4
000460244363610000933	0100000075032715215XLrlaT931iTq
000460244363610000933	0100000075032715215_hCbZb93I+YS
000460244363610000933	0100000075032715215CYs!qi93R3EH
000460244363610000933	0100000075032715215&iWukI93lr9Q
000460244363610000933	0100000075032715215FcYOU693tvZm
000460244363610000933	0100000075032715215Johwty93XN2o
000460244363610000933	0100000075032715215HdWjAR93NQHA
000460244363610000933	0100000075032715215F;zuvY93PYiG
000460244363610000933	0100000075032715215SGYd:<93tU7V
000460244363610000933	0100000075032715215aI%.5;93SagQ
000460244363610000933	0100000075032715215lk7"+H93wvPa
000460244363610000942	0100000075032715215peBE)o93rsui
000460244363610000942	0100000075032715215zWctQE9357S9
000460244363610000942	0100000075032715215EaFkdT93LxOZ
000460244363610000942	0100000075032715215BO"QQs93U9kb
000460244363610000942	0100000075032715215<Z_&HM93KMlZ
000460244363610000942	0100000075032715215VOz!wc93iTm9
000460244363610000942	0100000075032715215)'tKF<937GWa
000460244363610000942	0100000075032715215LGauYT933fZ4
000460244363610000942	0100000075032715215heMYOO93dkbJ
000460244363610000942	01000000750327152155XxqKc93GQmt
000460244363610000942	0100000075032715215RVhaKH93wXgj
000460244363610000942	0100000075032715215hapdI?93YIv2
000460244363610000942	0100000075032715215Cn?Cp993SNS0
000460244363610000942	0100000075032715215v>eAsg93f0qX
000460244363610000942	0100000075032715215GXHHgm935Qd4
000460244363610000942	0100000075032715215nCW!I,933cxq
000460244363610000942	0100000075032715215jtsCtO93AnRX
000460244363610000942	0100000075032715215vW(UPT93hTOk
000460244363610000942	0100000075032715215hXf4*y937x6U
000460244363610000942	0100000075032715215(,!lGF93JPuG
000460244363610000942	0100000075032715215Qv/cGg93L29l
000460244363610000942	0100000075032715215SiehMs93dJZe
000460244363610000942	0100000075032715215GZrVqk93OAyQ
000460244363610000942	0100000075032715215OUkOOn93ydih
000460244363610000951	0100000075032715215qtkS8U93J8FD
000460244363610000951	0100000075032715215NOD=RF93sGKG
000460244363610000951	0100000075032715215-ps1ge93Sez9
000460244363610000951	0100000075032715215;E?oUp93kqIm
000460244363610000951	01000000750327152158ZZVgx93P334
000460244363610000951	0100000075032715215l(wZOf934PTK
000460244363610000951	01000000750327152154uQ=IE93jGQg
000460244363610000951	0100000075032715215GZy0HT93sRLf
000460244363610000951	0100000075032715215Scg+aF93Kq37
000460244363610000951	0100000075032715215y(IuCk93khCJ
000460244363610000951	0100000075032715215IZGnhu93uB5F
000460244363610000951	0100000075032715215SGr0EO93Yrrf
000460244363610000951	0100000075032715215NCPOCy93tXe4
000460244363610000951	0100000075032715215sVHM'=93xWl6
000460244363610000951	0100000075032715215BpD:Vs93dxzB
000460244363610000951	0100000075032715215b/_*pG93dzbj
000460244363610000951	0100000075032715215<!c4fI93qyNZ
000460244363610000951	0100000075032715215T(goDV93ixsX
000460244363610000951	0100000075032715215Nqu<jH937zom
000460244363610000951	0100000075032715215S;Bb0I93uNsc
000460244363610000951	0100000075032715215FKvmDY93/LpB
000460244363610000951	0100000075032715215CcbPFC93mXTp
000460244363610000951	0100000075032715215aMjQEA93xpML
000460244363610000951	0100000075032715215!kQHAa934ZFD
000460244363610000960	0100000075032715215Q'aCZN93kCbd
000460244363610000960	0100000075032715215LgU_u893/Igy
000460244363610000960	0100000075032715215(u!WW.930wMv
000460244363610000960	0100000075032715215kNiVEf93h1Nn
000460244363610000960	0100000075032715215L%qRa193zgmL
000460244363610000960	0100000075032715215TYHtDe93gf3f
000460244363610000960	0100000075032715215qI9md793/C2C
000460244363610000960	0100000075032715215m_fIl*93XKvQ
000460244363610000960	0100000075032715215ruWPGR93Ai8l
000460244363610000960	0100000075032715215RRkgcQ9319v4
000460244363610000960	01000000750327152153WpsQ,93JKq6
000460244363610000960	0100000075032715215w9&snX93co6V
000460244363610000960	0100000075032715215o"=s-j934VoH
000460244363610000960	0100000075032715215;jP>ri93xJ2M
000460244363610000960	0100000075032715215o/fTkn93/8jN
000460244363610000960	0100000075032715215lB4taW93wD/u
000460244363610000960	0100000075032715215rUFG-k93OuSy
000460244363610000960	0100000075032715215Au!oCX93UTxQ
000460244363610000960	0100000075032715215t.al8I934XSO
000460244363610000960	0100000075032715215cljNAb93Ix9a
000460244363610000960	0100000075032715215Kb+UC&93mPUX
000460244363610000960	0100000075032715215DOdf&t93sgVT
000460244363610000960	0100000075032715215V4X.?J93W+qB
000460244363610000960	01000000750327152157nMkS*93q4vz
000460244363610000979	0100000075032715215OrEfpv93mHuv
000460244363610000979	0100000075032715215cZoKXr93kgNj
000460244363610000979	0100000075032715215X>_tMq93gSHd
000460244363610000979	0100000075032715215Z2GQ?/93psIu
000460244363610000979	0100000075032715215o'9Xb793FB3u
000460244363610000979	01000000750327152159Q6IBt93lM75
000460244363610000979	0100000075032715215H9*)X(93jA3/
000460244363610000979	0100000075032715215qfGzUU93McsR
000460244363610000979	0100000075032715215H9IF"f93ylva
000460244363610000979	0100000075032715215:Z6MDY93nllN
000460244363610000979	0100000075032715215QPlrVm93uzf3
000460244363610000979	01000000750327152158ECWSu93vFuk
000460244363610000979	0100000075032715215BDpY&T93kR7K
000460244363610000979	0100000075032715215HmhBq393iuj5
000460244363610000979	0100000075032715215HtGN2Z93G8Ny
000460244363610000979	0100000075032715215Jeh+j.93xrPK
000460244363610000979	0100000075032715215AhaK9x93YkfL
000460244363610000979	0100000075032715215iXDnuc939yvp
000460244363610000979	0100000075032715215PhKm>N93p/mm
000460244363610000979	0100000075032715215o5ZfRk93lOHj
000460244363610000979	0100000075032715215K*jY:k93Wd7U
000460244363610000979	0100000075032715215c!RSIK93RnVT
000460244363610000979	0100000075032715215<HFDK?93VwHZ
000460244363610000979	0100000075032715215Qpb?gJ93u1Jd
000460244363610000988	0100000075032715215LcgPdO93wUeI
000460244363610000988	0100000075032715215OEGrqJ93RtNs
000460244363610000988	0100000075032715215SC1iOv93Yb96
000460244363610000988	0100000075032715215jfhP)M93MCd8
000460244363610000988	0100000075032715215fgu&Fg93sIoi
000460244363610000988	0100000075032715215J/%Cy!933LSW
000460244363610000988	0100000075032715215!TM!mM93IZnv
000460244363610000988	0100000075032715215?d<H=B93q7tY
000460244363610000988	01000000750327152153V>r(I934SHS
000460244363610000988	0100000075032715215EfWaS393vgQ6
000460244363610000988	0100000075032715215+6mgNy931SfY
000460244363610000988	0100000075032715215OdrtOx93A1ZO
000460244363610000988	0100000075032715215WsVHRF93UDBy
000460244363610000988	0100000075032715215.n2qh693RrwE
000460244363610000988	0100000075032715215KS1JOE932wds
000460244363610000988	0100000075032715215azxhtj93fsLZ
000460244363610000988	0100000075032715215F*(mNY93hVNV
000460244363610000988	0100000075032715215cyD6*U93VtQ8
000460244363610000988	0100000075032715215MHMgQP93rHAZ
000460244363610000988	01000000750327152152fE;pU93pkIL
000460244363610000988	0100000075032715215KtMC=B93htJt
000460244363610000988	0100000075032715215i5'8m'93U9n0
000460244363610000988	0100000075032715215MD5prW93IeqI
000460244363610000988	0100000075032715215a1Z*rU93ZGqy
000460244363610000997	0100000075032715215gdGfJe93w3dS
000460244363610000997	0100000075032715215YrBiK593Q9ym
000460244363610000997	0100000075032715215cOoC8K93zR+C
000460244363610000997	0100000075032715215NpY1xT93wMFo
000460244363610000997	0100000075032715215W.CY&793H45G
000460244363610000997	0100000075032715215QZHVPV93C06z
000460244363610000997	0100000075032715215HYMtPp938NGQ
000460244363610000997	0100000075032715215"NMAha93RI9P
000460244363610000997	0100000075032715215XWdrVj93s7z/
000460244363610000997	0100000075032715215drOqvD93SGs7
000460244363610000997	0100000075032715215!ItTEa93APdd
000460244363610000997	0100000075032715215!i*%ga9309uV
000460244363610000997	0100000075032715215Scesfl93iAsB
000460244363610000997	0100000075032715215AoAUmn93Nx5S
000460244363610000997	0100000075032715215uUUJjp932VfH
000460244363610000997	0100000075032715215ZPtsJG93lGgn
000460244363610000997	0100000075032715215UJI_Md93kU5v
000460244363610000997	0100000075032715215u"B/Dz939bkB
000460244363610000997	0100000075032715215;d&5>f93qQZY
000460244363610000997	0100000075032715215lSDN2F93ediC
000460244363610000997	0100000075032715215n'oyFI93Mu6z
000460244363610000997	01000000750327152156/nnd(93c59H
000460244363610000997	0100000075032715215JBqISn93ioj+
000460244363610000997	0100000075032715215O;;X.n93EQFr
000460244363610001002	0100000075032715215)8grEf93cMJl
000460244363610001002	0100000075032715215wiJSGM93IlSy
000460244363610001002	0100000075032715215f=hV&093EXgm
000460244363610001002	0100000075032715215*eaqUS93wV6D
000460244363610001002	0100000075032715215DehqKY93U9y2
000460244363610001002	0100000075032715215%X%CxP93XzT/
000460244363610001002	0100000075032715215IQLYC*93TlyF
000460244363610001002	01000000750327152157g%3s)93ycFh
000460244363610001002	01000000750327152158GxSCm934mas
000460244363610001002	0100000075032715215RNg3EQ93wBXh
000460244363610001002	0100000075032715215gtOk9!93Fd2O
000460244363610001002	0100000075032715215WVXXg.9341tQ
000460244363610001002	0100000075032715215BZgdpm93p8Kr
000460244363610001002	0100000075032715215D(k8hz93VrOD
000460244363610001002	0100000075032715215s5,71S93PHzm
000460244363610001002	0100000075032715215J,Hxc"931xWJ
000460244363610001002	0100000075032715215**qcKi93ZAZH
000460244363610001002	0100000075032715215xBlaY293THiF
000460244363610001002	0100000075032715215xbul>h93vPtt
000460244363610001002	0100000075032715215b<OE.b93cND7
000460244363610001002	0100000075032715215PkPshW93mFra
000460244363610001002	0100000075032715215HuN'<.93Ai3B
000460244363610001002	0100000075032715215V?c?5n93vztl
000460244363610001002	01000000750327152154Sj46&93gOe9
000460244363610001011	0100000075032715215EKh*V193f8hO
000460244363610001011	0100000075032715215cYje%d93uysh
000460244363610001011	0100000075032715215t7>BB393eNeR
000460244363610001011	0100000075032715215c0EOOg93OC6O
000460244363610001011	0100000075032715215Kp3saG93lMgr
000460244363610001011	0100000075032715215sC8GmU93Jy0B
000460244363610001011	0100000075032715215YhV3"!93CHHG
000460244363610001011	0100000075032715215ZBhV%693Yd1I
000460244363610001011	0100000075032715215rImYPf93VL4q
000460244363610001011	0100000075032715215fLRrEo93PDCt
000460244363610001011	0100000075032715215i3EX7Q93Zh0X
000460244363610001011	0100000075032715215;ULzL+93Seb1
000460244363610001011	0100000075032715215WeLZr593LddA
000460244363610001011	0100000075032715215dhy0QQ93TOUb
000460244363610001011	0100000075032715215qfK>0g93flNh
000460244363610001011	0100000075032715215Z7j'vq93h1eN
000460244363610001011	0100000075032715215CQ(0Fl93pddm
000460244363610001011	01000000750327152152wC1Rh93i3//
000460244363610001011	0100000075032715215'Qb!cE93e9Se
000460244363610001011	010000007503271521514JAUR938+M+
000460244363610001011	0100000075032715215VEd_0q930qQV
000460244363610001011	0100000075032715215Cv"L7R93Ard0
000460244363610001011	0100000075032715215dqmHkF93TFWS
000460244363610001011	0100000075032715215tgBaFI930UG9
000460244363610001020	0100000075032715215X"_1RB93afoN
000460244363610001020	0100000075032715215PiK*<D93QzPf
000460244363610001020	0100000075032715215L,vp6B93tVgi
000460244363610001020	0100000075032715215gA%2sm93r/g/
000460244363610001020	0100000075032715215,W5*ht93XKFn
000460244363610001020	0100000075032715215zWT.x*93SjO9
000460244363610001020	0100000075032715215jGM>Qp93gVaR
000460244363610001020	0100000075032715215NGsfXX93zVeS
000460244363610001020	0100000075032715215kj-Ao>93updA
000460244363610001020	0100000075032715215cADq(h93Tr9Z
000460244363610001020	0100000075032715215cjWq?g93yEXI
000460244363610001020	0100000075032715215!WsRX"93EKgs
000460244363610001020	0100000075032715215aR&QQf93GUuj
000460244363610001020	0100000075032715215<)XOPA93foTP
000460244363610001020	0100000075032715215=gg;!793A0T9
000460244363610001020	0100000075032715215jNuBRQ93Sjn7
000460244363610001020	0100000075032715215gI.J&"932X1q
000460244363610001020	0100000075032715215I_g1Vp93DtQy
000460244363610001020	0100000075032715215tzsl!b938NLI
000460244363610001020	0100000075032715215KRp/sN93aBHa
000460244363610001020	0100000075032715215gP>I,e93MYKr
000460244363610001020	0100000075032715215Z-oOLA934Ut1
000460244363610001020	0100000075032715215%iksJJ93ZzqB
000460244363610001020	0100000075032715215R,J9yE931Dd1
000460244363610001039	0100000075032715215HSY3MC93opmh
000460244363610001039	0100000075032715215TDzx?493qsM9
000460244363610001039	0100000075032715215D2wm4i93tM74
000460244363610001039	0100000075032715215CUtgVI93Hz38
000460244363610001039	0100000075032715215YrG8Pm931M2P
000460244363610001039	0100000075032715215Y_lo(M9374La
000460244363610001039	0100000075032715215Ja-ixY93cf4y
000460244363610001039	01000000750327152153>j7LV93kEOX
000460244363610001039	0100000075032715215K*;iSL933Ujr
000460244363610001039	0100000075032715215pMt-Tl93B4L5
000460244363610001039	01000000750327152151MF.Sp93crm8
000460244363610001039	0100000075032715215UgjOW,93IcPT
000460244363610001039	0100000075032715215MLoCB593cm19
000460244363610001039	0100000075032715215BxuLNF93dxUF
000460244363610001039	0100000075032715215bZtG?m93kOsx
000460244363610001039	0100000075032715215qpllqh93NbZG
000460244363610001039	0100000075032715215nz!*!l93iXpq
000460244363610001039	0100000075032715215oMxCOf93T5dT
000460244363610001039	0100000075032715215UEHCie93Yhkk
000460244363610001039	0100000075032715215XRMNQt934jh/
000460244363610001039	01000000750327152153JLilr93cEwN
000460244363610001039	0100000075032715215j>i+0I93viPU
000460244363610001039	0100000075032715215CFt8cX933liB
000460244363610001039	0100000075032715215gjmscz93SnGq
000460244363610001048	0100000075032715215I0cJhy93meVs
000460244363610001048	0100000075032715215MsxE1i93QPCL
000460244363610001048	0100000075032715215*(.:Zm93Fh68
000460244363610001048	0100000075032715215bDKN=>93iRrm
000460244363610001048	01000000750327152154f8Tiv93V4jW
000460244363610001048	0100000075032715215wFFINw93E4da
000460244363610001048	0100000075032715215Iv3B+Y93F6cw
000460244363610001048	0100000075032715215&r<nQ,93oBUg
000460244363610001048	0100000075032715215HtwQ)f93Ze3h
000460244363610001048	0100000075032715215qbSmCi93Sjxt
000460244363610001048	0100000075032715215"EUZ*)93GyM5
000460244363610001048	0100000075032715215nEFOL>93mHdM
000460244363610001048	0100000075032715215n7":hq935KQu
000460244363610001048	0100000075032715215;diE6n93OEl9
000460244363610001048	0100000075032715215?CdXgD934Raa
000460244363610001048	01000000750327152153dUNa293MBQE
000460244363610001048	0100000075032715215vLag!d93reD+
000460244363610001048	0100000075032715215ctVMnP93nwBq
000460244363610001048	0100000075032715215Ir),iV93/EP8
000460244363610001048	0100000075032715215KsJBf193amPZ
000460244363610001048	01000000750327152151Bd9NV93LFGE
000460244363610001048	0100000075032715215IXCEZq939OYW
000460244363610001048	0100000075032715215dDRYpU93BA+b
000460244363610001048	0100000075032715215jW;sLS93ekVe
000460244363610001057	0100000075032715215yFufZj93UO/r
000460244363610001057	0100000075032715215NLY9o(93a7w9
000460244363610001057	0100000075032715215qLk6ac93oZhr
000460244363610001057	0100000075032715215q5k3U>93OzmB
000460244363610001057	0100000075032715215XeSono937LUH
000460244363610001057	0100000075032715215OHdQ_-93Evc1
000460244363610001057	0100000075032715215kX6ri2930WsJ
000460244363610001057	0100000075032715215Th;,2X93Y0xy
000460244363610001057	0100000075032715215v'FnAU93Ye0j
000460244363610001057	0100000075032715215)pkvUY93c2s9
000460244363610001057	0100000075032715215ziee)h93sC3f
000460244363610001057	0100000075032715215SL2G6+93hD0J
000460244363610001057	0100000075032715215IFRk>q938zw1
000460244363610001057	01000000750327152157BV0QA935A/B
000460244363610001057	0100000075032715215z86lB<93UC3k
000460244363610001057	0100000075032715215Tenb>u93btq9
000460244363610001057	0100000075032715215ZI?Rm&93Ggey
000460244363610001057	0100000075032715215ekAj)F93jdbA
000460244363610001057	0100000075032715215nVqgi693fRzb
000460244363610001057	01000000750327152158YFejn93V6/7
000460244363610001057	0100000075032715215PZhr!K93VJXR
000460244363610001057	0100000075032715215NsmRn;93p5Nw
000460244363610001057	0100000075032715215UkcHmf93c1Wq
000460244363610001057	0100000075032715215MN;Z'/93kzGt
000460244363610001066	0100000075032715215l,"oVf93x+KU
000460244363610001066	0100000075032715215uCrcrP93dQWg
000460244363610001066	0100000075032715215N)Ooox93K4Un
000460244363610001066	0100000075032715215lF&F6L93B57V
000460244363610001066	0100000075032715215!xOSkb9300DY
000460244363610001066	0100000075032715215:ERTGZ93s3dT
000460244363610001066	0100000075032715215SOnSse93nEGu
000460244363610001066	0100000075032715215sCyPD493pXQq
000460244363610001066	01000000750327152151j5Pn"9357ew
000460244363610001066	0100000075032715215gov'6E93IZvy
000460244363610001066	0100000075032715215fOTKy?93cmYH
000460244363610001066	01000000750327152152'2h-m93qbzh
000460244363610001066	0100000075032715215pQTAnx93CpzF
000460244363610001066	01000000750327152152MPn3=93RxLf
000460244363610001066	0100000075032715215MhK7E"93cx99
000460244363610001066	0100000075032715215?5NfRa93/RHz
000460244363610001066	0100000075032715215N:>2oB93TFNh
000460244363610001066	0100000075032715215RCi:BC93YUf1
000460244363610001066	0100000075032715215vsgDYh93x4BU
000460244363610001066	0100000075032715215);V+UL93vTru
000460244363610001066	0100000075032715215dhWD%)9306O9
000460244363610001066	0100000075032715215ILB(Xz93MEt4
000460244363610001066	0100000075032715215T+:Hf_9322CA
000460244363610001066	0100000075032715215,W!;j493czNX
000460244363610001075	0100000075032715215sQPeEe93YJ40
000460244363610001075	0100000075032715215n6x0E293nn9L
000460244363610001075	0100000075032715215rfyhpy93bOSU
000460244363610001075	0100000075032715215I&_NJT93eML1
000460244363610001075	0100000075032715215eg<Mk*93mjvX
000460244363610001075	0100000075032715215Br_dC/93i/jn
000460244363610001075	0100000075032715215Fbd68S93iCS4
000460244363610001075	01000000750327152156bPAVQ93SmI0
000460244363610001075	01000000750327152152NlY%793vy8K
000460244363610001075	01000000750327152159tcZFb93Ip4m
000460244363610001075	0100000075032715215XRe5NT93X3EU
000460244363610001075	0100000075032715215UVetUL93fN/8
000460244363610001075	0100000075032715215tikEq-93dRdw
000460244363610001075	0100000075032715215ParjRO934GRQ
000460244363610001075	01000000750327152154GwBFC93yWZF
000460244363610001075	0100000075032715215cabJTs93NzMT
000460244363610001075	0100000075032715215qlp+pW93RWzm
000460244363610001075	0100000075032715215kUjwB(935/oC
000460244363610001075	0100000075032715215NbU_0493qqfZ
000460244363610001075	0100000075032715215,RDDrS938C/Z
000460244363610001075	0100000075032715215Mi;Ghp93DnzG
000460244363610001075	0100000075032715215a/N<pP93eBl5
000460244363610001075	0100000075032715215RJR&:t93z1Dd
000460244363610001075	0100000075032715215mq=FWe938zya
000460244363610001084	0100000075032715215bujS>C93eWI1
000460244363610001084	0100000075032715215R)Y!Lh93LBbZ
000460244363610001084	0100000075032715215t3/Xg,93+5C7
000460244363610001084	0100000075032715215;8Jsy)93uUyR
000460244363610001084	0100000075032715215.,KVLe93Fwgb
000460244363610001084	0100000075032715215ZqL/Rr93Urhk
000460244363610001084	0100000075032715215(fMZ>N932R/Z
000460244363610001084	0100000075032715215WQUsxJ93gt1j
000460244363610001084	01000000750327152155UMLLv93AW6I
000460244363610001084	0100000075032715215mFKbhr93uMt5
000460244363610001084	0100000075032715215ku0KGo93Twlx
000460244363610001084	0100000075032715215qzrtoO93cmBk
000460244363610001084	0100000075032715215*m*WOH93HKDf
000460244363610001084	0100000075032715215Og_agu93Z8KJ
000460244363610001084	0100000075032715215S.P(/R93nhVU
000460244363610001084	0100000075032715215Ae!khm933YHE
000460244363610001084	0100000075032715215ySELo!935U57
000460244363610001084	0100000075032715215n_g&/d930WQF
000460244363610001084	0100000075032715215UWlnpt939UTD
000460244363610001084	0100000075032715215r/t,JG93Q5cB
000460244363610001084	01000000750327152153JhgI'93a7iO
000460244363610001084	0100000075032715215fqjsTb93RfOy
000460244363610001084	0100000075032715215jiPscY93LGQe
000460244363610001084	0100000075032715215%KYax993TeH/
000460244363610001093	0100000075032715215mAhbxl939OAL
000460244363610001093	0100000075032715215xjvn5c93s1rD
000460244363610001093	0100000075032715215aEbIdo9391IV
000460244363610001093	0100000075032715215BSYzqi932OKT
000460244363610001093	0100000075032715215Nru%>F93M3dN
000460244363610001093	0100000075032715215>.ch(I937Dpj
000460244363610001093	0100000075032715215S5cWK/93RQvY
000460244363610001093	0100000075032715215c&r;Dq93BKtm
000460244363610001093	0100000075032715215FmRecN93bk89
000460244363610001093	0100000075032715215yFk<;-93d0hf
000460244363610001093	0100000075032715215)MW-Yk93EATc
000460244363610001093	0100000075032715215=FoiyJ93HOz6
000460244363610001093	0100000075032715215;MNGi"93d65p
000460244363610001093	0100000075032715215Ghtpjo93shhr
000460244363610001093	0100000075032715215"<PaTb937OqZ
000460244363610001093	0100000075032715215IfugD593QK8b
000460244363610001093	0100000075032715215dtCJ0s93t+la
000460244363610001093	0100000075032715215rK(jMh934RHN
000460244363610001093	010000007503271521500eOKE93wO9M
000460244363610001093	0100000075032715215XOMl"n93evuM
000460244363610001093	0100000075032715215oduKYa93fIQu
000460244363610001093	0100000075032715215QFecAH93wdb/
000460244363610001093	0100000075032715215w':BJw93MpUQ
000460244363610001093	0100000075032715215:j5"-n939YFD
000460244363610001109	0100000075032715215ry7>Q&93PksE
000460244363610001109	0100000075032715215mP4*He9318c5
000460244363610001109	0100000075032715215asMfdA93qGur
000460244363610001109	01000000750327152156u"DPW933ETO
000460244363610001109	0100000075032715215UPyyCs93Z2Pb
000460244363610001109	0100000075032715215'n5DuD93Bqzh
000460244363610001109	01000000750327152151T*oXX934k+B
000460244363610001109	01000000750327152150gz=JN93M77e
000460244363610001109	01000000750327152159Weo-)93JmBa
000460244363610001109	0100000075032715215XVIZtd93CnYH
000460244363610001109	0100000075032715215*M%q),937U83
000460244363610001109	0100000075032715215S0*rBS93mzYL
000460244363610001109	0100000075032715215OK)Adg93cMAX
000460244363610001109	010000007503271521574C<?_93hxfu
000460244363610001109	0100000075032715215xmkIYe93zjWt
000460244363610001109	0100000075032715215ERhVoI93DnIU
000460244363610001109	0100000075032715215JWlQV293lzDE
000460244363610001109	0100000075032715215eteIUJ93VScn
000460244363610001109	0100000075032715215,6VQo393lfJu
000460244363610001109	0100000075032715215wcY9lw93Ok94
000460244363610001109	0100000075032715215iFj(%U93i0N0
000460244363610001109	01000000750327152152B-/wh934If8
000460244363610001109	0100000075032715215FNZ-sD93+aTs
000460244363610001109	0100000075032715215aVDfMI93M72E
000460244363610001118	0100000075032715215NONH'D93ab9B
000460244363610001118	0100000075032715215tn%-XU93oDqg
000460244363610001118	0100000075032715215rZ,zsD93h+9Z
000460244363610001118	0100000075032715215+.sv,.93aNvo
000460244363610001118	0100000075032715215lbEEgl931MWV
000460244363610001118	0100000075032715215dEl,RL93QxZ2
000460244363610001118	0100000075032715215CJp(;R93N63v
000460244363610001118	0100000075032715215G0vw8Y93tjL+
000460244363610001118	0100000075032715215xsotcs93dbKK
000460244363610001118	0100000075032715215i66-!;93YBws
000460244363610001118	0100000075032715215)N)m&O93C3JK
000460244363610001118	0100000075032715215EXB<CJ93C+4l
000460244363610001118	0100000075032715215urBuL=93sUNm
000460244363610001118	0100000075032715215Mpap.S93V6r6
000460244363610001118	0100000075032715215IHdSVS93JR+6
000460244363610001118	0100000075032715215I)Htz!93xY7B
000460244363610001118	0100000075032715215E:CG%t93Zle7
000460244363610001118	0100000075032715215_jPiIF93ra9l
000460244363610001118	0100000075032715215lDDrXM93+W5m
000460244363610001118	0100000075032715215e7n=ns93aqO0
000460244363610001118	0100000075032715215YhSCop93xHQL
000460244363610001118	0100000075032715215qLM(CC93wnGX
000460244363610001118	0100000075032715215T=OiuW935JMn
000460244363610001118	0100000075032715215XG(FjL930YTH
000460244363610001127	0100000075032715215M&hlH"931ONN
000460244363610001127	0100000075032715215UXmSuC93GbTX
000460244363610001127	0100000075032715215kP"1jL93jcnA
000460244363610001127	0100000075032715215BWdUCX93yJ7n
000460244363610001127	0100000075032715215pGOE?&93uJJ9
000460244363610001127	0100000075032715215QXooil93UWmt
000460244363610001127	010000007503271521533mOWC936THM
000460244363610001127	0100000075032715215t*W&VY93POLZ
000460244363610001127	0100000075032715215CrRlwn93sUwJ
000460244363610001127	0100000075032715215XTZvj(93xJdt
000460244363610001127	0100000075032715215Lj+?m-93WJbv
000460244363610001127	0100000075032715215atfb'j933bjH
000460244363610001127	01000000750327152157n+pE693AQOX
000460244363610001127	0100000075032715215b.r7OH93sOr1
000460244363610001127	0100000075032715215sErWHn93BFqZ
000460244363610001127	0100000075032715215A!QeVa93uQnn
000460244363610001127	0100000075032715215W+!nj'93cc3E
000460244363610001127	0100000075032715215PrHLy"939Ptj
000460244363610001127	0100000075032715215&1kd-!93SCei
000460244363610001127	0100000075032715215SZYmSB93iCNt
000460244363610001127	0100000075032715215BAr:G<93R6gJ
000460244363610001127	0100000075032715215l*QjWj93Lcw5
000460244363610001127	0100000075032715215hRbJIt93oOcN
000460244363610001127	0100000075032715215rh9JWU93CFxO
000460244363610001136	0100000075032715215PTMlUb93xxM+
000460244363610001136	0100000075032715215Di!KwQ93QrN3
000460244363610001136	0100000075032715215G)*giA93hUDe
000460244363610001136	0100000075032715215:y"99S932uFQ
000460244363610001136	0100000075032715215X,k85a93BQaW
000460244363610001136	0100000075032715215eOJ-O&93dZVN
000460244363610001136	0100000075032715215o(hWe993VhYf
000460244363610001136	0100000075032715215TlWF,893b+Wu
000460244363610001136	0100000075032715215blTSOy93/91+
000460244363610001136	0100000075032715215kyoQzX93IeN7
000460244363610001136	0100000075032715215AAl3tI93cCZT
000460244363610001136	0100000075032715215ugRkTB933woC
000460244363610001136	0100000075032715215Z>+Q&o93epRJ
000460244363610001136	0100000075032715215U*>CK893M2ji
000460244363610001136	0100000075032715215ihXjAN93BIyg
000460244363610001136	0100000075032715215PXHtBs93pGfs
000460244363610001136	0100000075032715215pV:yhN93Ut+D
000460244363610001136	0100000075032715215cyPO9n937nVY
000460244363610001136	0100000075032715215BgC,pX93qlJm
000460244363610001136	01000000750327152155XBBkq93f6eF
000460244363610001136	0100000075032715215_OPOdf93yMPH
000460244363610001136	0100000075032715215D9OZ1g93OGS8
000460244363610001136	0100000075032715215B)GrH*93TxcH
000460244363610001136	0100000075032715215Mgxw-193/1Sz
000460244363610001145	0100000075032715215gMJJF-93r2Dg
000460244363610001145	0100000075032715215LffweS93t3sT
000460244363610001145	0100000075032715215uZ4AvV93fqRp
000460244363610001145	0100000075032715215LD+Ju%93P2ik
000460244363610001145	0100000075032715215(xDItK93B7T8
000460244363610001145	0100000075032715215Zsavfu93w0zW
000460244363610001145	0100000075032715215eYHKTa93lx7h
000460244363610001145	0100000075032715215cRUGpP93sYtG
000460244363610001145	0100000075032715215tp6/Hv93hpm4
000460244363610001145	0100000075032715215hOJ3mI93UbT/
000460244363610001145	0100000075032715215.Bj>WA93O6ti
000460244363610001145	0100000075032715215hoVZuE93hPGp
000460244363610001145	0100000075032715215Nl+eWi935S/1
000460244363610001145	0100000075032715215?8U&rE93dSeJ
000460244363610001145	0100000075032715215'L_?dN93N3gM
000460244363610001145	0100000075032715215jz_MLo93Tu2q
000460244363610001145	0100000075032715215NimA0K934AKN
000460244363610001145	0100000075032715215,JH1W)93nWqb
000460244363610001145	0100000075032715215TS)B7793TbJ3
000460244363610001145	0100000075032715215fUp?9&93ITKj
000460244363610001145	0100000075032715215y<96BW93tGyu
000460244363610001145	0100000075032715215PrS&cT934IAt
000460244363610001145	0100000075032715215EtNIBm93gEb+
000460244363610001145	0100000075032715215UJnh%,93SzYO
000460244363610001154	01000000750327152155HYJ0m937XIT
000460244363610001154	0100000075032715215afh;w"93pl8j
000460244363610001154	0100000075032715215?lIIHK93aIb4
000460244363610001154	0100000075032715215r>eAsV93MaQm
000460244363610001154	0100000075032715215M'h,-093mp2g
000460244363610001154	01000000750327152156eqpMM93blsn
000460244363610001154	0100000075032715215yjuwm993OS4t
000460244363610001154	0100000075032715215Q?kVnQ93zt0B
000460244363610001154	0100000075032715215NjiLcm93F18k
000460244363610001154	0100000075032715215;DQQ2)93gdU0
000460244363610001154	0100000075032715215EIpj-(93zfrM
000460244363610001154	0100000075032715215tlMBEp937sMB
000460244363610001154	0100000075032715215/m;7GS93tyRm
000460244363610001154	0100000075032715215UlA:F>93fa+H
000460244363610001154	0100000075032715215Bb,AuU93Wcj6
000460244363610001154	01000000750327152157-OD,p93cV39
000460244363610001154	01000000750327152159mgMEE93jAGS
000460244363610001154	01000000750327152150%sK!g93eS1V
000460244363610001154	0100000075032715215.)Hka'93GtWw
000460244363610001154	0100000075032715215Kv&0ML93OYCn
000460244363610001154	0100000075032715215jTcOs493gVbs
000460244363610001154	0100000075032715215O&.S.n93NucR
000460244363610001154	0100000075032715215TYEVaC93/ckH
000460244363610001154	01000000750327152154KJYQT93NueI
000460244363610001163	0100000075032715215l_YQh?93zl3h
000460244363610001163	0100000075032715215w-.Oav93g4gb
000460244363610001163	0100000075032715215goxS0E938Jp8
000460244363610001163	0100000075032715215FO.1Il93KrYF
000460244363610001163	0100000075032715215)iHS="936NFn
000460244363610001163	0100000075032715215-eogXc93lpxa
000460244363610001163	0100000075032715215ZFEa<'933yeE
000460244363610001163	0100000075032715215Z)e,2O939QGT
000460244363610001163	01000000750327152156GSm?Z93O6xy
000460244363610001163	0100000075032715215HSELd893B4wa
000460244363610001163	0100000075032715215+fqesd93Ksvz
000460244363610001163	0100000075032715215.cqmsP930EWK
000460244363610001163	0100000075032715215Gdasdb93so8z
000460244363610001163	0100000075032715215v(d(3*936uGF
000460244363610001163	0100000075032715215+TGQ*X93sxY5
000460244363610001163	0100000075032715215,NtaAt93le+I
000460244363610001163	0100000075032715215YCoiIT93X0Pn
000460244363610001163	0100000075032715215bEEMTo93uKF4
000460244363610001163	0100000075032715215VGdtvI93Dcvp
000460244363610001163	0100000075032715215?t1o'c93LFak
000460244363610001163	0100000075032715215iO=pl,93X7GI
000460244363610001163	01000000750327152158P<L6=93fr1E
000460244363610001163	0100000075032715215FofEnB93YrsK
000460244363610001163	0100000075032715215ltJHpI936sL9
000460244363610001172	0100000075032715215(PgqDZ930A8l
000460244363610001172	0100000075032715215<er+c093SigM
000460244363610001172	01000000750327152152b;UHi93Vcsp
000460244363610001172	0100000075032715215'NfPkN93u2nK
000460244363610001172	0100000075032715215tdsto=93PhTr
000460244363610001172	0100000075032715215oW9M4q93AlNF
000460244363610001172	0100000075032715215;cLXs793yoim
000460244363610001172	0100000075032715215c">"UX93zI/f
000460244363610001172	0100000075032715215MCR3=W93a/Hv
000460244363610001172	0100000075032715215fWG0cM93gHYC
000460244363610001172	0100000075032715215UCmUB/93qAd0
000460244363610001172	0100000075032715215UGkcgG93U/pE
000460244363610001172	0100000075032715215bhVyoM93RnTB
000460244363610001172	0100000075032715215CL'Gew93B4jg
000460244363610001172	0100000075032715215oyK7VJ93BHgT
000460244363610001172	0100000075032715215cCYrDS93ySF3
000460244363610001172	0100000075032715215Q3TGZK93gcjC
000460244363610001172	0100000075032715215hRy)Tx93RANg
000460244363610001172	0100000075032715215PxORH=93b4H3
000460244363610001172	0100000075032715215*:qGGp93ETu5
000460244363610001172	0100000075032715215Bkrai,93bymT
000460244363610001172	0100000075032715215iti*Mo93eUYI
000460244363610001172	0100000075032715215V3T:gs93pHlU
000460244363610001172	0100000075032715215ECPN?i93W2Zh
000460244363610001181	01000000750327152153sfDa/93FMlN
000460244363610001181	0100000075032715215vkrZnn93iZMj
000460244363610001181	0100000075032715215Hq3BfI93GmA6
000460244363610001181	0100000075032715215YYa)kx93aZC9
000460244363610001181	0100000075032715215ciymZb93pl5s
000460244363610001181	0100000075032715215TPZ,JL93Lj65
000460244363610001181	0100000075032715215=GbRri93uEBP
000460244363610001181	0100000075032715215pCB/6%93fxc5
000460244363610001181	0100000075032715215BrF!To93YTaG
000460244363610001181	0100000075032715215Yut5ay939V93
000460244363610001181	0100000075032715215ll-;H493QTcU
000460244363610001181	0100000075032715215WNyaoU93lqi9
000460244363610001181	01000000750327152157YKZsW936iR/
000460244363610001181	0100000075032715215R8aatl938++B
000460244363610001181	0100000075032715215%N8gX*93b3EL
000460244363610001181	0100000075032715215>:fGAk934Po4
000460244363610001181	0100000075032715215,DELYO93V0Xf
000460244363610001181	0100000075032715215uP-XIk930Bl9
000460244363610001181	0100000075032715215ueLXJk93T1LA
000460244363610001181	0100000075032715215cfUyYr93BHnK
000460244363610001181	0100000075032715215FOLc)(93f+8y
000460244363610001181	01000000750327152157F30qN937hpe
000460244363610001181	0100000075032715215gbKGlV93HvDu
000460244363610001181	0100000075032715215avg3Wq93igXX
000460244363610001190	01000000750327152153IMagk932gTc
000460244363610001190	0100000075032715215gmoTT293ZEw1
000460244363610001190	0100000075032715215'*Rjmt93WDKr
000460244363610001190	0100000075032715215Ift&Cu93dpm3
000460244363610001190	0100000075032715215RPNZMr938/vv
000460244363610001190	0100000075032715215jcsoAe93E0sb
000460244363610001190	0100000075032715215a8A6VD93y5wy
000460244363610001190	0100000075032715215z=JPuJ93O7O8
000460244363610001190	0100000075032715215dBghe!93H/8l
000460244363610001190	0100000075032715215cboh/C93Erxb
000460244363610001190	0100000075032715215fb"Hbh930Zwh
000460244363610001190	0100000075032715215LClN1x93aW4V
000460244363610001190	0100000075032715215l3jITC93ua2r
000460244363610001190	0100000075032715215GMWfQg93+SoX
000460244363610001190	01000000750327152155fzubE93wpbA
000460244363610001190	0100000075032715215*fpqSd93Lqjw
000460244363610001190	01000000750327152155f(GlN93GBZW
000460244363610001190	0100000075032715215jyG",q93q1Oy
000460244363610001190	0100000075032715215JEeBZM9380mO
000460244363610001190	0100000075032715215q5Izl193s8Kw
000460244363610001190	0100000075032715215,XDgIQ93oPRt
000460244363610001190	0100000075032715215d.)lNX93cTKU
000460244363610001190	0100000075032715215J:CO:C936sRG
000460244363610001190	0100000075032715215Ghw4!g93mbmb
000460244363610001206	0100000075032715215'XUTl;93n943
000460244363610001206	0100000075032715215hL>TjQ93YboH
000460244363610001206	0100000075032715215wkStCX93Mk2r
000460244363610001206	0100000075032715215F:aQRJ93eqr1
000460244363610001206	0100000075032715215;r1iHf93oMZn
000460244363610001206	0100000075032715215&jNkJc93LXaw
000460244363610001206	010000007503271521513&jX:93Giou
000460244363610001206	01000000750327152157cnAdi93g3D9
000460244363610001206	0100000075032715215lgOWA5933Z5z
000460244363610001206	0100000075032715215nois"M93UU7k
000460244363610001206	0100000075032715215si*BRi93pHYO
000460244363610001206	0100000075032715215Nl4dgN93WH9/
000460244363610001206	0100000075032715215Mhi=lh93CxUc
000460244363610001206	0100000075032715215h:lhm?93vBzC
000460244363610001206	01000000750327152157TaW8B93yxKt
000460244363610001206	0100000075032715215Vi?GPs93KI76
000460244363610001206	0100000075032715215:GcKV,93M1KU
000460244363610001206	0100000075032715215Ot=HaU93o1cT
000460244363610001206	0100000075032715215LYWd_093Kjx/
000460244363610001206	0100000075032715215dLu:pc93XQVq
000460244363610001206	0100000075032715215jkkhEq93wyiH
000460244363610001206	0100000075032715215rnEab.93DSXg
000460244363610001206	0100000075032715215dTaxTY93ND0U
000460244363610001206	0100000075032715215cRStzU93WeKJ
000460244363610001215	0100000075032715215?mfSkK93OqKf
000460244363610001215	0100000075032715215zI.M>v93ozBs
000460244363610001215	0100000075032715215D6igsr932uY6
000460244363610001215	0100000075032715215*=oiPM938/mk
000460244363610001215	0100000075032715215=p'Xql93DyIn
000460244363610001215	0100000075032715215HMkKaE930oZG
000460244363610001215	0100000075032715215jdr50R93xaNC
000460244363610001215	0100000075032715215jwKFIo93P+Tz
000460244363610001215	0100000075032715215zISdhd93pjBb
000460244363610001215	0100000075032715215z;mZlt93GN3w
000460244363610001215	0100000075032715215I=IGiH93FZNE
000460244363610001215	0100000075032715215faqZE>93CCsW
000460244363610001215	0100000075032715215dsDEe193RIG+
000460244363610001215	0100000075032715215%prHKS93tEyq
000460244363610001215	01000000750327152154ANzWP93RM/F
000460244363610001215	0100000075032715215VhNQBB93mPvd
000460244363610001215	0100000075032715215n;;fTd939yZD
000460244363610001215	0100000075032715215yCUYOF93nLiD
000460244363610001215	0100000075032715215)cZqkm93Lc/T
000460244363610001215	0100000075032715215DBBEMg93OmIk
000460244363610001215	0100000075032715215WkZ<ja93pqIy
000460244363610001215	0100000075032715215rimEeJ93IUZn
000460244363610001215	0100000075032715215HJDwgB93xRb/
000460244363610001215	0100000075032715215<Cfcp?93hE3b
000460244363610001224	0100000075032715215PHe2/e93LaTX
000460244363610001224	0100000075032715215N)014%93kcnk
000460244363610001224	0100000075032715215MZeQSl93foio
000460244363610001224	0100000075032715215W_%98V93i6eB
000460244363610001224	0100000075032715215?pq+vW93hWlu
000460244363610001224	0100000075032715215.Atna793ZJGI
000460244363610001224	0100000075032715215UTRkqp93JfSJ
000460244363610001224	0100000075032715215FBlSvQ93ws1S
000460244363610001224	0100000075032715215Zqt+Rw93dwe5
000460244363610001224	0100000075032715215q0EovK93a4eG
000460244363610001224	0100000075032715215ZAn2Ij93OKHf
000460244363610001224	0100000075032715215u_LvWc93SWcE
000460244363610001224	0100000075032715215qZd3XZ93SiJl
000460244363610001224	0100000075032715215bZK+J*93TsZP
000460244363610001224	0100000075032715215ErOEoW93gP3R
000460244363610001224	0100000075032715215&Zp%;;9334RK
000460244363610001224	0100000075032715215'IOnQ2936qWC
000460244363610001224	0100000075032715215Ar)>7P93BDzo
000460244363610001224	0100000075032715215e:"EsR93e4v6
000460244363610001224	0100000075032715215glrTYT932Gi/
000460244363610001224	0100000075032715215OKr*nW93E/Fp
000460244363610001224	0100000075032715215H=gp1S93G4ye
000460244363610001224	0100000075032715215U9YIFV938c80
000460244363610001224	0100000075032715215O;+Fra938KCW
000460244363610001233	0100000075032715215akGKua93OOjk
000460244363610001233	0100000075032715215BpFtuq93cv3H
000460244363610001233	0100000075032715215Y4+cLJ932RuP
000460244363610001233	0100000075032715215CteUQ*93YMDx
000460244363610001233	0100000075032715215KGWeN>93MnU9
000460244363610001233	0100000075032715215dc80l393YbdV
000460244363610001233	0100000075032715215rz.l.D93xQHi
000460244363610001233	0100000075032715215yTI6.M93M1/I
000460244363610001233	0100000075032715215vLzUQ,93Vc9q
000460244363610001233	0100000075032715215MJTGt493ZQ+L
000460244363610001233	0100000075032715215tsaqAd93vYFH
000460244363610001233	0100000075032715215wXUmeD936hMf
000460244363610001233	0100000075032715215cUg)v693hAXr
000460244363610001233	0100000075032715215Y0g->=93/y/J
000460244363610001233	0100000075032715215xOWfEU93bB3d
000460244363610001233	0100000075032715215XxdWtJ935a0Y
000460244363610001233	0100000075032715215x5VpNu93UKdX
000460244363610001233	0100000075032715215rchL,O93XFB2
000460244363610001233	0100000075032715215";U)iW93FMUW
000460244363610001233	01000000750327152158yHKp<93IVo7
000460244363610001233	0100000075032715215dqwOMW93U6Pu
000460244363610001233	0100000075032715215b45ABV93RzcV
000460244363610001233	0100000075032715215)oGiP293jINL
000460244363610001233	0100000075032715215N=Zk-I93zkpN
000460244363610001242	0100000075032715215ZwRsbj93HT1C
000460244363610001242	0100000075032715215sYslWP93ueHL
000460244363610001242	0100000075032715215bg1rKS931Sqk
000460244363610001242	0100000075032715215EHle9i93Us5t
000460244363610001242	0100000075032715215FB?"*K933I+P
000460244363610001242	0100000075032715215o<y%Pg93J15E
000460244363610001242	0100000075032715215YUvn."93voqK
000460244363610001242	0100000075032715215NMa;.j93Hk0O
000460244363610001242	0100000075032715215atP:Yf93pFcB
000460244363610001242	0100000075032715215y/mmb493umkg
000460244363610001242	0100000075032715215LDaW+g93GUqv
000460244363610001242	0100000075032715215Cuh)Qb93RoXi
000460244363610001242	0100000075032715215NfK6r893jljV
000460244363610001242	0100000075032715215m5Ocjf93b8Pu
000460244363610001242	0100000075032715215"KxBgS93+z9U
000460244363610001242	0100000075032715215pUEEIM93NTwF
000460244363610001242	0100000075032715215QJgIYc93Pq6Y
000460244363610001242	0100000075032715215&?hBRk93f/4v
000460244363610001242	0100000075032715215ipfTPL93qZDR
000460244363610001242	01000000750327152154RfaAK935Dap
000460244363610001242	0100000075032715215f2.Fus93Kz3H
000460244363610001242	0100000075032715215oX*h*N93G+Jp
000460244363610001242	0100000075032715215vbtp2193MnVW
000460244363610001242	0100000075032715215g'dknG93v97k
000460244363610001251	0100000075032715215)ISUml939dx/
000460244363610001251	0100000075032715215B0SpbZ93d5Ah
000460244363610001251	0100000075032715215kdl2aM93JCO/
000460244363610001251	0100000075032715215jF'QlL93GIAg
000460244363610001251	0100000075032715215?f;W1F93Y/1V
000460244363610001251	0100000075032715215lKXbpk93+xHe
000460244363610001251	0100000075032715215HQZars93sAL4
000460244363610001251	0100000075032715215k2u%ii93r5Wt
000460244363610001251	0100000075032715215aKRQlC93VXJu
000460244363610001251	0100000075032715215nxz_QT93kV+A
000460244363610001251	0100000075032715215KjrpA-93CeDt
000460244363610001251	0100000075032715215>Ok"E%93kcr1
000460244363610001251	0100000075032715215cTtoqU93OHAy
000460244363610001251	0100000075032715215=XdPEC930G/f
000460244363610001251	0100000075032715215RTs9Sl93kF26
000460244363610001251	0100000075032715215JC6e9B93ENs5
000460244363610001251	0100000075032715215%DaMa493+wdT
000460244363610001251	0100000075032715215lIsfH093mkji
000460244363610001251	0100000075032715215GYL*ZI93GxUr
000460244363610001251	0100000075032715215(EsXKt93yE5w
000460244363610001251	0100000075032715215f*VYQk93vYUR
000460244363610001251	0100000075032715215Gplu;X93SjIj
000460244363610001251	0100000075032715215urKQ"R93BcgT
000460244363610001251	0100000075032715215.P>tfc93big4
000460244363610001260	010000007503271521579Z(+2936zsU
000460244363610001260	0100000075032715215apcAA4938MLF
000460244363610001260	0100000075032715215Gkh_NM93gHwo
000460244363610001260	01000000750327152150uIavs93u7Z5
000460244363610001260	0100000075032715215'7UGk+9366oz
000460244363610001260	0100000075032715215-flr>U933sIn
000460244363610001260	0100000075032715215,vrHBh93BINm
000460244363610001260	0100000075032715215mL;oC:93nBnq
000460244363610001260	0100000075032715215iYSjnP93Nj1Y
000460244363610001260	0100000075032715215dR>?Ht93WtZl
000460244363610001260	0100000075032715215pSBPOn93Pd6F
000460244363610001260	0100000075032715215-LSB0893Bg/t
000460244363610001260	0100000075032715215xeK/kg93AQCZ
000460244363610001260	0100000075032715215%ASa8(93E0yB
000460244363610001260	0100000075032715215AtcISm93wr8l
000460244363610001260	0100000075032715215W9N)OF93LJ4V
000460244363610001260	0100000075032715215c5L<p493Ey8b
000460244363610001260	0100000075032715215;lzo;m93q92p
000460244363610001260	0100000075032715215CV1ZHx93TmTF
000460244363610001260	0100000075032715215gCDTnl93E0LW
000460244363610001260	01000000750327152154.1iwM93fhTK
000460244363610001260	0100000075032715215;To2Yf93dEcP
000460244363610001260	0100000075032715215oDN5Sp93/oYI
000460244363610001260	0100000075032715215bYgWDQ93uZHp
000460244363610001279	0100000075032715215>Vdtsy93Zwfm
000460244363610001279	0100000075032715215UdaSjD93WNCB
000460244363610001279	0100000075032715215(>qLAk93wkKK
000460244363610001279	0100000075032715215Kd1nCJ93Lvqi
000460244363610001279	0100000075032715215ESIUTd93IhXo
000460244363610001279	0100000075032715215UKgRKE93kAN4
000460244363610001279	0100000075032715215EmIUNs93kYnA
000460244363610001279	0100000075032715215RZBd*S93eTFM
000460244363610001279	0100000075032715215cmbRFY93x9Ly
000460244363610001279	0100000075032715215?nMYtX93qt5K
000460244363610001279	0100000075032715215MzvER?93Grkf
000460244363610001279	0100000075032715215FM.%ET936nYk
000460244363610001279	0100000075032715215*K>M?f93fq7n
000460244363610001279	0100000075032715215;UN=+i93RBpA
000460244363610001279	0100000075032715215OJq_yI93oR8W
000460244363610001279	0100000075032715215,ppjW,930KMp
000460244363610001279	0100000075032715215AzsBc093XTyD
000460244363610001279	0100000075032715215FZ_ih293uiwj
000460244363610001279	0100000075032715215IR/ufQ93yFoj
000460244363610001279	0100000075032715215Xijrc993e7uG
000460244363610001279	0100000075032715215/5+Ea,93QDgy
000460244363610001279	0100000075032715215kDAXHu93iQBF
000460244363610001279	0100000075032715215OUBR'a93nrtl
000460244363610001279	01000000750327152156j_QhG93VBBT
000460244363610001288	0100000075032715215eI?heM9323eo
000460244363610001288	0100000075032715215szGgd*93fsVB
000460244363610001288	0100000075032715215sd'yFp93xGI9
000460244363610001288	0100000075032715215EKgD/493wcgC
000460244363610001288	0100000075032715215b>&hGf932yPK
000460244363610001288	0100000075032715215wpJqLj9315SR
000460244363610001288	0100000075032715215M/:Y;M93w1qG
000460244363610001288	0100000075032715215Q4cniu93/4o3
000460244363610001288	0100000075032715215MV0+G<93rgCx
000460244363610001288	0100000075032715215EF;dNg93wkjg
000460244363610001288	0100000075032715215!Pu<w!939Zw8
000460244363610001288	0100000075032715215W;v2ue93pZ6L
000460244363610001288	0100000075032715215hBJdoF93oT1i
000460244363610001288	0100000075032715215szM4hm93Yw9z
000460244363610001288	01000000750327152157r9q<A93WZwM
000460244363610001288	0100000075032715215M?G<bh93ZYxJ
000460244363610001288	0100000075032715215m+S2B393oMUg
000460244363610001288	0100000075032715215iIFjST932rUQ
000460244363610001288	0100000075032715215<EloJq93Tu6b
000460244363610001288	0100000075032715215B_<v5)93PuJa
000460244363610001288	0100000075032715215JcjFcp93frQI
000460244363610001288	0100000075032715215oSd4gd93BYwK
000460244363610001288	0100000075032715215sWr8Xh93qk0g
000460244363610001288	01000000750327152153feMfa93lKsr
000460244363610001297	01000000750327152151p3SNq93zMTm
000460244363610001297	0100000075032715215ctYFWG93Vm29
000460244363610001297	0100000075032715215UGZdPE93taml
000460244363610001297	0100000075032715215MXlM1q93RZcj
000460244363610001297	0100000075032715215LGXz(j93rYLn
000460244363610001297	0100000075032715215x*?-Lf93eF4N
000460244363610001297	0100000075032715215<tTpAE93c01V
000460244363610001297	0100000075032715215aDoxt093fHfg
000460244363610001297	0100000075032715215juER3D93G9yv
000460244363610001297	01000000750327152152gFgOe93cR0D
000460244363610001297	01000000750327152152tPg)z93o9u4
000460244363610001297	0100000075032715215-&UiOj93QTi2
000460244363610001297	0100000075032715215MxTGlu93Cd3V
000460244363610001297	0100000075032715215d91j4a93FfYg
000460244363610001297	0100000075032715215O9JqJK93Rimw
000460244363610001297	0100000075032715215mMbe7l93PrLO
000460244363610001297	01000000750327152154!ZGgW930g3G
000460244363610001297	0100000075032715215F.BTtM938KDU
000460244363610001297	0100000075032715215zFFScO93oJYM
000460244363610001297	0100000075032715215bus_>h934aXt
000460244363610001297	0100000075032715215HEuXBO93YPEz
000460244363610001297	0100000075032715215tYLo"U93FWsF
000460244363610001297	0100000075032715215c4%M;D93/M7o
000460244363610001297	0100000075032715215OR<fBY93+Ba+
000460244363610001303	01000000750327152151IZYZ"93PtfZ
000460244363610001303	0100000075032715215U(MR2*93Q0MC
000460244363610001303	0100000075032715215=<JlRS93602Q
000460244363610001303	0100000075032715215XxTdI-93u0rm
000460244363610001303	0100000075032715215=mo)ug93pITj
000460244363610001303	0100000075032715215ddHAfx93jMhJ
000460244363610001303	01000000750327152152lyQPJ93Nn77
000460244363610001303	0100000075032715215RWIl=:935ayc
000460244363610001303	0100000075032715215FCSxnU93+AkY
000460244363610001303	0100000075032715215K-RAAc93K+QY
000460244363610001303	0100000075032715215TT!i.V93tGLo
000460244363610001303	0100000075032715215(L3ipx93e9Gt
000460244363610001303	0100000075032715215esXd=M937eqU
000460244363610001303	0100000075032715215RmppJK93WrMk
000460244363610001303	0100000075032715215d,Frjy93OZmn
000460244363610001303	0100000075032715215n538Pi93or+D
000460244363610001303	0100000075032715215kelHYx93KS19
000460244363610001303	0100000075032715215jYmCjm9391ev
000460244363610001303	0100000075032715215ulLFiR93TG+T
000460244363610001303	0100000075032715215Iqt2DC93ahTs
000460244363610001303	0100000075032715215sfeIuI93nhgu
000460244363610001303	0100000075032715215wNwn"e93SgZv
000460244363610001303	0100000075032715215WwJ6EG936j0r
000460244363610001303	0100000075032715215bJF?HD93ZXvn
000460244363610001312	0100000075032715215FKaNAF93KvGH
000460244363610001312	01000000750327152151%CNti93kxTz
000460244363610001312	0100000075032715215r6ZzVf93SdM4
000460244363610001312	0100000075032715215qM?&Wr93gXdV
000460244363610001312	0100000075032715215ULh2E193afcZ
000460244363610001312	0100000075032715215zEYT5j93WvBo
000460244363610001312	0100000075032715215&,Ildr93yLKf
000460244363610001312	0100000075032715215(4b2Ck93k5E8
000460244363610001312	01000000750327152157Bo/Np93eyE+
000460244363610001312	0100000075032715215AEzC/a93uGdW
000460244363610001312	0100000075032715215p_e:dq935rov
000460244363610001312	0100000075032715215do1YHu930d85
000460244363610001312	0100000075032715215-0?Ef:93Y2xi
000460244363610001312	0100000075032715215=Sutsi93v8sT
000460244363610001312	0100000075032715215IQB6zb936w+d
000460244363610001312	0100000075032715215z8MR_o9338cO
000460244363610001312	0100000075032715215ZkBvQP93eU/m
000460244363610001312	0100000075032715215B>A9Gz93NgEl
000460244363610001312	0100000075032715215MZOQ3G93GEHy
000460244363610001312	0100000075032715215nVIDYD93RGCj
000460244363610001312	0100000075032715215ylM:ad93IBs+
000460244363610001312	0100000075032715215(-id,q93hTMN
000460244363610001312	0100000075032715215rIDOSD93MQqq
000460244363610001312	0100000075032715215U-X!uG93AyHB
000460244363610001321	0100000075032715215>sjv'693f47s
000460244363610001321	0100000075032715215p>aGmi93nYLI
000460244363610001321	0100000075032715215hk&uIa938BXM
000460244363610001321	0100000075032715215QfxANA93MCKY
000460244363610001321	0100000075032715215CYhSHO93gk+G
000460244363610001321	0100000075032715215afrJN693Ncw2
000460244363610001321	0100000075032715215VEj3W!93sOEz
000460244363610001321	010000007503271521569VEVt93uO4U
000460244363610001321	0100000075032715215C(1zxj93OWBc
000460244363610001321	0100000075032715215teelMk93HqI6
000460244363610001321	0100000075032715215"8yLLq93ioN+
000460244363610001321	0100000075032715215B>o60"934aq2
000460244363610001321	0100000075032715215CKzZ4b93XX2H
000460244363610001321	01000000750327152158cFgz.93NJQB
000460244363610001321	0100000075032715215CPQbk(93VLPK
000460244363610001321	0100000075032715215<bWQ.a93T6Ha
000460244363610001321	0100000075032715215TJn0hf93e+xY
000460244363610001321	0100000075032715215M"D1G+935lF3
000460244363610001321	0100000075032715215pEa<_993BoOO
000460244363610001321	0100000075032715215Bp8(pr93BCUu
000460244363610001321	0100000075032715215fvNS)q930OyH
000460244363610001321	0100000075032715215dr;a5T93fbNZ
000460244363610001321	0100000075032715215VH%&OU93OJvY
000460244363610001321	0100000075032715215Ltmo,s931mDL
000460244363610001330	0100000075032715215jk6hTR93MbJO
000460244363610001330	0100000075032715215FjWmvb93iqXe
000460244363610001330	0100000075032715215MxoSRf93IH2R
000460244363610001330	0100000075032715215DcNcJ.93Jlwd
000460244363610001330	0100000075032715215k%E_Ng93Jbvs
000460244363610001330	0100000075032715215ReF<Ye93gzdr
000460244363610001330	0100000075032715215bTtigm93sM+T
000460244363610001330	0100000075032715215UKLbc_93FO60
000460244363610001330	0100000075032715215OjG)R.93O2q9
000460244363610001330	0100000075032715215RW+uqg93SiV7
000460244363610001330	0100000075032715215QdfP,G93iuzr
000460244363610001330	0100000075032715215'Me(ml930akn
000460244363610001330	0100000075032715215T>aVW'93LpvY
000460244363610001330	01000000750327152152:LLBU932YTx
000460244363610001330	0100000075032715215ZC7gSN93euXb
000460244363610001330	0100000075032715215IKge*d93hSUz
000460244363610001330	0100000075032715215tJ*+JN93D9cw
000460244363610001330	0100000075032715215'ZSHwr93P4aQ
000460244363610001330	0100000075032715215FH=eG&93pwBc
000460244363610001330	0100000075032715215ZhLE3y93Pq8o
000460244363610001330	0100000075032715215Q3_+rt93DaOy
000460244363610001330	0100000075032715215iPuv*t93GQ2f
000460244363610001330	0100000075032715215PxadRY93/i6M
000460244363610001330	0100000075032715215E&czQh93sxbU
000460244363610001349	0100000075032715215GkF;JE93FgbK
000460244363610001349	0100000075032715215.VnG6Y930rGx
000460244363610001349	0100000075032715215KSUN,&93ijo7
000460244363610001349	0100000075032715215Vt*e0a93BIuO
000460244363610001349	0100000075032715215lzrY!I93UE3w
000460244363610001349	0100000075032715215b?KaIN93YIoL
000460244363610001349	0100000075032715215gRWHqe93TN+G
000460244363610001349	0100000075032715215:fIUPW93n73W
000460244363610001349	01000000750327152150)FNdh93dVi5
000460244363610001349	0100000075032715215dT1HZ+93+EjT
000460244363610001349	0100000075032715215CrA6Bc93px+O
000460244363610001349	0100000075032715215silvR&93qdqm
000460244363610001349	0100000075032715215aM5CRJ935L+y
000460244363610001349	0100000075032715215WsViSQ93LG2m
000460244363610001349	0100000075032715215W9*%oy93IGZa
000460244363610001349	0100000075032715215-2TOP,93PsGn
000460244363610001349	0100000075032715215N_<d.F93ZEQ3
000460244363610001349	0100000075032715215a/g<t?93jNrt
000460244363610001349	0100000075032715215Dxk/+v93iXfZ
000460244363610001349	0100000075032715215Zq3rD_930jkn
000460244363610001349	0100000075032715215,eVXBg93T8t0
000460244363610001349	01000000750327152156R!Mps93hqv+
000460244363610001349	0100000075032715215I/(WLI93/Kio
000460244363610001349	01000000750327152157M+eLo938DhG
000460244363610001358	0100000075032715215e-WDLU93VU+E
000460244363610001358	0100000075032715215O=/NiQ938dfu
000460244363610001358	0100000075032715215+s/JDk93OXea
000460244363610001358	0100000075032715215"pdbkg93h9Vk
000460244363610001358	0100000075032715215VbKr*w93l5kq
000460244363610001358	0100000075032715215aG5Ibj93Ep9X
000460244363610001358	0100000075032715215cL6:p793aIf0
000460244363610001358	01000000750327152157*<2in93/pTR
000460244363610001358	0100000075032715215xD;vyV93b79f
000460244363610001358	0100000075032715215Wjm09>93ifzr
000460244363610001358	0100000075032715215oimr9C93Ycb8
000460244363610001358	0100000075032715215bj?)<l93salW
000460244363610001358	0100000075032715215c&og6V93jolo
000460244363610001358	0100000075032715215yu.'t+93la2Q
000460244363610001358	0100000075032715215aGTDJ49331pf
000460244363610001358	0100000075032715215qMWQrm93XSGn
000460244363610001358	01000000750327152152ecI?m93WqgK
000460244363610001358	0100000075032715215lH9GJx93SIx2
000460244363610001358	0100000075032715215WMIfq493b0NO
000460244363610001358	0100000075032715215ti&gos93SVFO
000460244363610001358	0100000075032715215fii=r!93rXP4
000460244363610001358	0100000075032715215oPCDsj93rswm
000460244363610001358	0100000075032715215U<lQhx93Zkp8
000460244363610001358	0100000075032715215I%Yk+p93Xijm
000460244363610001367	0100000075032715215IC%V1X93p3mY
000460244363610001367	0100000075032715215t%'7nQ93cSZD
000460244363610001367	0100000075032715215vD;&D=93Zfyt
000460244363610001367	0100000075032715215t6CJHR93N3V7
000460244363610001367	0100000075032715215"qn7'o93yEdf
000460244363610001367	01000000750327152157H=kIo931elO
000460244363610001367	0100000075032715215;X1PWV93tyk7
000460244363610001367	01000000750327152157U-yQk93Gcly
000460244363610001367	0100000075032715215'q0SqX93KryU
000460244363610001367	0100000075032715215qeel%m93icR7
000460244363610001367	010000007503271521536:Xq"93WLMI
000460244363610001367	01000000750327152158&BjqO93gBCi
000460244363610001367	0100000075032715215-KeV+E93a8AG
000460244363610001367	0100000075032715215a6BQy&93UuKb
000460244363610001367	0100000075032715215j=?S*:93dWoR
000460244363610001367	0100000075032715215%A'd(q93lpAd
000460244363610001367	0100000075032715215Ka;q(Z93kepB
000460244363610001367	0100000075032715215yXc&gh93fqff
000460244363610001367	0100000075032715215JK_/hm93w95l
000460244363610001367	0100000075032715215joYwN%93C6/e
000460244363610001367	0100000075032715215cdI7-M93WZx3
000460244363610001367	0100000075032715215h-+*z793Zec3
000460244363610001367	0100000075032715215F(dBwe93xcQM
000460244363610001367	0100000075032715215KeDe<c93jOg/
000460244363610001376	0100000075032715215ciNB<a93/8ND
000460244363610001376	0100000075032715215d4N(LF930Qy4
000460244363610001376	0100000075032715215U,Hp;&93dME+
000460244363610001376	0100000075032715215c<Lx'R931CYc
000460244363610001376	0100000075032715215Ym96FE93HSQM
000460244363610001376	0100000075032715215LbMLmd93gJyN
000460244363610001376	0100000075032715215m4Ifl%932mgM
000460244363610001376	01000000750327152155=vtTG93op1k
000460244363610001376	0100000075032715215Xgcngo939aJU
000460244363610001376	0100000075032715215,geX0.93+iqW
000460244363610001376	0100000075032715215Nl_!tW93cd87
000460244363610001376	0100000075032715215FP9wtq93ju1Y
000460244363610001376	01000000750327152156hdIK>93ephz
000460244363610001376	0100000075032715215Hiu6!,93Feg8
000460244363610001376	0100000075032715215Y_>REc93ADxY
000460244363610001376	0100000075032715215(HEiP993n1gP
000460244363610001376	0100000075032715215I'nOqz93EjFQ
000460244363610001376	0100000075032715215gFV?jC93JtHS
000460244363610001376	0100000075032715215IbtWmC93nN63
000460244363610001376	0100000075032715215iT8D_I93vEwL
000460244363610001376	010000007503271521577sLhL93hkqI
000460244363610001376	01000000750327152153aad_r93rIZi
000460244363610001376	0100000075032715215mOEscF93lyJt
000460244363610001376	0100000075032715215Z'RRjF93Y9s2
000460244363610001385	0100000075032715215jbwFR_93upYg
000460244363610001385	0100000075032715215a*O<tU93YRCq
000460244363610001385	0100000075032715215kWktNQ93f0vu
000460244363610001385	0100000075032715215*;B)O693HRL0
000460244363610001385	0100000075032715215C:YeCl93K5e0
000460244363610001385	010000007503271521559CAb,93r8Z3
000460244363610001385	0100000075032715215lnalqz93Ouvf
000460244363610001385	0100000075032715215YRVjlc93hwGu
000460244363610001385	0100000075032715215<WTV,V93RIlW
000460244363610001385	0100000075032715215VS)Gdh93us4m
000460244363610001385	0100000075032715215NilKe>93T5xg
000460244363610001385	0100000075032715215jxAJTi93fPMd
000460244363610001385	0100000075032715215YEabdO93U0es
000460244363610001385	0100000075032715215jWdZS7933d3F
000460244363610001385	0100000075032715215Z7-oNF93Lx/X
000460244363610001385	0100000075032715215(T*a7t93lY3J
000460244363610001385	0100000075032715215UlGCCk93Xsiv
000460244363610001385	0100000075032715215nfQaga93/2z1
000460244363610001385	0100000075032715215zgQRof93EXjb
000460244363610001385	0100000075032715215+upGT-93I3OM
000460244363610001385	0100000075032715215Oo=WVc93pb2Z
000460244363610001385	0100000075032715215LBHVH1934YS4
000460244363610001385	0100000075032715215)Byl)h933Syl
000460244363610001385	0100000075032715215EsM1ED938Vz8
000460244363610001394	0100000075032715215.1YLnG93Nktw
000460244363610001394	0100000075032715215;Jbtvq93lQtd
000460244363610001394	0100000075032715215PyY7BS93ReQv
000460244363610001394	0100000075032715215Piw7o-93skry
000460244363610001394	0100000075032715215QINDw'93OVgh
000460244363610001394	0100000075032715215qdMy2l93NmqF
000460244363610001394	0100000075032715215ui3TSI93WuCq
000460244363610001394	0100000075032715215iM4bmO93HNkv
000460244363610001394	0100000075032715215su.Yd393y1pM
000460244363610001394	0100000075032715215ffZIpH93TuZ6
000460244363610001394	0100000075032715215DwMuuR93rBz8
000460244363610001394	0100000075032715215S6XSdc93XK05
000460244363610001394	0100000075032715215dQsf-p93uDGs
000460244363610001394	0100000075032715215tYGi9X93R33U
000460244363610001394	0100000075032715215Mb'dD-93ORki
000460244363610001394	0100000075032715215S,-!do93FXIF
000460244363610001394	0100000075032715215hjAD*E93iaEs
000460244363610001394	0100000075032715215ON"lA593xq6u
000460244363610001394	0100000075032715215/HZ4W.93lt4Z
000460244363610001394	0100000075032715215EwPgrD93n3m0
000460244363610001394	0100000075032715215Mk&*3U93dy/l
000460244363610001394	0100000075032715215QT/'qq93qjIo
000460244363610001394	0100000075032715215plojfG935vZF
000460244363610001394	01000000750327152154TQ,lQ93Y9A2
000460244363610001400	0100000075032715215Qd"LI793Q8NN
000460244363610001400	0100000075032715215*o&fP"93hXBb
000460244363610001400	01000000750327152154N)*Qm933rT1
000460244363610001400	0100000075032715215mG7pvz93glf1
000460244363610001400	0100000075032715215sii6<V938oup
000460244363610001400	0100000075032715215NshCOq93g3v0
000460244363610001400	0100000075032715215QsgQZp93G+UK
000460244363610001400	0100000075032715215krEfhP934Uop
000460244363610001400	0100000075032715215q,d?(d93hhrh
000460244363610001400	0100000075032715215p3GcT>93Opkk
000460244363610001400	0100000075032715215THwpuh93lGN+
000460244363610001400	0100000075032715215LYag1p93i16v
000460244363610001400	0100000075032715215gQ)sZ7934S1g
000460244363610001400	0100000075032715215KnR.k:93EwEK
000460244363610001400	0100000075032715215&hRFSC93p8hP
000460244363610001400	0100000075032715215WdKZrE93eJaP
000460244363610001400	0100000075032715215WULXFV93HpQK
000460244363610001400	0100000075032715215tMmQ3"93RyKq
000460244363610001400	0100000075032715215mYbbDa93lfR/
000460244363610001400	0100000075032715215C"1<UD93crnM
000460244363610001400	0100000075032715215sTfF'V93bMBd
000460244363610001400	0100000075032715215GZlW8,93mkWG
000460244363610001400	0100000075032715215pXe;/D93rQFP
000460244363610001400	0100000075032715215%Fj,lV93pB/Y
000460244363610001419	0100000075032715215/N2X:v93QknW
000460244363610001419	0100000075032715215iqNtBs93oyWN
000460244363610001419	0100000075032715215%HTHqR93Cjhc
000460244363610001419	0100000075032715215G:VG59935X74
000460244363610001419	01000000750327152157Vdhh*93vPkM
000460244363610001419	0100000075032715215=yvhsF93HcU0
000460244363610001419	0100000075032715215hUXIni93+6du
000460244363610001419	01000000750327152158"Sbzx93kQqw
000460244363610001419	0100000075032715215,?kksk93TTtg
000460244363610001419	0100000075032715215kjs7k;93r7Qk
000460244363610001419	0100000075032715215rwRK6V93Hzoy
000460244363610001419	0100000075032715215cr,br_93/DpA
000460244363610001419	01000000750327152150ZEOE093YeO3
000460244363610001419	0100000075032715215JcP7et93mVST
000460244363610001419	0100000075032715215RhfU&P93jZLE
000460244363610001419	0100000075032715215>cN4mo93GRdw
000460244363610001419	0100000075032715215F93my>93qOaK
000460244363610001419	0100000075032715215r/PTri9345Km
000460244363610001419	0100000075032715215TScMUT93pJJu
000460244363610001419	0100000075032715215LNZYiI93b6GB
000460244363610001419	0100000075032715215d"!WiZ933tPq
000460244363610001419	0100000075032715215OMr&CR93AMI4
000460244363610001419	0100000075032715215jTMjct93iXnT
000460244363610001419	0100000075032715215OdWblo93uero
000460244363610001428	0100000075032715215eCcNN"93jAMY
000460244363610001428	01000000750327152154fDF+C93jNBA
000460244363610001428	0100000075032715215HPq*p<93CWmW
000460244363610001428	0100000075032715215JNQ6eP93gyhw
000460244363610001428	0100000075032715215w2T%Z/93CmRq
000460244363610001428	0100000075032715215JapHN;93lrGm
000460244363610001428	0100000075032715215mp1;SK93Mdax
000460244363610001428	0100000075032715215,'Z-h%93I739
000460244363610001428	0100000075032715215SooaXT93tYK6
000460244363610001428	0100000075032715215oZOcKM933+1M
000460244363610001428	0100000075032715215QKhPRp93TZqK
000460244363610001428	01000000750327152158DhYlM93myBO
000460244363610001428	0100000075032715215hNOOrJ93unKF
000460244363610001428	0100000075032715215ZRXhgY93jf2f
000460244363610001428	0100000075032715215:jJ-oc93eMS8
000460244363610001428	0100000075032715215:8/D%S933sAQ
000460244363610001428	0100000075032715215=gLdpC93u3Um
000460244363610001428	0100000075032715215gNcMTs93xmw3
000460244363610001428	0100000075032715215wPYL.r93T1OJ
000460244363610001428	0100000075032715215lolfCo93C1Qm
000460244363610001428	0100000075032715215hKNdni93Mh8g
000460244363610001428	0100000075032715215kG3gtN93G38P
000460244363610001428	0100000075032715215jC=8oc936S79
000460244363610001428	0100000075032715215SwQmVg933Lvx
000460244363610001437	0100000075032715215cGrSEZ93rFu4
000460244363610001437	0100000075032715215sj+iZx93bcxq
000460244363610001437	0100000075032715215aeVSxa93yhIQ
000460244363610001437	0100000075032715215O,JrQy933X0m
000460244363610001437	01000000750327152154C3Fq2931K21
000460244363610001437	0100000075032715215d&DynM93yphe
000460244363610001437	0100000075032715215CwXAaQ93hMmZ
000460244363610001437	0100000075032715215uYSNk/93cSoS
000460244363610001437	0100000075032715215VgMRJ793qh31
000460244363610001437	0100000075032715215ZXJuy893NjGu
000460244363610001437	0100000075032715215oJ:eqo93Uunz
000460244363610001437	0100000075032715215Hp>t-793+Rn5
000460244363610001437	0100000075032715215YfVo7m93pk9w
000460244363610001437	0100000075032715215Td6M;p93qCIW
000460244363610001437	0100000075032715215ro3l(:93XUU1
000460244363610001437	0100000075032715215T%td*h93TCpa
000460244363610001437	0100000075032715215nQoIKV93W5gJ
000460244363610001437	0100000075032715215IoPQrf93LTgb
000460244363610001437	0100000075032715215p6tqDr93SE/h
000460244363610001437	0100000075032715215oIy;JL93/T+L
000460244363610001437	0100000075032715215EBPYe793NLOk
000460244363610001437	0100000075032715215P?YH"r93qd9d
000460244363610001437	0100000075032715215gbt(nL93TkFx
000460244363610001437	0100000075032715215-<4MGi93bxDX
000460244363610001446	0100000075032715215ZTWDqM93yLzz
000460244363610001446	0100000075032715215DQRWgt93iY4f
000460244363610001446	0100000075032715215OocGTL93wrqc
000460244363610001446	0100000075032715215A4Xg6093HTpo
000460244363610001446	0100000075032715215P%Zc0W93rAtq
000460244363610001446	0100000075032715215MiCijN93NNrL
000460244363610001446	0100000075032715215icYf6R93TCJw
000460244363610001446	0100000075032715215JE7Wx.93Smwd
000460244363610001446	0100000075032715215nD"ELd93/F4D
000460244363610001446	0100000075032715215B.FtmX9360OH
000460244363610001446	0100000075032715215Gh',uq93SnDv
000460244363610001446	0100000075032715215PahjN)93ZzAZ
000460244363610001446	0100000075032715215lS0Gye93iMEE
000460244363610001446	0100000075032715215rJ%irV93XawE
000460244363610001446	0100000075032715215F<CFOC93kVax
000460244363610001446	0100000075032715215U3sy8H93nI0+
000460244363610001446	0100000075032715215PMnVCY93C+A7
000460244363610001446	0100000075032715215ffJ>*q93wFvB
000460244363610001446	0100000075032715215ms)cw-93Sh/s
000460244363610001446	0100000075032715215CY(fNu93nTSa
000460244363610001446	0100000075032715215YUPxyu93uOwG
000460244363610001446	0100000075032715215oTEVLR93pJ45
000460244363610001446	0100000075032715215P?sasj93igl6
000460244363610001446	0100000075032715215tT9WN(93j+7K
000460244363610001455	0100000075032715215xz:Ome93LbQp
000460244363610001455	0100000075032715215Ia7NCz938G5w
000460244363610001455	0100000075032715215i_F;tA93LQfM
000460244363610001455	0100000075032715215kH2,wq93rc9J
000460244363610001455	0100000075032715215C3_kn?93F6ZW
000460244363610001455	0100000075032715215sG2fa993+OB4
000460244363610001455	0100000075032715215oG4_?Y93Rr9q
000460244363610001455	0100000075032715215ApH,Z!93Nfw2
000460244363610001455	0100000075032715215nk<qH093mAyO
000460244363610001455	0100000075032715215tGLYds93zVgZ
000460244363610001455	0100000075032715215x5W54(93/PqO
000460244363610001455	0100000075032715215(iQtut93O5BA
000460244363610001455	0100000075032715215+F1gqK93FD8F
000460244363610001455	0100000075032715215vx_0ar93/xTB
000460244363610001455	0100000075032715215VMXuax93q1Wh
000460244363610001455	01000000750327152153H2?Xe93g5yJ
000460244363610001455	0100000075032715215OmNi,:93FPoc
000460244363610001455	0100000075032715215CqoZEh93OA13
000460244363610001455	0100000075032715215JfBffZ93RuvW
000460244363610001455	0100000075032715215(Qq(Dl93oaTn
000460244363610001455	0100000075032715215_atOd1932Yyr
000460244363610001455	0100000075032715215tIJFg193hQNd
000460244363610001455	0100000075032715215HdbZSF93cxKq
000460244363610001455	0100000075032715215mgwDkq933Iam
000460244363610001464	0100000075032715215mAOt4p93gT2W
000460244363610001464	0100000075032715215%(P9BB93JaDt
000460244363610001464	0100000075032715215&FFOcC93NRIQ
000460244363610001464	0100000075032715215nbGW;L93xITX
000460244363610001464	010000007503271521557kQ)L930IsV
000460244363610001464	0100000075032715215y'(N3793AWv9
000460244363610001464	0100000075032715215Y?dgbt93S7OK
000460244363610001464	0100000075032715215m&SXs>93i1Ur
000460244363610001464	0100000075032715215KZCkek93NqTr
000460244363610001464	0100000075032715215LTdLTU93sxyy
000460244363610001464	0100000075032715215YoS5Ni93N1+/
000460244363610001464	0100000075032715215yYsSOK93kU3A
000460244363610001464	0100000075032715215wjflja93QwZS
000460244363610001464	0100000075032715215XgciFc93ZIfz
000460244363610001464	01000000750327152155NUnhn93I/au
000460244363610001464	0100000075032715215F-dzCF93gFac
000460244363610001464	0100000075032715215up&*D"93Ba4t
000460244363610001464	0100000075032715215Ggc'BU93zQbo
000460244363610001464	0100000075032715215W)Zfhq93vIyV
000460244363610001464	0100000075032715215b-l3+Y9354hl
000460244363610001464	0100000075032715215ofjgaE93ekdM
000460244363610001464	0100000075032715215/U0X=c93ggTh
000460244363610001464	0100000075032715215mVhQ%!937EU5
000460244363610001464	0100000075032715215Nc2cPH93bndN
000460244363610001473	0100000075032715215hX1Wa193P7Pg
000460244363610001473	0100000075032715215nMxIio93QeTq
000460244363610001473	0100000075032715215pdDpDR93Ml7q
000460244363610001473	0100000075032715215>+VPg.9391OE
000460244363610001473	0100000075032715215OY"Ze193uRQB
000460244363610001473	01000000750327152154T"iXg93DNvc
000460244363610001473	0100000075032715215AC9bLU93X4pL
000460244363610001473	0100000075032715215p9jQc-93alJW
000460244363610001473	0100000075032715215:qg*gD93uNvU
000460244363610001473	01000000750327152150NLxvX93Trvq
000460244363610001473	0100000075032715215eByYJp93Y8Rf
000460244363610001473	0100000075032715215N_c"hp93nLlK
000460244363610001473	0100000075032715215*XlfK<93uUxa
000460244363610001473	0100000075032715215aKq-Lm93ycAy
000460244363610001473	0100000075032715215OC?ilg93Iufz
000460244363610001473	0100000075032715215HL3K>1930sFO
000460244363610001473	0100000075032715215;BfWgi93SY10
000460244363610001473	0100000075032715215CQ:X%A93XIY9
000460244363610001473	0100000075032715215(Lt&ex93NyFC
000460244363610001473	0100000075032715215pwd0I.93UveZ
000460244363610001473	0100000075032715215oZnRNu93hpT2
000460244363610001473	0100000075032715215%W(f0i93y6Lm
000460244363610001473	0100000075032715215aUeNI;9341Zs
000460244363610001473	0100000075032715215,m6+qc93eaiF
000460244363610001482	0100000075032715215jl5wqp935aXe
000460244363610001482	0100000075032715215KcA:Ul93HmzX
000460244363610001482	0100000075032715215cI4Tsh93vXLF
000460244363610001482	01000000750327152158*<,Zm93REDW
000460244363610001482	0100000075032715215Dhost>93ufbp
000460244363610001482	0100000075032715215JZpJ"e93ZkOb
000460244363610001482	0100000075032715215Sb6H=(934+8T
000460244363610001482	0100000075032715215FRbOBg9315Wo
000460244363610001482	01000000750327152157Dg;rL93vGRg
000460244363610001482	0100000075032715215dnjfu=93QbDZ
000460244363610001482	0100000075032715215!U0UsW930Xg8
000460244363610001482	0100000075032715215j;CBQs93WdXf
000460244363610001482	01000000750327152150OJBm/935CCs
000460244363610001482	0100000075032715215dw62fs93K4vy
000460244363610001482	0100000075032715215BzhVNb936MgW
000460244363610001482	0100000075032715215b'zc+z93oPGr
000460244363610001482	0100000075032715215DEmzcZ93D0cw
000460244363610001482	0100000075032715215<*fqPE936LHd
000460244363610001482	0100000075032715215GdRtrS93ODe2
000460244363610001482	01000000750327152153nHzj29329xD
000460244363610001482	0100000075032715215O!maOb93vjmI
000460244363610001482	0100000075032715215gSrP.O93OwEk
000460244363610001482	0100000075032715215yXnSqN93VjJI
000460244363610001482	0100000075032715215"R%5UZ93XnCG
000460244363610001491	0100000075032715215FO!XMF935N3y
000460244363610001491	0100000075032715215>:b2_l9325Pg
000460244363610001491	0100000075032715215a7PBlr93AiPu
000460244363610001491	0100000075032715215di1QAJ93fzOj
000460244363610001491	0100000075032715215LtMrTG93aZmU
000460244363610001491	0100000075032715215!AVipE93lP2j
000460244363610001491	0100000075032715215s4GiH:93GF0J
000460244363610001491	0100000075032715215hMJhfB93VJvn
000460244363610001491	0100000075032715215POqo?)93pQoR
000460244363610001491	0100000075032715215jr%gN:93ODT/
000460244363610001491	0100000075032715215RM1hwJ93fkss
000460244363610001491	01000000750327152153(zTg993F6Qh
000460244363610001491	0100000075032715215qOmNqO93l8VY
000460244363610001491	0100000075032715215Hf/OnX93QITX
000460244363610001491	0100000075032715215HEeGgP93zBNU
000460244363610001491	0100000075032715215oapXMr93CCaz
000460244363610001491	0100000075032715215vOSLfk93bzD9
000460244363610001491	0100000075032715215.Ulm'V93bpPx
000460244363610001491	01000000750327152152QxYSC93CI5a
000460244363610001491	0100000075032715215&cS,qY93pxMI
000460244363610001491	0100000075032715215M;1R9S93aa95
000460244363610001491	0100000075032715215YygfjM93RZgv
000460244363610001491	0100000075032715215FeQB%J93pjtz
000460244363610001491	01000000750327152152BtpkA93NNdF
000460244363610001507	0100000075032715215X=beQ!93a9r3
000460244363610001507	0100000075032715215BWnt2F93BzMS
000460244363610001507	0100000075032715215mo"XLn935Kay
000460244363610001507	0100000075032715215"MuHLb93gRGT
000460244363610001507	0100000075032715215OzV%7593ToMk
000460244363610001507	0100000075032715215:Q*)RZ93D9am
000460244363610001507	0100000075032715215D"TUcL93KdLp
000460244363610001507	0100000075032715215bm4_Yz93V0QU
000460244363610001507	0100000075032715215KbQcVc93E8bi
000460244363610001507	0100000075032715215MgJNK;93KAHO
000460244363610001507	0100000075032715215c6P(S393tHrs
000460244363610001507	0100000075032715215>D7?l093IRLu
000460244363610001507	0100000075032715215bpoW:u93e5wB
000460244363610001507	0100000075032715215afDpfx93ShWE
000460244363610001507	0100000075032715215oBKRS?93LbtH
000460244363610001507	01000000750327152155RkHgg93pVst
000460244363610001507	0100000075032715215LJMYFQ93iMcg
000460244363610001507	0100000075032715215WbiH"j93/2lq
000460244363610001507	0100000075032715215ltdGep93bFcb
000460244363610001507	0100000075032715215FNsm-a93LZLe
000460244363610001507	01000000750327152150JDosO93pI6r
000460244363610001507	0100000075032715215"d4EN.93M5UA
000460244363610001507	0100000075032715215mRcerm93OJJN
000460244363610001507	01000000750327152152;2SNW938OBq
000460244363610001516	0100000075032715215_F:E4;93rCMS
000460244363610001516	0100000075032715215QlLIZJ93CA5L
000460244363610001516	0100000075032715215G8RX&V93r2qm
000460244363610001516	0100000075032715215rc?YMq93X2Fn
000460244363610001516	0100000075032715215J7Qb+f93trMY
000460244363610001516	0100000075032715215cs&Du993pvfe
000460244363610001516	0100000075032715215L*:tik93k+/5
000460244363610001516	0100000075032715215WeGco,93GioE
000460244363610001516	0100000075032715215DMFVF"93Oh0j
000460244363610001516	01000000750327152150ayuKp93KNax
000460244363610001516	0100000075032715215I%YLwX93pTEU
000460244363610001516	0100000075032715215el<OCP93ZdK6
000460244363610001516	0100000075032715215OQj9Jf934jT0
000460244363610001516	0100000075032715215t%nU&U93jaS8
000460244363610001516	0100000075032715215VoDpik93HRJz
000460244363610001516	0100000075032715215gLniLB93ysRh
000460244363610001516	0100000075032715215bXmtAl93Hdvs
000460244363610001516	0100000075032715215Pmc.qR93tkuc
000460244363610001516	0100000075032715215,JbdQL93BdGJ
000460244363610001516	0100000075032715215Au?tT793QH20
000460244363610001516	0100000075032715215vIkRtn938yO3
000460244363610001516	0100000075032715215dD(6kS935tSM
000460244363610001516	0100000075032715215=-t<Mb93i50b
000460244363610001516	0100000075032715215p,qM"Y93S9iO
000460244363610001525	0100000075032715215_VrVWC93b9AF
000460244363610001525	0100000075032715215GJj*rg9382hr
000460244363610001525	0100000075032715215OUtd=i93flzz
000460244363610001525	0100000075032715215I46GUU93zThh
000460244363610001525	01000000750327152154;NdMj93D6vP
000460244363610001525	0100000075032715215<_"Ace93X0bB
000460244363610001525	0100000075032715215H*jWOt93MeVK
000460244363610001525	0100000075032715215uGbVku93UmJF
000460244363610001525	0100000075032715215fqibL:939Z51
000460244363610001525	0100000075032715215t6EXlc930v1Z
000460244363610001525	0100000075032715215frwTbR931MNN
000460244363610001525	0100000075032715215F"CLQ/9382V0
000460244363610001525	0100000075032715215NJkzeH933Tg4
000460244363610001525	0100000075032715215cjFPQL93m/gM
000460244363610001525	0100000075032715215BOKcsU939n5M
000460244363610001525	0100000075032715215Z52-dr93oke8
000460244363610001525	0100000075032715215j.sCkG93Ququ
000460244363610001525	01000000750327152151Z+9nF93bz/7
000460244363610001525	0100000075032715215JhH6y'93RODm
000460244363610001525	0100000075032715215W*b?CW93Rgsk
000460244363610001525	01000000750327152150YMO8T93GESv
000460244363610001525	0100000075032715215<D7PNm93T5Bi
000460244363610001525	0100000075032715215E2+qcO93hzYU
000460244363610001525	0100000075032715215PaG3dT93zLHl
000460244363610001534	0100000075032715215-TulF893cU3W
000460244363610001534	0100000075032715215D6GWN393jC4l
000460244363610001534	0100000075032715215h:WIwc93C6MA
000460244363610001534	0100000075032715215ckfLy)93vhoW
000460244363610001534	0100000075032715215<EEAbO934mMN
000460244363610001534	0100000075032715215N+hVt593jHC2
000460244363610001534	0100000075032715215<nomHc93jGw0
000460244363610001534	0100000075032715215gsy<H493LGHV
000460244363610001534	0100000075032715215pKxUkp93tyJm
000460244363610001534	0100000075032715215-sdp0t93PCX0
000460244363610001534	0100000075032715215TAlSW-93RgYE
000460244363610001534	0100000075032715215ksl.UR932SKY
000460244363610001534	0100000075032715215!2veV:93dNL4
000460244363610001534	0100000075032715215KJ.Qaq93VjXW
000460244363610001534	0100000075032715215y1eVCM93Dv61
000460244363610001534	0100000075032715215.HJncM93TGYU
000460244363610001534	0100000075032715215oApvJR939BFK
000460244363610001534	0100000075032715215QT;nKd93DyjP
000460244363610001534	0100000075032715215rb5?YD93J7QT
000460244363610001534	01000000750327152151JUJRM93jHd5
000460244363610001534	0100000075032715215QAPGRP93pTLe
000460244363610001534	0100000075032715215rQEKhC93EPgs
000460244363610001534	0100000075032715215GbIZEJ93skzM
000460244363610001534	0100000075032715215xHBJOf931J4f
000460244363610001543	0100000075032715215L::WZW93GUtY
000460244363610001543	0100000075032715215:*&Q3m937JZb
000460244363610001543	0100000075032715215wjlB%D93R4rx
000460244363610001543	0100000075032715215a=ELsQ93rLvA
000460244363610001543	0100000075032715215MHP>h,935oF7
000460244363610001543	0100000075032715215GEXRrL93u5hV
000460244363610001543	01000000750327152158IW'hl93IYYT
000460244363610001543	0100000075032715215GEJ&oG93H6Fr
000460244363610001543	0100000075032715215jXt=ZV93FJ+Y
000460244363610001543	0100000075032715215se8?b+93m87B
000460244363610001543	0100000075032715215XptcD193dTR6
000460244363610001543	01000000750327152157YLBJX932Hxz
000460244363610001543	0100000075032715215geThIc93e3lh
000460244363610001543	01000000750327152156qZgo>93eaqE
000460244363610001543	0100000075032715215a_OIQd93YTMg
000460244363610001543	0100000075032715215Jck(if935xBS
000460244363610001543	0100000075032715215TVFW4-93tGXu
000460244363610001543	0100000075032715215pHB9xJ93ta7M
000460244363610001543	01000000750327152153K<F:093/PYr
000460244363610001543	0100000075032715215S:XC!B930Z8s
000460244363610001543	0100000075032715215HHQ)2L93s8Ui
000460244363610001543	0100000075032715215:lD0pP93eNme
000460244363610001543	0100000075032715215s?zUa/93h/IG
000460244363610001543	0100000075032715215nb>K(W93DGJU
000460244363610001552	0100000075032715215L!QEwb93Wvva
000460244363610001552	0100000075032715215ErE&TK93C6TX
000460244363610001552	0100000075032715215RFk?Ql93EJ/p
000460244363610001552	0100000075032715215DNfK&l93Ehue
000460244363610001552	0100000075032715215wglCPT93+x9r
000460244363610001552	0100000075032715215NhJbp,93xu+0
000460244363610001552	0100000075032715215q3pM*O93ZNTW
000460244363610001552	0100000075032715215lp;sr+93aK1w
000460244363610001552	0100000075032715215e>0Y%<935jw6
000460244363610001552	0100000075032715215o'QBc?93Yn/G
000460244363610001552	0100000075032715215*zqzEM93EMOy
000460244363610001552	0100000075032715215*Z=j<d93G9Wb
000460244363610001552	0100000075032715215mGCn&E93j2jr
000460244363610001552	0100000075032715215CneI'.93phWv
000460244363610001552	0100000075032715215ygT6.J93D6XR
000460244363610001552	0100000075032715215i?&pR?93I6kw
000460244363610001552	0100000075032715215(d2:_H93c/Ap
000460244363610001552	0100000075032715215ri60ZJ93FOOm
000460244363610001552	0100000075032715215VJFcGV93whpn
000460244363610001552	0100000075032715215oVK3TO93USPL
000460244363610001552	0100000075032715215QdnXwN93z6Is
000460244363610001552	0100000075032715215UAHyEL939a9r
000460244363610001552	0100000075032715215Bp"FYt937X29
000460244363610001552	0100000075032715215pfoJXf93xajv
000460244363610001561	0100000075032715215jOG?=B93Xg7P
000460244363610001561	0100000075032715215aDEPtn93KySI
000460244363610001561	0100000075032715215LFpQNy93EeD5
000460244363610001561	0100000075032715215mTyHQ093oL+0
000460244363610001561	0100000075032715215o-MLrT93LaKD
000460244363610001561	0100000075032715215"Tlk9X93WVHf
000460244363610001561	0100000075032715215ZH=irg93U2+L
000460244363610001561	0100000075032715215dBS0c:93XLuz
000460244363610001561	0100000075032715215oEO9"V93wWJ0
000460244363610001561	0100000075032715215jNrGnm93TCFv
000460244363610001561	0100000075032715215S7iPOo93poJu
000460244363610001561	0100000075032715215=DEs>I93YsUr
000460244363610001561	0100000075032715215BgnQ4n93M4PB
000460244363610001561	0100000075032715215rK"-6C93BBPj
000460244363610001561	0100000075032715215f/xt!R93Evrk
000460244363610001561	0100000075032715215MXsXFQ93iqr4
000460244363610001561	01000000750327152151vws4H93iZoO
000460244363610001561	0100000075032715215NnFYbt93oCsy
000460244363610001561	0100000075032715215r_SKIU93T5vq
000460244363610001561	0100000075032715215,UgG.P93HBeZ
000460244363610001561	0100000075032715215jRD75u937kfs
000460244363610001561	0100000075032715215FcuDT79386g2
000460244363610001561	0100000075032715215dQbLef93An+o
000460244363610001561	01000000750327152154uACLz93HbxU
000460244363610001570	0100000075032715215xn1v-S93O86k
000460244363610001570	0100000075032715215ELRD(a93Sj2d
000460244363610001570	0100000075032715215cnp:1e93B7Zj
000460244363610001570	0100000075032715215mVdfjb93TFwQ
000460244363610001570	0100000075032715215Wo;alq93cekk
000460244363610001570	0100000075032715215EZkt?<93F4IZ
000460244363610001570	0100000075032715215Km/Prc93Ku70
000460244363610001570	0100000075032715215'CXtKu93hTMy
000460244363610001570	0100000075032715215pkYQYf934WzM
000460244363610001570	0100000075032715215FbFR&u93X2JE
000460244363610001570	0100000075032715215KpuJFn93CWcT
000460244363610001570	0100000075032715215Ee=<FM93SeMa
000460244363610001570	0100000075032715215pMPTK:93O4Iw
000460244363610001570	0100000075032715215cYHej?938sWZ
000460244363610001570	0100000075032715215goUQiE93CKuo
000460244363610001570	0100000075032715215*YNKOE93mEwi
000460244363610001570	01000000750327152151j8zqM9309F1
000460244363610001570	0100000075032715215o/jrqW93tqq0
000460244363610001570	0100000075032715215(yE3Nt93Gymo
000460244363610001570	0100000075032715215hXQbSL93Jgp0
000460244363610001570	0100000075032715215n9QFkR93UEJA
000460244363610001570	0100000075032715215P9mzq393G18l
000460244363610001570	0100000075032715215mrMjoz93zsVj
000460244363610001570	0100000075032715215ej53ZT93F22S
000460244363610001589	0100000075032715215H=PGAV93bntm
000460244363610001589	0100000075032715215ni*:nk93Zbfv
000460244363610001589	0100000075032715215fKtMiw93i7vw
000460244363610001589	0100000075032715215_NJ7Dp935zNQ
000460244363610001589	0100000075032715215Oy0f(B937yr7
000460244363610001589	0100000075032715215CJp6xk93stn+
000460244363610001589	0100000075032715215bV2=5F93PnjK
000460244363610001589	0100000075032715215St!MkW934WiQ
000460244363610001589	0100000075032715215Si(dAl93JH0q
000460244363610001589	0100000075032715215jrEff/93lE1M
000460244363610001589	0100000075032715215%Vh*cr93r3BU
000460244363610001589	0100000075032715215>QNsgB93zYUh
000460244363610001589	0100000075032715215HJ&Evn93G9xW
000460244363610001589	0100000075032715215.:A<wn932O6j
000460244363610001589	0100000075032715215iNKEI<93wiFm
000460244363610001589	0100000075032715215&f,r:l93pEvB
000460244363610001589	0100000075032715215mMMr5O93Oz9w
000460244363610001589	0100000075032715215F5JvHe93o0zm
000460244363610001589	0100000075032715215JCbGxB93QRmy
000460244363610001589	0100000075032715215.V"fKV93yrRi
000460244363610001589	0100000075032715215SQUaM493T+9x
000460244363610001589	0100000075032715215AZaXRt93fTDN
000460244363610001589	0100000075032715215+uMoLK93SCkH
000460244363610001589	0100000075032715215mN'kBT93BeLD
000460244363610001598	0100000075032715215hnDQLy93UO4m
000460244363610001598	0100000075032715215V8XtBB93n1Io
000460244363610001598	0100000075032715215q9Fwt'93VO9f
000460244363610001598	0100000075032715215XeQ_OI93M7Ak
000460244363610001598	0100000075032715215iJGmUg932PZw
000460244363610001598	0100000075032715215k%t8iH93C8yI
000460244363610001598	0100000075032715215ptBvLV93lUgU
000460244363610001598	0100000075032715215E_yQQt93+EO7
000460244363610001598	0100000075032715215xW(mWg93CncJ
000460244363610001598	0100000075032715215hWW%E<93DadO
000460244363610001598	0100000075032715215cD;1Bw93PVeD
000460244363610001598	0100000075032715215Wq7g;'93gTjV
000460244363610001598	0100000075032715215nZ;t/f9342SW
000460244363610001598	01000000750327152152KsfRF93WC9B
000460244363610001598	0100000075032715215F,XWah93IYzw
000460244363610001598	01000000750327152159RydCY93NUKA
000460244363610001598	0100000075032715215uH(g,a93PkUe
000460244363610001598	01000000750327152150>l%Ul931u6u
000460244363610001598	0100000075032715215D8(qRW93Aosk
000460244363610001598	0100000075032715215o.BvrX93TCSk
000460244363610001598	0100000075032715215_>oeaX93Wtza
000460244363610001598	0100000075032715215zhLP:R93XUDz
000460244363610001598	0100000075032715215?.;=wI93Jt/2
000460244363610001598	0100000075032715215OTU">V934efH
000460244363610001604	0100000075032715215&J&cFU93oE5k
000460244363610001604	0100000075032715215fbIa:l93yE6q
000460244363610001604	0100000075032715215td9?i993OKyy
000460244363610001604	0100000075032715215V9.ggW93Zh8U
000460244363610001604	0100000075032715215ovYN(e93cgn4
000460244363610001604	01000000750327152159;B.Oa93H9Nw
000460244363610001604	0100000075032715215)o%vuq93NWsO
000460244363610001604	0100000075032715215v'Na2'93DvXM
000460244363610001604	0100000075032715215lze-y193W84l
000460244363610001604	0100000075032715215tSltrF93lLym
000460244363610001604	0100000075032715215XGM>Hh93zJON
000460244363610001604	0100000075032715215Htf3sh93aVM8
000460244363610001604	0100000075032715215CxC7ES93Xxqi
000460244363610001604	0100000075032715215(UHF=l937oSW
000460244363610001604	01000000750327152150YF"l5939ols
000460244363610001604	01000000750327152153H3"WC93AWtf
000460244363610001604	0100000075032715215pl+LsH93X1m2
000460244363610001604	0100000075032715215gqSCCT93shkV
000460244363610001604	0100000075032715215bfPy"H93gLm4
000460244363610001604	0100000075032715215RcwO8F93igZn
000460244363610001604	0100000075032715215bo6gDe93iCOb
000460244363610001604	0100000075032715215YDwaxH93TV/B
000460244363610001604	0100000075032715215WResMX93MaDX
000460244363610001604	0100000075032715215DSrQki93eUl2
000460244363610001613	0100000075032715215>5)gFG93A3wm
000460244363610001613	0100000075032715215WmFcTK93PESS
000460244363610001613	0100000075032715215ZdUerL93czBs
000460244363610001613	0100000075032715215!J.MER93gqeo
000460244363610001613	0100000075032715215ODMLzS93QNY2
000460244363610001613	0100000075032715215RaDgMV939SU+
000460244363610001613	0100000075032715215AUMmAx93Q0Sd
000460244363610001613	0100000075032715215H?Y:hq93MQkB
000460244363610001613	0100000075032715215TKLvJ-93Otzo
000460244363610001613	0100000075032715215NH*TWD93gbzU
000460244363610001613	0100000075032715215Km%_oQ93E0tj
000460244363610001613	0100000075032715215mm4:pN935q4n
000460244363610001613	0100000075032715215KoN5iQ935cXT
000460244363610001613	0100000075032715215jsoG0P93EdqP
000460244363610001613	0100000075032715215j-JJMX93IJsc
000460244363610001613	0100000075032715215dcuuEP93UrVN
000460244363610001613	0100000075032715215jD/pL593Lk47
000460244363610001613	0100000075032715215<!jDip93N5oW
000460244363610001613	0100000075032715215?EjUMt93Vifl
000460244363610001613	0100000075032715215Uwg4iu93tWtP
000460244363610001613	0100000075032715215t(rVPK93ORui
000460244363610001613	0100000075032715215CHqP,V93qitl
000460244363610001613	01000000750327152151WWtqz93G8AL
000460244363610001613	0100000075032715215SGKE9l93NbGQ
000460244363610001622	0100000075032715215YDhPJp93p8qK
000460244363610001622	0100000075032715215Hma9xC937xFo
000460244363610001622	0100000075032715215jeX=6293H1cQ
000460244363610001622	0100000075032715215zh&dpe93WBzK
000460244363610001622	0100000075032715215Jt/C8>93ogI8
000460244363610001622	0100000075032715215euBH<.93TTkP
000460244363610001622	0100000075032715215H5fI0093bOfl
000460244363610001622	0100000075032715215ovbc1"93DJ4S
000460244363610001622	0100000075032715215S8SQPR93of12
000460244363610001622	0100000075032715215fF"9rF933cCj
000460244363610001622	0100000075032715215qR=LT*93jZ+J
000460244363610001622	0100000075032715215JYb?QP93FSk1
000460244363610001622	0100000075032715215lLwCZB93SN3p
000460244363610001622	0100000075032715215>TZgCh93JRoc
000460244363610001622	0100000075032715215KMUNiZ93GoLc
000460244363610001622	0100000075032715215bwbmkM93pv4R
000460244363610001622	0100000075032715215W0Nngc93refc
000460244363610001622	0100000075032715215GkWVk;93DTSl
000460244363610001622	01000000750327152159HQfy)93BmeX
000460244363610001622	0100000075032715215hYWLlO932dNq
000460244363610001622	0100000075032715215dCiSOd93gWsM
000460244363610001622	0100000075032715215<SNlM,93DImk
000460244363610001622	0100000075032715215n%G3yT93oS4E
000460244363610001622	0100000075032715215S"IiP-93wkiQ
000460244363610001631	0100000075032715215VjgR4193MeSL
000460244363610001631	0100000075032715215OeX2Nr93YXET
000460244363610001631	0100000075032715215HHK%yB93rNfW
000460244363610001631	0100000075032715215ORgHW993pnHF
000460244363610001631	0100000075032715215gkhu0;9366ME
000460244363610001631	01000000750327152159r&3lB93xFg8
000460244363610001631	0100000075032715215S,pMOt9378Vz
000460244363610001631	0100000075032715215oUy+Wb93mtwu
000460244363610001631	0100000075032715215?rte_!93EkP9
000460244363610001631	0100000075032715215TwJFLr938QTW
000460244363610001631	0100000075032715215SaBi1V93IbqZ
000460244363610001631	0100000075032715215yGSesg93yZx0
000460244363610001631	0100000075032715215APE>SR93+Z9R
000460244363610001631	0100000075032715215LTze?'93Ac1Y
000460244363610001631	0100000075032715215tWWQNt93L370
000460244363610001631	0100000075032715215M2pgLA930wRS
000460244363610001631	0100000075032715215njLCny93BatX
000460244363610001631	0100000075032715215MZSrtr93Exsy
000460244363610001631	0100000075032715215+FUpAZ93PAWT
000460244363610001631	0100000075032715215yXNGNb930dym
000460244363610001631	0100000075032715215PM*j,493m4eb
000460244363610001631	0100000075032715215?5)p"Z93BT4B
000460244363610001631	0100000075032715215E):Du:93kET5
000460244363610001631	0100000075032715215HrH"8,932kmP
000460244363610001640	0100000075032715215RnkdnH93sOQh
000460244363610001640	0100000075032715215gneVk093Dypg
000460244363610001640	0100000075032715215?MJ<=k93MXGu
000460244363610001640	0100000075032715215fR2%h193/axk
000460244363610001640	0100000075032715215zNyp?P93nPWC
000460244363610001640	0100000075032715215EqbMdK93xL01
000460244363610001640	0100000075032715215XE"BsN93mTsD
000460244363610001640	0100000075032715215+:Fner93cSDZ
000460244363610001640	0100000075032715215%lSz"e93p+xB
000460244363610001640	0100000075032715215;&qdYK9313M0
000460244363610001640	0100000075032715215X6Xi>>93sK66
000460244363610001640	0100000075032715215Q)rWIR93+L0E
000460244363610001640	0100000075032715215LbYWMa93cNr4
000460244363610001640	0100000075032715215,Yid%393bZlv
000460244363610001640	0100000075032715215iXHQMj93pU1b
000460244363610001640	0100000075032715215UC*OQJ93ocGP
000460244363610001640	0100000075032715215L2WsRl93LYmy
000460244363610001640	0100000075032715215w"cFzX93+6sj
000460244363610001640	0100000075032715215ZMU.+?93Y/ku
000460244363610001640	0100000075032715215b-YuOa93NAm2
000460244363610001640	0100000075032715215Vj(H<R93XNVL
000460244363610001640	0100000075032715215*a%r(r93/5Sg
000460244363610001640	0100000075032715215ehGQd.93h/J9
000460244363610001640	01000000750327152157ak!'M9357Ab
000460244363610001659	0100000075032715215sJd50J93ioVq
000460244363610001659	0100000075032715215-7pTm193I0JS
000460244363610001659	0100000075032715215b9cfTq93xJne
000460244363610001659	01000000750327152151a/+p693HJL4
000460244363610001659	0100000075032715215bH_l5E93dG+v
000460244363610001659	0100000075032715215mvOftM93FU8w
000460244363610001659	0100000075032715215IZ%NT;93R7Th
000460244363610001659	0100000075032715215jRfUTc93AORj
000460244363610001659	0100000075032715215VYxiPP93uoqJ
000460244363610001659	0100000075032715215h)!v%,937UfX
000460244363610001659	0100000075032715215PuOR9a93kjZp
000460244363610001659	0100000075032715215':c)T89381YG
000460244363610001659	0100000075032715215hDf&kR93CXXg
000460244363610001659	01000000750327152153gFbJK93wttW
000460244363610001659	0100000075032715215sgbEAI934pKn
000460244363610001659	0100000075032715215Bu>WaR93tUo7
000460244363610001659	0100000075032715215C=YrA293p4d9
000460244363610001659	0100000075032715215ln53MT937D+X
000460244363610001659	0100000075032715215>lMmf+939+BI
000460244363610001659	0100000075032715215hmqLI*93glzV
000460244363610001659	0100000075032715215n%j4mn93tF58
000460244363610001659	0100000075032715215?6YNbZ93169B
000460244363610001659	0100000075032715215OSBURr93K9Ra
000460244363610001659	0100000075032715215phr:xa93w1vf
000460244363610001668	0100000075032715215AE6dm293viIp
000460244363610001668	0100000075032715215csv1se93xKVK
000460244363610001668	0100000075032715215XeAC<(93Ushn
000460244363610001668	0100000075032715215?dgh<K93c4Pa
000460244363610001668	0100000075032715215kS.ABF933foI
000460244363610001668	0100000075032715215fxVBkb93nVYh
000460244363610001668	0100000075032715215u6eb&b93c0AQ
000460244363610001668	0100000075032715215riBjok93dnzL
000460244363610001668	0100000075032715215cnvrtU932xWk
000460244363610001668	0100000075032715215LrOhnt93oAoM
000460244363610001668	0100000075032715215h1GcKO93Zd8x
000460244363610001668	0100000075032715215/gDHgL933i9E
000460244363610001668	0100000075032715215r(EBOi937pZ3
000460244363610001668	0100000075032715215T*mYl;93DdwO
000460244363610001668	0100000075032715215wGbqGW93NXoQ
000460244363610001668	0100000075032715215C+q,Li93u+ow
000460244363610001668	0100000075032715215n.(t0d93e4Nl
000460244363610001668	0100000075032715215dOiX&U93vAEn
000460244363610001668	0100000075032715215Ig9WTq937QQe
000460244363610001668	0100000075032715215kVIPXj93Yn1U
000460244363610001668	0100000075032715215A'rFpl93lHLd
000460244363610001668	0100000075032715215pYD2/q93hlzd
000460244363610001668	0100000075032715215Ui*dDT93sIDc
000460244363610001668	0100000075032715215GOgdbE93QBDN
000460244363610001677	0100000075032715215g*UBgX93wIMx
000460244363610001677	01000000750327152157KDiP/93MwOS
000460244363610001677	0100000075032715215bKO<F<9336uP
000460244363610001677	01000000750327152155+CzM"93n4/j
000460244363610001677	01000000750327152159>zF-g93Iufz
000460244363610001677	0100000075032715215RfC'MR93bPyQ
000460244363610001677	0100000075032715215bcAI7g93bxUp
000460244363610001677	0100000075032715215&IKQrc93Hmaj
000460244363610001677	0100000075032715215lhdELn93roxv
000460244363610001677	0100000075032715215q_EhYw93z//F
000460244363610001677	01000000750327152157zsjg093aZ86
000460244363610001677	0100000075032715215Cf.KV.93+LuJ
000460244363610001677	0100000075032715215,XHuNa93dhUI
000460244363610001677	0100000075032715215Pe<GXK936BvY
000460244363610001677	0100000075032715215VjvIb>93Sj5y
000460244363610001677	0100000075032715215Low88:93F0Tx
000460244363610001677	0100000075032715215GWQ:po939u/z
000460244363610001677	0100000075032715215m=DgX"93JD4x
000460244363610001677	0100000075032715215Zp"_b593Q7lj
000460244363610001677	0100000075032715215PezUSi93ypfA
000460244363610001677	0100000075032715215jP;9W393ceRF
000460244363610001677	01000000750327152154iDRrv93fHFA
000460244363610001677	0100000075032715215Xrh&lE93HCIe
000460244363610001677	0100000075032715215Brw(q*93dF/X
000460244363610001686	0100000075032715215YsaGl193tYAX
000460244363610001686	0100000075032715215Ls(G(f93Bz7r
000460244363610001686	0100000075032715215pX*GA89397pk
000460244363610001686	0100000075032715215VWuNG793K+SH
000460244363610001686	0100000075032715215jAYCgb93QsLh
000460244363610001686	0100000075032715215qt9jI?93MTNE
000460244363610001686	0100000075032715215qhP=ii93wmJB
000460244363610001686	0100000075032715215WOQiYi933fTV
000460244363610001686	0100000075032715215t30;%293NRpi
000460244363610001686	0100000075032715215H8"N&w93P5Xc
000460244363610001686	0100000075032715215hbKt"M93o7DR
000460244363610001686	0100000075032715215pRfAY893/a0I
000460244363610001686	0100000075032715215c2YZYe93h3Cx
000460244363610001686	0100000075032715215IvqfvD93FMXx
000460244363610001686	0100000075032715215KeGlMC93mKfl
000460244363610001686	0100000075032715215vQf5vM93X6Gx
000460244363610001686	0100000075032715215?+Hr<!93i+6+
000460244363610001686	0100000075032715215-86mmK93MlcJ
000460244363610001686	0100000075032715215vJNKFj93NvX+
000460244363610001686	0100000075032715215MWRkZu93PM36
000460244363610001686	01000000750327152152.SEza93/bsJ
000460244363610001686	0100000075032715215/qG'fs933BLh
000460244363610001686	0100000075032715215s9F_MN93j+h3
000460244363610001686	0100000075032715215gVJfub93/7Z4
000460244363610001695	0100000075032715215npU3zb93VmdI
000460244363610001695	0100000075032715215M43ZH993eApf
000460244363610001695	0100000075032715215IFmJEq93oSpY
000460244363610001695	0100000075032715215KHkfI/936T1B
000460244363610001695	0100000075032715215OnpDyF934CE9
000460244363610001695	0100000075032715215q,SeBO93bwgC
000460244363610001695	01000000750327152150oVOmW934Jc3
000460244363610001695	0100000075032715215d6Ybvj93ppyg
000460244363610001695	0100000075032715215dqpdnM93nTht
000460244363610001695	0100000075032715215JDlMH693RkLC
000460244363610001695	0100000075032715215Mwgn/_93bD23
000460244363610001695	0100000075032715215_PcNjj93fL2M
000460244363610001695	0100000075032715215ouPnh593R560
000460244363610001695	0100000075032715215IbF0Kq93WqLv
000460244363610001695	0100000075032715215ETh>Ye93jVrw
000460244363610001695	0100000075032715215rGKuCF93fc0S
000460244363610001695	0100000075032715215TY_k'C93cSyH
000460244363610001695	01000000750327152153dOFf/933jXp
000460244363610001695	0100000075032715215R1tthM93iEsL
000460244363610001695	0100000075032715215U:njCV93yDEO
000460244363610001695	0100000075032715215iWOfFX93mPqu
000460244363610001695	0100000075032715215H8UV/393w5Sn
000460244363610001695	0100000075032715215oQeGjr9350Zi
000460244363610001695	0100000075032715215H.VDfF93tfkr
000460244363610001701	0100000075032715215jzCLL&93PV8N
000460244363610001701	0100000075032715215egJyuq93Bv4l
000460244363610001701	0100000075032715215/!F:lp93MNiG
000460244363610001701	0100000075032715215ankm?N93LTyU
000460244363610001701	0100000075032715215k"%Ddl93JqXj
000460244363610001701	0100000075032715215gAJo"f93tje3
000460244363610001701	0100000075032715215m:Wldy93AQv1
000460244363610001701	01000000750327152150RiGsZ93nUFx
000460244363610001701	0100000075032715215ied0de93vyWM
000460244363610001701	0100000075032715215jNm_TH93aVC+
000460244363610001701	0100000075032715215LKIY_/93YnUC
000460244363610001701	0100000075032715215eQbj<N93zHC7
000460244363610001701	0100000075032715215Cba?It93Ora9
000460244363610001701	0100000075032715215fTZCHI936Ixe
000460244363610001701	0100000075032715215Bi3ws8933qMh
000460244363610001701	0100000075032715215N*Ka>A931KwM
000460244363610001701	0100000075032715215HBs=c193a37J
000460244363610001701	0100000075032715215jODeKM93rZB9
000460244363610001701	0100000075032715215rbkLiK93D46s
000460244363610001701	0100000075032715215R&q-y:93xy3S
000460244363610001701	0100000075032715215b3ClPl93AiJ4
000460244363610001701	0100000075032715215%gtuTW93I/aS
000460244363610001701	01000000750327152153eD0uJ93GlJz
000460244363610001701	0100000075032715215eGFOLR93fEaH
000460244363610001710	0100000075032715215>Nc8ap93Froe
000460244363610001710	0100000075032715215u+L8SW93g+6o
000460244363610001710	0100000075032715215p"s)Lj93AHic
000460244363610001710	0100000075032715215r8nH9A931hji
000460244363610001710	0100000075032715215iGQUNV93ypil
000460244363610001710	0100000075032715215QJhAYm93cb2p
000460244363610001710	0100000075032715215FphXa"93hPg5
000460244363610001710	0100000075032715215!D'U&,93U9W9
000460244363610001710	0100000075032715215'/gQR693p6tv
000460244363610001710	01000000750327152154PwKKN937rQO
000460244363610001710	0100000075032715215_Kpt5K931tXz
000460244363610001710	0100000075032715215uqAy7893WmD3
000460244363610001710	0100000075032715215JN41nd9364I+
000460244363610001710	0100000075032715215!&EVLh93a8sA
000460244363610001710	0100000075032715215fFg8EV93je83
000460244363610001710	0100000075032715215TQ*.eM934EoY
000460244363610001710	0100000075032715215DhBxg_93nEcO
000460244363610001710	0100000075032715215.q>L=c93lIxl
000460244363610001710	0100000075032715215b-2gff93CcFh
000460244363610001710	0100000075032715215.,7SDH93G78U
000460244363610001710	0100000075032715215BX",6&93Mfrv
000460244363610001710	010000007503271521559wc!U93MB1A
000460244363610001710	0100000075032715215snTU>i931gsl
000460244363610001710	0100000075032715215Y!+Lyv93E0Qb
000460244363610001729	0100000075032715215n<OC;h93V4Jr
000460244363610001729	0100000075032715215pVsPVK93NDVR
000460244363610001729	0100000075032715215VeCTIm937AQl
000460244363610001729	0100000075032715215Jms.Ox93dT5K
000460244363610001729	0100000075032715215TboVLC93uFPn
000460244363610001729	0100000075032715215wVjHY193lmlZ
000460244363610001729	0100000075032715215uUGe7H93KFt0
000460244363610001729	01000000750327152152Adltc93Bfic
000460244363610001729	0100000075032715215nTRE!593Bx9G
000460244363610001729	0100000075032715215?<Ifoe93o5UC
000460244363610001729	0100000075032715215TwKcNm93DWqo
000460244363610001729	0100000075032715215nipFQP9325h2
000460244363610001729	0100000075032715215ly'Ua;93U8qK
000460244363610001729	0100000075032715215IdIUV:93LLsW
000460244363610001729	0100000075032715215;1q:m593DpkR
000460244363610001729	0100000075032715215uQ0nOp93+XAG
000460244363610001729	0100000075032715215UTqevR93LUBM
000460244363610001729	0100000075032715215J*CNaY93zvTS
000460244363610001729	0100000075032715215p74qcv93/Trq
000460244363610001729	0100000075032715215RffACI93KJ0R
000460244363610001729	0100000075032715215oQXpKk93BrVu
000460244363610001729	0100000075032715215WVNHXh930CIO
000460244363610001729	0100000075032715215qA?Q*t93Px4q
000460244363610001729	0100000075032715215oVCo%v93xe1z
000460244363610001738	0100000075032715215Yp-1aD93sqp+
000460244363610001738	0100000075032715215CHooul930GQr
000460244363610001738	0100000075032715215*kVP_&93Vm8v
000460244363610001738	0100000075032715215i0g3il93miTa
000460244363610001738	0100000075032715215_m!m7w93I5Db
000460244363610001738	0100000075032715215ujchZ:93vfgt
000460244363610001738	01000000750327152155lLW_;93K3B3
000460244363610001738	0100000075032715215dLpFkr93GUAq
000460244363610001738	0100000075032715215b.TiEm93DxQX
000460244363610001738	0100000075032715215Yr-U6S93uSYX
000460244363610001738	0100000075032715215=r;H"e93o7GI
000460244363610001738	0100000075032715215E;FYjc93g5CG
000460244363610001738	0100000075032715215rmBylb93pToE
000460244363610001738	0100000075032715215:0%-6e936VBd
000460244363610001738	0100000075032715215c=l*Vk93YZ8g
000460244363610001738	0100000075032715215FhRNBF93kcPP
000460244363610001738	0100000075032715215VWgccb93hx4Q
000460244363610001738	0100000075032715215NWDxj593f5ic
000460244363610001738	0100000075032715215f7Efzl93BmFI
000460244363610001738	0100000075032715215XW.hUh939uLx
000460244363610001738	0100000075032715215gt,Sge936rXH
000460244363610001738	0100000075032715215KrWXBL93F3zr
000460244363610001738	0100000075032715215TyRdjp93SubU
000460244363610001738	0100000075032715215f&Fl*n93c92T
000460244363610001747	0100000075032715215o1tRmA93+jR5
000460244363610001747	01000000750327152153:0TfG936irO
000460244363610001747	0100000075032715215.n'wF793yIZ5
000460244363610001747	01000000750327152151NrCHr93Lznw
000460244363610001747	01000000750327152159P%)/t93y/M2
000460244363610001747	0100000075032715215=B&lBD93hwDx
000460244363610001747	0100000075032715215gekrjp938DhG
000460244363610001747	0100000075032715215OowQJI93Msvj
000460244363610001747	0100000075032715215TIg3jA93nyfC
000460244363610001747	0100000075032715215fWK_aa93sj1b
000460244363610001747	0100000075032715215A5Lgeh93EX5z
000460244363610001747	0100000075032715215>pOH1g931jLd
000460244363610001747	0100000075032715215bwpTXU93Lk+e
000460244363610001747	0100000075032715215FskJHG93XZy9
000460244363610001747	0100000075032715215OW',lI93WELf
000460244363610001747	0100000075032715215gI?3c;93q5V6
000460244363610001747	0100000075032715215uMk"g:93zf4O
000460244363610001747	0100000075032715215kFAa6'93VlQD
000460244363610001747	0100000075032715215XWWi9?93g6u2
000460244363610001747	0100000075032715215Cnyj,w93rP7d
000460244363610001747	0100000075032715215z<!iWp9382q1
000460244363610001747	0100000075032715215PJciD'93Vhzj
000460244363610001747	0100000075032715215m.p:Ca93PtM7
000460244363610001747	0100000075032715215OC8gtf93HVW/
000460244363610001756	0100000075032715215"Y_yiE93ubT7
000460244363610001756	0100000075032715215IooNqg93VmM2
000460244363610001756	0100000075032715215kLNPgw93TojD
000460244363610001756	0100000075032715215n<pi</93IJ6N
000460244363610001756	0100000075032715215KM'XlG93He8+
000460244363610001756	0100000075032715215n7Ts3X932VUy
000460244363610001756	0100000075032715215m+A?&A93BxqU
000460244363610001756	0100000075032715215/YklDZ93N301
000460244363610001756	0100000075032715215eFZYb"93hrDT
000460244363610001756	0100000075032715215XTlEvu93SYeF
000460244363610001756	0100000075032715215A7VQkF93yG++
000460244363610001756	0100000075032715215zdY%7k930UGN
000460244363610001756	0100000075032715215GLLBIm9388bk
000460244363610001756	0100000075032715215OolNjD93wPzk
000460244363610001756	0100000075032715215FosFp093kXPw
000460244363610001756	0100000075032715215:W.j7?934oAb
000460244363610001756	0100000075032715215rVo;2893kDH+
000460244363610001756	0100000075032715215aO;YJK93AOo8
000460244363610001756	0100000075032715215X2eP_;93dQAl
000460244363610001756	0100000075032715215C'eTlM93SzhB
000460244363610001756	0100000075032715215(4fd%H93EyLb
000460244363610001756	0100000075032715215rNpHeN93PKbY
000460244363610001756	0100000075032715215a!aeCA93wziF
000460244363610001756	0100000075032715215URDBFT93gNDd
000460244363610001765	0100000075032715215dmll%a93VPhn
000460244363610001765	0100000075032715215"OPyGs93A6Jg
000460244363610001765	0100000075032715215gPrxTZ93cqrl
000460244363610001765	0100000075032715215sOsnM493GOV+
000460244363610001765	0100000075032715215V9PkWT93FRj1
000460244363610001765	0100000075032715215sBgcOO93y+0X
000460244363610001765	0100000075032715215a0qeeu93VBOi
000460244363610001765	0100000075032715215_D;--n9366py
000460244363610001765	0100000075032715215qflxKE93M4W7
000460244363610001765	0100000075032715215s!w.9P93A/GC
000460244363610001765	0100000075032715215AXrVGS93Lr67
000460244363610001765	0100000075032715215;6PwpE93Tcv5
000460244363610001765	0100000075032715215RSX;N_9376Bi
000460244363610001765	0100000075032715215FqOJP?93rf5o
000460244363610001765	0100000075032715215FLgP/P93YcRs
000460244363610001765	0100000075032715215sOYYSN934Hxr
000460244363610001765	0100000075032715215aFEXQk93yiqn
000460244363610001765	0100000075032715215j6s>Ks9363NQ
000460244363610001765	0100000075032715215pZfStU9315yV
000460244363610001765	0100000075032715215FE&lcY938BpD
000460244363610001765	0100000075032715215kgJUaY93rXu1
000460244363610001765	0100000075032715215aMOnHR93XrxC
000460244363610001765	0100000075032715215X>pQT;93jgfZ
000460244363610001765	01000000750327152155t'PB!93oYWv
000460244363610001774	0100000075032715215>J?Gmm93M8yq
000460244363610001774	0100000075032715215tToQ'S934aUt
000460244363610001774	0100000075032715215'/83VQ93gX7A
000460244363610001774	0100000075032715215NLs:2V93bPtU
000460244363610001774	0100000075032715215jaxstc93wQbz
000460244363610001774	0100000075032715215/Z<gaE93lDRt
000460244363610001774	0100000075032715215Xlsrt!93RRMa
000460244363610001774	0100000075032715215%dNbBm93Xy7t
000460244363610001774	0100000075032715215nTWD'R93dMTj
000460244363610001774	0100000075032715215eO;:eq930zMW
000460244363610001774	0100000075032715215oifCLL93kSDs
000460244363610001774	0100000075032715215xda3n093IRtM
000460244363610001774	0100000075032715215/<PYMC93tFVo
000460244363610001774	0100000075032715215(y%VFH93AfYk
000460244363610001774	0100000075032715215Ktp=tD93fOSs
000460244363610001774	0100000075032715215%!LhWz93ZTDU
000460244363610001774	0100000075032715215Hhc*3g93VXF4
000460244363610001774	01000000750327152151EbDnQ93MtxI
000460244363610001774	01000000750327152154s6o+E93gySe
000460244363610001774	0100000075032715215J5n=jB93C96Y
000460244363610001774	0100000075032715215hlwlPO93HWGF
000460244363610001774	0100000075032715215Rmkqyd93Gl9I
000460244363610001774	0100000075032715215js>!Yf93JfSy
000460244363610001774	0100000075032715215"r*oZy93twL3
000460244363610001783	0100000075032715215Fd>?AE93fOks
000460244363610001783	0100000075032715215B2soNj93PP/M
000460244363610001783	0100000075032715215mcEJhM93xCPe
000460244363610001783	0100000075032715215J&t)os93ApVF
000460244363610001783	0100000075032715215=sagqH93BA4G
000460244363610001783	0100000075032715215T.o*<g931Ecw
000460244363610001783	0100000075032715215SAK.F093Qm3I
000460244363610001783	01000000750327152154.WsVo93M7SC
000460244363610001783	0100000075032715215jtqLBl93u82L
000460244363610001783	0100000075032715215npJKa(93FaNg
000460244363610001783	0100000075032715215ca1/AL93geUj
000460244363610001783	0100000075032715215:!QiT-93aIpp
000460244363610001783	0100000075032715215D6*InS93+Gu2
000460244363610001783	0100000075032715215AodKgZ93tc29
000460244363610001783	0100000075032715215Nlr%ec9309zO
000460244363610001783	0100000075032715215MEePBd930wqw
000460244363610001783	01000000750327152155NyhX(93kllK
000460244363610001783	0100000075032715215q4fqOE93GjVh
000460244363610001783	0100000075032715215<EHUOT935IHE
000460244363610001783	0100000075032715215I:O3ng93lN5A
000460244363610001783	0100000075032715215KZORa+931UDD
000460244363610001783	0100000075032715215Danjzh938aJS
000460244363610001783	0100000075032715215>SMrld93Qk60
000460244363610001783	0100000075032715215+88xvG931s8j
000460244363610001792	0100000075032715215EeIYAm932QK3
000460244363610001792	0100000075032715215iZu78k93LLYF
000460244363610001792	0100000075032715215;se<qU938S7c
000460244363610001792	0100000075032715215%5teFq938j+p
000460244363610001792	0100000075032715215VrsaaL93+nbH
000460244363610001792	0100000075032715215id4gio93Cb7O
000460244363610001792	0100000075032715215g9D'1p93xpw7
000460244363610001792	0100000075032715215T1DbjG93S0gA
000460244363610001792	0100000075032715215lC_8UY93gSWz
000460244363610001792	01000000750327152152YrP'M93n1hN
000460244363610001792	0100000075032715215bL:mTR93c6Df
000460244363610001792	0100000075032715215Nlla;W93/TFZ
000460244363610001792	0100000075032715215d?c?Xz93r8+O
000460244363610001792	010000007503271521571j:"H930774
000460244363610001792	0100000075032715215&PNAfc93CAQv
000460244363610001792	0100000075032715215MgN*mf93e7B0
000460244363610001792	010000007503271521567ANUT93vMtX
000460244363610001792	0100000075032715215_gjQf*93XHFh
000460244363610001792	0100000075032715215XoetWU93UohC
000460244363610001792	0100000075032715215xKaglf93bunj
000460244363610001792	0100000075032715215Su=S2P93NFK1
000460244363610001792	0100000075032715215VB1_Tc93Rqwl
000460244363610001792	0100000075032715215640WTD93aWvN
000460244363610001792	01000000750327152158WoBJk93uxw5
000460244363610001808	0100000075032715215J1M*:Z936MNR
000460244363610001808	0100000075032715215xxa4N=93Ij/t
000460244363610001808	0100000075032715215cIN1oF93kDQq
000460244363610001808	0100000075032715215q*EtBM93gX/C
000460244363610001808	0100000075032715215MGGdE=93TogT
000460244363610001808	0100000075032715215Ah1Fi8933XGk
000460244363610001808	010000007503271521595._lM93J7Oj
000460244363610001808	01000000750327152150/<0so93Tqd4
000460244363610001808	01000000750327152154n&08r931OJ4
000460244363610001808	0100000075032715215F-P3Ci93zsHK
000460244363610001808	0100000075032715215Dj7FUk93vCnO
000460244363610001808	0100000075032715215a7GfVR93LVss
000460244363610001808	01000000750327152151uiq7-93sfN6
000460244363610001808	0100000075032715215AYMqoh93twNL
000460244363610001808	0100000075032715215Wumog'93WeNx
000460244363610001808	0100000075032715215fraD0W93ySrF
000460244363610001808	0100000075032715215'dZAid93IkfU
000460244363610001808	0100000075032715215SZq4km93io1O
000460244363610001808	01000000750327152155MCpj&9360fx
000460244363610001808	0100000075032715215&YTGrq93NFqq
000460244363610001808	0100000075032715215NcY/&Z93ptxp
000460244363610001808	0100000075032715215bi9K>X93HLf1
000460244363610001808	0100000075032715215OiOmy%93Y4Ib
000460244363610001808	0100000075032715215xDHfNZ93qY7l
000460244363610001817	01000000750327152155dJiBi93Kapz
000460244363610001817	0100000075032715215doGpyM93eF/K
000460244363610001817	0100000075032715215sR'Y,J93RYle
000460244363610001817	0100000075032715215IQyPJB93wyrF
000460244363610001817	0100000075032715215tD(ut,93k/HL
000460244363610001817	0100000075032715215DKBWdb93jpoo
000460244363610001817	0100000075032715215U!ZW2e93RJfa
000460244363610001817	0100000075032715215bno2Oc93/PeY
000460244363610001817	0100000075032715215UrxrYU93Gohb
000460244363610001817	0100000075032715215YUttK_93mmkA
000460244363610001817	0100000075032715215Zi-HxD939CHA
000460244363610001817	0100000075032715215k3SDmi93DL+2
000460244363610001817	0100000075032715215fndrDB93xeF6
000460244363610001817	0100000075032715215zeRCTm93aLdw
000460244363610001817	0100000075032715215%;VDAK93iPrN
000460244363610001817	0100000075032715215pPS5Ym93D7XQ
000460244363610001817	0100000075032715215>xS!X%93wNHW
000460244363610001817	01000000750327152157mIqGq935mCJ
000460244363610001817	0100000075032715215N8ctO'93aA9O
000460244363610001817	0100000075032715215q3qW<?93yy9/
000460244363610001817	0100000075032715215Ubq"<i93/uE/
000460244363610001817	0100000075032715215Jj5Fb_93xoz6
000460244363610001817	0100000075032715215s%XP0j93+QX4
000460244363610001817	0100000075032715215hSyJKA939U9M
000460244363610001826	0100000075032715215O_ozB.93lzNq
000460244363610001826	0100000075032715215deSJeR93t40U
000460244363610001826	0100000075032715215VSWxL893Disu
000460244363610001826	0100000075032715215R41O+D93On5k
000460244363610001826	0100000075032715215ShJq_+93p7PX
000460244363610001826	0100000075032715215Xbv?Lk93JUi/
000460244363610001826	0100000075032715215p6EHbL937xxk
000460244363610001826	0100000075032715215D6K*7/93D6Np
000460244363610001826	0100000075032715215.gbaN&93rFWA
000460244363610001826	0100000075032715215-LsQYw93snP+
000460244363610001826	01000000750327152154MM,TO93yWez
000460244363610001826	0100000075032715215X"EDZZ936FJG
000460244363610001826	0100000075032715215pSmocb93Rnzm
000460244363610001826	0100000075032715215FWoTVC93QG7L
000460244363610001826	0100000075032715215BH+vwt93EOze
000460244363610001826	0100000075032715215VpY(Wa93uHqU
000460244363610001826	0100000075032715215&2b+6r935npv
000460244363610001826	0100000075032715215bKY-tD93MNOS
000460244363610001826	0100000075032715215tYjEo/93tSLy
000460244363610001826	01000000750327152155iNo:w934RMn
000460244363610001826	0100000075032715215STLof"93caxz
000460244363610001826	0100000075032715215GsireZ934qC/
000460244363610001826	0100000075032715215M/d&KO93gxcD
000460244363610001826	0100000075032715215+J6-+F93txAl
000460244363610001835	0100000075032715215F:ms2I93doxq
000460244363610001835	0100000075032715215)DA3B,93lM+6
000460244363610001835	0100000075032715215En6Act9337dD
000460244363610001835	0100000075032715215a"ksAw93GQQ2
000460244363610001835	0100000075032715215r&W1RZ93C4pS
000460244363610001835	0100000075032715215vsMn7M93ED6S
000460244363610001835	0100000075032715215icOpY>93Dwkn
000460244363610001835	0100000075032715215Y>ltNt930umA
000460244363610001835	0100000075032715215fnF9)n93FfnP
000460244363610001835	0100000075032715215%:fM-j93uIwG
000460244363610001835	0100000075032715215MsmonA93HdHX
000460244363610001835	0100000075032715215Cj7%=x93Nmzu
000460244363610001835	0100000075032715215H%sUtF93tq8q
000460244363610001835	0100000075032715215hdt?t(934jeq
000460244363610001835	0100000075032715215enCq_K93o2o3
000460244363610001835	0100000075032715215QobpUK93ZVXL
000460244363610001835	0100000075032715215mkPjTg93gGRj
000460244363610001835	0100000075032715215abNlyl93BMzL
000460244363610001835	0100000075032715215nJCzIn93g1lZ
000460244363610001835	0100000075032715215-AJWP:93PZV+
000460244363610001835	0100000075032715215RV(jND93QZM4
000460244363610001835	0100000075032715215kfEp%w93zIdK
000460244363610001835	0100000075032715215"ZrTmg93jjRx
000460244363610001835	0100000075032715215W)0V9b93wrH4
000460244363610001844	0100000075032715215_DTS,a93PqCr
000460244363610001844	0100000075032715215kQrd4C93K8Kk
000460244363610001844	0100000075032715215AkZh(193rGoO
000460244363610001844	0100000075032715215JuvFR(93N5mM
000460244363610001844	0100000075032715215qpSP%e9377qv
000460244363610001844	0100000075032715215.gjHs693kyDB
000460244363610001844	01000000750327152152gKIo493EP3I
000460244363610001844	0100000075032715215;:=d&D93qMKV
000460244363610001844	0100000075032715215.82I",93dW7l
000460244363610001844	0100000075032715215ZRvkXF93wk1p
000460244363610001844	0100000075032715215%dxXHE93ZqJD
000460244363610001844	0100000075032715215TTRlXt93Sjpl
000460244363610001844	0100000075032715215JuX2hv938/j+
000460244363610001844	0100000075032715215ksH+Wj93LCQT
000460244363610001844	0100000075032715215q+*MsH93bR4N
000460244363610001844	0100000075032715215QHzpoL93KGqF
000460244363610001844	0100000075032715215x1QS8h93mLkh
000460244363610001844	0100000075032715215GAdWh<93nzLg
000460244363610001844	0100000075032715215jylC<Y93uMg+
000460244363610001844	0100000075032715215KaEqp5939Iu+
000460244363610001844	0100000075032715215AtqVP"93z1kU
000460244363610001844	0100000075032715215Mnq:*F93CUnJ
000460244363610001844	0100000075032715215M_*WFP93MJXn
000460244363610001844	01000000750327152159ZsWOJ93GswP
000460244363610001853	0100000075032715215&NXKKq93+rSt
000460244363610001853	0100000075032715215I8DV3,93MY9V
000460244363610001853	0100000075032715215hj+F2J93DJD1
000460244363610001853	0100000075032715215SM0c-d93Rnnj
000460244363610001853	0100000075032715215;QPGLX93sNFe
000460244363610001853	0100000075032715215r,TwOW93reqJ
000460244363610001853	01000000750327152158M.C_Q93rpji
000460244363610001853	0100000075032715215(=BYy!93NNvV
000460244363610001853	0100000075032715215i6EWzB93EVTA
000460244363610001853	0100000075032715215UH>wiY93OgOu
000460244363610001853	0100000075032715215RIrMX393NXU8
000460244363610001853	0100000075032715215uR5TDF935YWs
000460244363610001853	0100000075032715215_VB>F'93dIn9
000460244363610001853	0100000075032715215HR*yD793chFh
000460244363610001853	0100000075032715215DVQi%n93oyO/
000460244363610001853	0100000075032715215U>nZo'93b5G+
000460244363610001853	0100000075032715215XsSITE93vglk
000460244363610001853	0100000075032715215L+ddMs93wDLL
000460244363610001853	0100000075032715215hEJyHk93S1yK
000460244363610001853	0100000075032715215D"XVUi93d6Sk
000460244363610001853	0100000075032715215N.i0)b93xQdC
000460244363610001853	0100000075032715215m.gmzw93/T06
000460244363610001853	0100000075032715215zmm5!W93SLnh
000460244363610001853	010000007503271521545QtjO93btHo
000460244363610001862	0100000075032715215:7IRne93rqsz
000460244363610001862	01000000750327152150!CRAO933gY2
000460244363610001862	0100000075032715215TlEzXj93hGVh
000460244363610001862	0100000075032715215bDLjaZ93VWJ0
000460244363610001862	0100000075032715215bA4eY*93ujLX
000460244363610001862	0100000075032715215k72I:O93Fx5M
000460244363610001862	0100000075032715215)7QIvF93ReQw
000460244363610001862	0100000075032715215oyBk_193C87f
000460244363610001862	0100000075032715215)u&YHn93Y+QO
000460244363610001862	0100000075032715215HE(?i493gF4i
000460244363610001862	0100000075032715215LD-RRm93Ik4x
000460244363610001862	0100000075032715215IU=1cA93XVUd
000460244363610001862	0100000075032715215(:kM3H93IKOa
000460244363610001862	0100000075032715215%NMtKI93jqTy
000460244363610001862	0100000075032715215dXS7Gg936//L
000460244363610001862	0100000075032715215ZK*,6:934vGK
000460244363610001862	0100000075032715215djA<;q93304r
000460244363610001862	0100000075032715215Mf7?aA93wM0I
000460244363610001862	0100000075032715215a5zggx930rcP
000460244363610001862	0100000075032715215IRfdD6932YUB
000460244363610001862	0100000075032715215b69*GX93K5Jb
000460244363610001862	0100000075032715215xw;zyd93kVgT
000460244363610001862	0100000075032715215!8"G)<93hH2P
000460244363610001862	0100000075032715215ehsVT-93Jl1w
000460244363610001871	01000000750327152155anTFB93VF/A
000460244363610001871	0100000075032715215bHLPWf93EBBS
000460244363610001871	0100000075032715215VAc-aq939XqQ
000460244363610001871	0100000075032715215GR=tAK937b38
000460244363610001871	0100000075032715215rrlTbE93GCR7
000460244363610001871	0100000075032715215P)P<pO93AU3c
000460244363610001871	0100000075032715215?pw/nr932Wt2
000460244363610001871	0100000075032715215O/o:GD93sFlJ
000460244363610001871	0100000075032715215YHWRNT93VDe8
000460244363610001871	0100000075032715215WoXuMv93JmVP
000460244363610001871	0100000075032715215UYevQO939wTF
000460244363610001871	0100000075032715215V5b.!O93OG85
000460244363610001871	0100000075032715215bgtYlj9366M8
000460244363610001871	0100000075032715215gAMgN593afRY
000460244363610001871	0100000075032715215OegPDG93Gi+t
000460244363610001871	0100000075032715215f_MHzl93p+1L
000460244363610001871	0100000075032715215&NaBC_93vji6
000460244363610001871	0100000075032715215uO?&oF93LXrd
000460244363610001871	0100000075032715215068fjH93GERX
000460244363610001871	0100000075032715215F_XvVC93wyEB
000460244363610001871	0100000075032715215N,A8TY93SnID
000460244363610001871	01000000750327152152jV/kN93aSNw
000460244363610001871	0100000075032715215SIeA;t931bBC
000460244363610001871	0100000075032715215HcSf1S93qm6f
000460244363610001880	0100000075032715215fkbL-F93roQQ
000460244363610001880	0100000075032715215=8FEIA93Gu1R
000460244363610001880	0100000075032715215WdqKd;93ndxs
000460244363610001880	0100000075032715215MkQsR.93Dfmi
000460244363610001880	0100000075032715215QcssV293/RZd
000460244363610001880	0100000075032715215pNFIsI93K9rv
000460244363610001880	0100000075032715215T<DLsn93cyrb
000460244363610001880	0100000075032715215S;VKam939tG0
000460244363610001880	0100000075032715215kff1vU93U3Ac
000460244363610001880	0100000075032715215gZKQZZ93sIT2
000460244363610001880	0100000075032715215nQMiPj93dSnN
000460244363610001880	0100000075032715215;EWI/U93U5Su
000460244363610001880	0100000075032715215m&UJP<931jXB
000460244363610001880	0100000075032715215Ht8GlW93/cL3
000460244363610001880	0100000075032715215tYirfB93RROG
000460244363610001880	0100000075032715215OLzFZP93NKHU
000460244363610001880	0100000075032715215ttdDK=93ZKRe
000460244363610001880	0100000075032715215AJG6bF93Uu2W
000460244363610001880	0100000075032715215MWyjxV93ZtN8
000460244363610001880	0100000075032715215PbT7+s93JUqT
000460244363610001880	0100000075032715215.khvT4936KGM
000460244363610001880	0100000075032715215Q3!vay93pGU4
000460244363610001880	0100000075032715215:UEmSM93veqG
000460244363610001880	0100000075032715215U-IO&s93MUGY
000460244363610001899	0100000075032715215hDXQEC93wJuf
000460244363610001899	0100000075032715215OcY0kD93nXhY
000460244363610001899	0100000075032715215''M_sY93oQyC
000460244363610001899	0100000075032715215SnXf%e93xvfP
000460244363610001899	0100000075032715215HRoSrG93eEK6
000460244363610001899	0100000075032715215>5MvuU93DU69
000460244363610001899	0100000075032715215OZhJqP93OZ/P
000460244363610001899	0100000075032715215irXZ,%93MxEK
000460244363610001899	0100000075032715215SKRLja935WNC
000460244363610001899	0100000075032715215'B/qGe93ce7K
000460244363610001899	0100000075032715215ZJTV%Z93ZXWH
000460244363610001899	0100000075032715215hDArFR930Wid
000460244363610001899	0100000075032715215b3C8EG93AvK5
000460244363610001899	01000000750327152158WG&Ht93wPII
000460244363610001899	0100000075032715215Q0I'X,93h3SA
000460244363610001899	0100000075032715215JFEk8K93l3fl
000460244363610001899	0100000075032715215i5*KcM93Mw2O
000460244363610001899	0100000075032715215V1qtc293+Xky
000460244363610001899	0100000075032715215tJrg=f93JJST
000460244363610001899	0100000075032715215IGXSm393Hdwm
000460244363610001899	0100000075032715215w_bVRF93t9Hr
000460244363610001899	0100000075032715215*aiWL"93I09J
000460244363610001899	0100000075032715215dNFpSk93G3AX
000460244363610001899	0100000075032715215Y+AcS9936dR+
000460244363610001905	0100000075032715215gI&TZZ93M3dO
000460244363610001905	0100000075032715215-a"M0?93xra8
000460244363610001905	0100000075032715215gxkWv?93LjdL
000460244363610001905	0100000075032715215!eNHeN93bMzW
000460244363610001905	0100000075032715215SiIDAY93BhnB
000460244363610001905	0100000075032715215;'PSMy93IKyD
000460244363610001905	0100000075032715215(jjjT?93Onqb
000460244363610001905	0100000075032715215qfJ;C:93FcLs
000460244363610001905	0100000075032715215WoqSCu937Lu9
000460244363610001905	0100000075032715215L!tucm93pmut
000460244363610001905	0100000075032715215GueJug93sZwy
000460244363610001905	0100000075032715215"7zMjy93Z2hX
000460244363610001905	0100000075032715215xprHNn93y8KR
000460244363610001905	0100000075032715215C&p":=93gq1b
000460244363610001905	0100000075032715215zD?50M93Ayoi
000460244363610001905	0100000075032715215!YL%Ye93/qOb
000460244363610001905	0100000075032715215_Ktkyp93Grj2
000460244363610001905	0100000075032715215MtSR*K93IuzD
000460244363610001905	0100000075032715215tgWu>r93hEqo
000460244363610001905	0100000075032715215XFusG(93dDLp
000460244363610001905	0100000075032715215GPKT4m93eCc4
000460244363610001905	0100000075032715215ndfzOG93P2I5
000460244363610001905	0100000075032715215OMswrS93uOJ5
000460244363610001905	0100000075032715215EX,q"T93SxhM
000460244363610001914	0100000075032715215=:X<JF93pV25
000460244363610001914	0100000075032715215I;zTT593yxd5
000460244363610001914	0100000075032715215Xskamz934vZ7
000460244363610001914	0100000075032715215D&LHaA93GSbA
000460244363610001914	0100000075032715215nNL8VQ93OrG6
000460244363610001914	0100000075032715215SfrVZn93Vq5j
000460244363610001914	0100000075032715215HFKUo8930oV8
000460244363610001914	0100000075032715215AWtR9Y93w4vn
000460244363610001914	01000000750327152153uZf9P93u8qz
000460244363610001914	0100000075032715215DYLNdS93BmxZ
000460244363610001914	0100000075032715215KF>0!D932DHQ
000460244363610001914	01000000750327152151OZ!!;93WSWx
000460244363610001914	0100000075032715215glndBP93+5+T
000460244363610001914	0100000075032715215al/qsU93EffA
000460244363610001914	01000000750327152152aYw+o93da0S
000460244363610001914	0100000075032715215FJj7EI93R+SD
000460244363610001914	0100000075032715215nMLnqi93NBu/
000460244363610001914	0100000075032715215oCl>Sc93DR2c
000460244363610001914	0100000075032715215+hZ;C393t+Oe
000460244363610001914	0100000075032715215h_reHb93c2Yw
000460244363610001914	0100000075032715215w9AJoN93qGg9
000460244363610001914	0100000075032715215)Fe9"'93WsZB
000460244363610001914	0100000075032715215kZ&jWe93E2ZS
000460244363610001914	0100000075032715215b:fIOm93GR9r
000460244363610001923	0100000075032715215hEctVH933H0O
000460244363610001923	0100000075032715215laREQ:93D+6s
000460244363610001923	0100000075032715215FdJdcD93AsEV
000460244363610001923	0100000075032715215y>>gd!93LMxn
000460244363610001923	0100000075032715215lfLD&G93g+OG
000460244363610001923	0100000075032715215e0oviK93ebuh
000460244363610001923	0100000075032715215AKPlM793evOS
000460244363610001923	0100000075032715215mMSz&n938Aul
000460244363610001923	0100000075032715215lWWg3b93XF31
000460244363610001923	0100000075032715215&%CMzM93LFfT
000460244363610001923	0100000075032715215eaT'P&9302Pj
000460244363610001923	0100000075032715215XLqaJ%93ndVH
000460244363610001923	0100000075032715215OjeZ'D93Uf2A
000460244363610001923	0100000075032715215rKaPfO93M24b
000460244363610001923	01000000750327152152AWsiA93vavW
000460244363610001923	0100000075032715215Yg8Y>O930Ja7
000460244363610001923	0100000075032715215RVJv%j93PowR
000460244363610001923	0100000075032715215DJ)Ns:93o8CZ
000460244363610001923	0100000075032715215ARqPR<93gaBY
000460244363610001923	0100000075032715215AZnn>A93Q52o
000460244363610001923	0100000075032715215VFY_K393/5lQ
000460244363610001923	0100000075032715215wlyKRY93XQdL
000460244363610001923	0100000075032715215WDW7q093T+LB
000460244363610001923	0100000075032715215%LuA?493blNY
000460244363610001932	0100000075032715215lxS8SB93dL+A
000460244363610001932	01000000750327152153D-QSl93M2WE
000460244363610001932	0100000075032715215bx9pVP93jvH+
000460244363610001932	01000000750327152153I(tPY93MSm2
000460244363610001932	0100000075032715215ci1-GN937sij
000460244363610001932	0100000075032715215X0vgWO93tIxP
000460244363610001932	0100000075032715215k80w&r93QNhP
000460244363610001932	0100000075032715215&XqIdC93MZGa
000460244363610001932	0100000075032715215XJOrTN93YDXe
000460244363610001932	0100000075032715215FMNCDg93HQPh
000460244363610001932	0100000075032715215k'FbPj93Xbk4
000460244363610001932	01000000750327152155JTqJl93w8Ty
000460244363610001932	0100000075032715215vSaaNC939M10
000460244363610001932	0100000075032715215COwOGs93XzBw
000460244363610001932	0100000075032715215hV'(Oh936ZtU
000460244363610001932	0100000075032715215eN,-Pn93hE6G
000460244363610001932	01000000750327152155j;XqH93UlOC
000460244363610001932	0100000075032715215BkE>F!93oaho
000460244363610001932	0100000075032715215-k,-pY93kDka
000460244363610001932	0100000075032715215).FeR/93AB3M
000460244363610001932	0100000075032715215efo9Jk93BBB8
000460244363610001932	0100000075032715215abeZyo93ynUi
000460244363610001932	0100000075032715215Qk7rBQ93Nu9A
000460244363610001932	0100000075032715215G,CdJF93OL9b
000460244363610001941	0100000075032715215hP4mEz93SlE0
000460244363610001941	0100000075032715215XA&WcP93hOFV
000460244363610001941	0100000075032715215tBQmz'93hAPd
000460244363610001941	0100000075032715215GqaqqO93gb2d
000460244363610001941	0100000075032715215j=bSoq93JFbc
000460244363610001941	0100000075032715215nmjV4V9330nR
000460244363610001941	0100000075032715215sUL/&X93uH/K
000460244363610001941	0100000075032715215zQX5dz93pIC2
000460244363610001941	0100000075032715215.sPAsk93Tj08
000460244363610001941	0100000075032715215HSDW&X93tIND
000460244363610001941	0100000075032715215IwUpBu93alYZ
000460244363610001941	0100000075032715215hiv2bi93pbAe
000460244363610001941	0100000075032715215G0HBkI93fiaL
000460244363610001941	0100000075032715215W2smdH930c17
000460244363610001941	0100000075032715215Sz5I)%93bBqZ
000460244363610001941	0100000075032715215EpSlBC93k9C+
000460244363610001941	0100000075032715215mUY)a=93yEaC
000460244363610001941	0100000075032715215T?b!4b93WEfB
000460244363610001941	0100000075032715215nn/o-X935weo
000460244363610001941	0100000075032715215pgLqF(93siY/
000460244363610001941	0100000075032715215MMAEWc93QX8+
000460244363610001941	0100000075032715215IC1trP93O6A1
000460244363610001941	0100000075032715215Tsn5h*93n0lD
000460244363610001941	0100000075032715215B5lsWY93lY2D
000460244363610001950	0100000075032715215qaJGQm93J20W
000460244363610001950	0100000075032715215PEkvr_93WxyG
000460244363610001950	0100000075032715215Pu/7F093Qm/V
000460244363610001950	01000000750327152151*E:KK93q24R
000460244363610001950	0100000075032715215iDaGX093qlmz
000460244363610001950	0100000075032715215Uv8K-f93cppq
000460244363610001950	0100000075032715215mO=E=q93+YkR
000460244363610001950	01000000750327152151ZNCIx937bCO
000460244363610001950	0100000075032715215'ot<Ca930OAv
000460244363610001950	0100000075032715215CD8-Ks93ARSd
000460244363610001950	0100000075032715215b'cA?n93Bdvl
000460244363610001950	0100000075032715215>&nE(G93nN9o
000460244363610001950	0100000075032715215sIQWje93gPY6
000460244363610001950	0100000075032715215*T'X*T93vail
000460244363610001950	0100000075032715215spO(tm93gKm3
000460244363610001950	0100000075032715215pEsqcU93AhDC
000460244363610001950	0100000075032715215uGOCRP93pKZS
000460244363610001950	01000000750327152159-zFKt93FWx/
000460244363610001950	0100000075032715215rEfmg8930snP
000460244363610001950	0100000075032715215rp"fM"93KKEz
000460244363610001950	0100000075032715215p,"CjZ93K5Cb
000460244363610001950	0100000075032715215S5fs1y9333AS
000460244363610001950	0100000075032715215%r*V*_93/IeI
000460244363610001950	0100000075032715215RcN!HJ93Rqkk
000460244363610001969	0100000075032715215R,W=e-93/Bcw
000460244363610001969	0100000075032715215PKk?za93zfB5
000460244363610001969	0100000075032715215<uBU=K93Vm06
000460244363610001969	0100000075032715215fKyOH*93NSQ1
000460244363610001969	0100000075032715215*2TPcp93qLEd
000460244363610001969	0100000075032715215jVGFIl93hlAO
000460244363610001969	0100000075032715215=vkQy&93HR9s
000460244363610001969	0100000075032715215gn31>P93p3AZ
000460244363610001969	0100000075032715215-Wq=lH93NzD0
000460244363610001969	0100000075032715215'eOMzB93PNH7
000460244363610001969	0100000075032715215Esqkg!93GAFK
000460244363610001969	0100000075032715215qD%*kE93HdnE
000460244363610001969	0100000075032715215!'YIYq93sjl+
000460244363610001969	0100000075032715215ZFgMSB93f4pF
000460244363610001969	0100000075032715215cQIc2X93icZ+
000460244363610001969	0100000075032715215jHMBtG93HrjL
000460244363610001969	0100000075032715215vZfCkF9362/O
000460244363610001969	0100000075032715215CjRwOF93AR24
000460244363610001969	0100000075032715215Z?>JQh93p2MG
000460244363610001969	01000000750327152154k4Ego93bIgV
000460244363610001969	0100000075032715215ciuD'593ym4K
000460244363610001969	0100000075032715215XJ*kTh933vBU
000460244363610001969	01000000750327152157SSZxR93s9EJ
000460244363610001969	0100000075032715215bjC6kg93trqz
000460244363610001978	0100000075032715215o0mM8.93H2FM
000460244363610001978	0100000075032715215QlD/dw93pDSZ
000460244363610001978	0100000075032715215%ZzIfG93uzm/
000460244363610001978	0100000075032715215wKYHYD93F/tY
000460244363610001978	0100000075032715215:yiBEC93yQql
000460244363610001978	0100000075032715215ZWvJVf93CuMe
000460244363610001978	0100000075032715215kaBHV193hr3w
000460244363610001978	01000000750327152155cwcpl93jCbZ
000460244363610001978	0100000075032715215ssN5W3932edP
000460244363610001978	0100000075032715215OoR4*v93I9O5
000460244363610001978	0100000075032715215Za3WKi93/lkw
000460244363610001978	0100000075032715215DfmDGj93EkCE
000460244363610001978	0100000075032715215jg+kKZ93zPau
000460244363610001978	0100000075032715215Ygs*R"93C9XH
000460244363610001978	0100000075032715215/0t6ER93wLUi
000460244363610001978	0100000075032715215hck!ZL93cKS9
000460244363610001978	0100000075032715215WLkJgC93SX2+
000460244363610001978	0100000075032715215-,2n)+93sP6e
000460244363610001978	0100000075032715215AT5fi&93X+jw
000460244363610001978	0100000075032715215EFRIT:93PiiV
000460244363610001978	0100000075032715215iunSb9937TMH
000460244363610001978	01000000750327152158&k7BO93p//z
000460244363610001978	0100000075032715215gQgHpF93aKsB
000460244363610001978	0100000075032715215jZmo)q93FSf4
000460244363610001987	0100000075032715215qKQMis93NRrG
000460244363610001987	0100000075032715215RXIz2k932+hK
000460244363610001987	0100000075032715215Lbpxdn93YQhJ
000460244363610001987	0100000075032715215PAc0kt93DePe
000460244363610001987	0100000075032715215,f"-io93nP21
000460244363610001987	0100000075032715215/DTFrt93qlnk
000460244363610001987	0100000075032715215ILAhFD934AON
000460244363610001987	0100000075032715215KxikqN93Ill1
000460244363610001987	0100000075032715215<<_Ry=93Cqtv
000460244363610001987	0100000075032715215R38.st93E+N9
000460244363610001987	01000000750327152150Rgb/q93Ph9F
000460244363610001987	0100000075032715215ZQJQcJ93dL6a
000460244363610001987	0100000075032715215iND7jV93JD5H
000460244363610001987	0100000075032715215=Ny8&G93cX6B
000460244363610001987	0100000075032715215YE9X&F93QeY2
000460244363610001987	0100000075032715215nrGVIu93wKdA
000460244363610001987	0100000075032715215ty>(UW9361ES
000460244363610001987	0100000075032715215,nknK&93Wn4P
000460244363610001987	0100000075032715215Gf3U%h93JPGo
000460244363610001987	0100000075032715215ZP%OTv93TAzp
000460244363610001987	0100000075032715215iMH'!'93gqiB
000460244363610001987	0100000075032715215<TGjJV93DC4g
000460244363610001987	0100000075032715215FEPkq9939pFC
000460244363610001987	0100000075032715215b3cWeH93wHSx
000460244363610001996	0100000075032715215EkE0DM939jCn
000460244363610001996	01000000750327152155+KWLs93+8V5
000460244363610001996	0100000075032715215!uwL7d93zZBs
000460244363610001996	0100000075032715215L6hYgG93Q0M7
000460244363610001996	0100000075032715215!-B3>K93XTci
000460244363610001996	0100000075032715215PdR%Jx93nlFg
000460244363610001996	01000000750327152158_FJ>693urWR
000460244363610001996	0100000075032715215L)bTWM93kph7
000460244363610001996	01000000750327152152anfjF93VB0f
000460244363610001996	0100000075032715215/Qkpb193kkhV
000460244363610001996	0100000075032715215b6SVC_936V/D
000460244363610001996	0100000075032715215Z)eek0930NYh
000460244363610001996	01000000750327152154qpdc593A0Op
000460244363610001996	0100000075032715215hG3Qq693uUtr
000460244363610001996	0100000075032715215uAt>Q,93kO7r
000460244363610001996	0100000075032715215h3DMha93CS1u
000460244363610001996	0100000075032715215j8verc93kP01
000460244363610001996	0100000075032715215+.KtaA936Bnd
000460244363610001996	0100000075032715215.64ms-93O7SM
000460244363610001996	0100000075032715215W9WUX893z6Cx
000460244363610001996	0100000075032715215IDthvr93q99G
000460244363610001996	0100000075032715215HOoFBe93jYuY
000460244363610001996	0100000075032715215xlFYvo93Aw5W
000460244363610001996	01000000750327152151U)MiA93dsfG
000460244363610002001	0100000075032715215"NRUlE93nQeu
000460244363610002001	0100000075032715215se1Lmg93HbLU
000460244363610002001	0100000075032715215rvRg2x93cxjb
000460244363610002001	0100000075032715215hO"ilu93b/rh
000460244363610002001	0100000075032715215-FSQm!93r+JU
000460244363610002001	0100000075032715215Qf4ZsI93cDzP
000460244363610002001	0100000075032715215cOoNfo93Jifw
000460244363610002001	0100000075032715215,U)lcE93VDN+
000460244363610002001	0100000075032715215ffvcoV93EWmh
000460244363610002001	01000000750327152151wk0H093DnxW
000460244363610002001	0100000075032715215TOl-nt93ltD3
000460244363610002001	0100000075032715215eJ=2mF934bmp
000460244363610002001	0100000075032715215+=gGG(93+7HL
000460244363610002001	0100000075032715215SePdSm93cVea
000460244363610002001	0100000075032715215qBhiwR934yd+
000460244363610002001	0100000075032715215lLw%gq93gVyv
000460244363610002001	0100000075032715215GfJKpG93mL8F
000460244363610002001	0100000075032715215cVF=Ih937v8A
000460244363610002001	0100000075032715215mfPot9930IX2
000460244363610002001	0100000075032715215l!aB%l93/YSx
000460244363610002001	0100000075032715215MgTbAN933Rc4
000460244363610002001	0100000075032715215!,.AUy93YeHQ
000460244363610002001	0100000075032715215C,sk9z93/Pp9
000460244363610002001	0100000075032715215q+t'BC93s6S2
000460244363610002010	0100000075032715215f&vMrR93fgZv
000460244363610002010	0100000075032715215rwl01J93fRvv
000460244363610002010	0100000075032715215moCBqL93t5sF
000460244363610002010	0100000075032715215DGfTPu93MUnB
000460244363610002010	0100000075032715215NZp+kW93/0q2
000460244363610002010	0100000075032715215Ugs/z)93eFzO
000460244363610002010	0100000075032715215g0nnCI93OibQ
000460244363610002010	0100000075032715215irWp"s93c+QB
000460244363610002010	0100000075032715215i:v<4N93qDqj
000460244363610002010	01000000750327152150T4Reg932xnI
000460244363610002010	01000000750327152152fVLhN93Om0C
000460244363610002010	0100000075032715215!2(yhn93EOl0
000460244363610002010	0100000075032715215k!Sq'k9376MU
000460244363610002010	0100000075032715215pjNnNU93QEbD
000460244363610002010	0100000075032715215TTS5T%93P/cQ
000460244363610002010	0100000075032715215CkONV'93qv7V
000460244363610002010	0100000075032715215xrJ.at93e3ws
000460244363610002010	0100000075032715215I)zlpC93pMKc
000460244363610002010	0100000075032715215COTqj993+i1/
000460244363610002010	0100000075032715215jUo,A%93r5Ws
000460244363610002010	0100000075032715215YMtuuy932YjF
000460244363610002010	0100000075032715215l;wnR_93eg5K
000460244363610002010	0100000075032715215PG?'o393IZUS
000460244363610002010	0100000075032715215T=WBR,93zF6e
000460244363610002029	0100000075032715215,F>jqZ93HPva
000460244363610002029	0100000075032715215QK-QCW93YFW7
000460244363610002029	0100000075032715215HG4UYL93LX32
000460244363610002029	0100000075032715215?H&oQh93H+JB
000460244363610002029	0100000075032715215el9wml93MvKf
000460244363610002029	0100000075032715215C7qfkc9368/G
000460244363610002029	0100000075032715215E1"lEk93H/Tl
000460244363610002029	01000000750327152154EINqg93e3M1
000460244363610002029	0100000075032715215QNk1QL935Ea1
000460244363610002029	0100000075032715215/IygoD93vJVZ
000460244363610002029	0100000075032715215ixpzJ593fDzx
000460244363610002029	0100000075032715215akfKTe93ZLH0
000460244363610002029	0100000075032715215NTDg;f938co5
000460244363610002029	0100000075032715215lathCZ932I9v
000460244363610002029	0100000075032715215m9BJZe93voPI
000460244363610002029	0100000075032715215v"t<oM9316wB
000460244363610002029	0100000075032715215H5<4bG93+sL7
000460244363610002029	0100000075032715215.o84YU93xpxk
000460244363610002029	0100000075032715215kX,d9"93FQKx
000460244363610002029	0100000075032715215XfX1/:93PKch
000460244363610002029	0100000075032715215-4j)pD93iNVM
000460244363610002029	0100000075032715215FFSFos93ZYSf
000460244363610002029	0100000075032715215Cs)fsL93n1yF
000460244363610002029	0100000075032715215rPD6Fu93rpgE
000460244363610002038	0100000075032715215'yQ,9A93qWFg
000460244363610002038	0100000075032715215>R9o>4939pLq
000460244363610002038	0100000075032715215uXY!ps93Q68B
000460244363610002038	0100000075032715215iownF193gcUR
000460244363610002038	0100000075032715215ZQc*U+93yRPp
000460244363610002038	0100000075032715215QP-Kmo93O18E
000460244363610002038	0100000075032715215aMn0P:93Nr/v
000460244363610002038	0100000075032715215a,QiJ493MWsF
000460244363610002038	0100000075032715215Q(11mc93JjIo
000460244363610002038	0100000075032715215rpFcn093zeNE
000460244363610002038	0100000075032715215Zr9Gp493I16e
000460244363610002038	0100000075032715215Nhx&91932D7c
000460244363610002038	0100000075032715215/iTimD931B6z
000460244363610002038	0100000075032715215MebqX/93Zk9E
000460244363610002038	0100000075032715215EOwD9F93s8rn
000460244363610002038	0100000075032715215>S/IRb93sB20
000460244363610002038	0100000075032715215q>bpNr93RZK+
000460244363610002038	0100000075032715215KC;CXw93fvlG
000460244363610002038	01000000750327152150q/vpx93k9lJ
000460244363610002038	0100000075032715215T!JeGA93+EvJ
000460244363610002038	010000007503271521598u>;d93+u+S
000460244363610002038	0100000075032715215RBzIR0939IFG
000460244363610002038	0100000075032715215EyWzIa93/0M7
000460244363610002038	0100000075032715215DnfGPj93o5vm
000460244363610002047	0100000075032715215C0ZAC=93ZWVt
000460244363610002047	0100000075032715215q8WM5N930Uaq
000460244363610002047	0100000075032715215FJGQ/b93NQtf
000460244363610002047	0100000075032715215QX++NC93GWfZ
000460244363610002047	0100000075032715215Xn+p9!93R/Em
000460244363610002047	0100000075032715215RN>Xoq93uFMP
000460244363610002047	0100000075032715215S(L>.k93bfyl
000460244363610002047	0100000075032715215-Mm-O&93q1Zv
000460244363610002047	0100000075032715215USrH0593S6fW
000460244363610002047	0100000075032715215YgMU<-93rR75
000460244363610002047	0100000075032715215knBSJY93Hb+I
000460244363610002047	0100000075032715215h:IrEU93OcT6
000460244363610002047	0100000075032715215TxgUIO93Jqpg
000460244363610002047	0100000075032715215&Yv>h4932YWf
000460244363610002047	0100000075032715215EQpN(!93sHBn
000460244363610002047	0100000075032715215HBH_zt93zkPV
000460244363610002047	0100000075032715215UsnBVa93GLdH
000460244363610002047	0100000075032715215<c4MZi93QWb3
000460244363610002047	0100000075032715215T,fl(F939XRe
000460244363610002047	0100000075032715215BDUKtl93jhr2
000460244363610002047	0100000075032715215ioTYP/93Lh1k
000460244363610002047	0100000075032715215h:PifB93gj0r
000460244363610002047	0100000075032715215U/MGU,93vxzl
000460244363610002047	010000007503271521500J>V%93Zlja
000460244363610002056	010000007503271521570Da/N93ctJe
000460244363610002056	0100000075032715215)BSaXV93qiz+
000460244363610002056	0100000075032715215c?0QEA93/XaQ
000460244363610002056	0100000075032715215eCE3d693M00j
000460244363610002056	0100000075032715215XyJd0(93LDD9
000460244363610002056	0100000075032715215lGa)sk93iHph
000460244363610002056	0100000075032715215UEVVKN93VEVc
000460244363610002056	0100000075032715215horC8j93ec1z
000460244363610002056	0100000075032715215ojhkma939zIc
000460244363610002056	0100000075032715215;EaW.t930d8r
000460244363610002056	0100000075032715215Iro/"c93oXut
000460244363610002056	0100000075032715215WXRZv?93UkzG
000460244363610002056	0100000075032715215tAsZ0s93t+p4
000460244363610002056	0100000075032715215ags&M"93CahE
000460244363610002056	0100000075032715215/g,qGa93uLsr
000460244363610002056	0100000075032715215DT>g8l93JfGF
000460244363610002056	0100000075032715215J;'uZ493s5b7
000460244363610002056	0100000075032715215TS,8aK93sEKo
000460244363610002056	0100000075032715215E2cQ'&93lF5J
000460244363610002056	0100000075032715215Z:?M>c938Jhr
000460244363610002056	0100000075032715215Hermbv93g7fS
000460244363610002056	0100000075032715215K"XGSi93o6qL
000460244363610002056	0100000075032715215'RXQDH93hwC6
000460244363610002056	0100000075032715215rT6_Bl93WcsV
000460244363610002065	0100000075032715215Q.,&c-93+iPF
000460244363610002065	0100000075032715215BIlV_Q93iEmr
000460244363610002065	0100000075032715215Sf;zkb938TKf
000460244363610002065	01000000750327152157Ym)tr93jnvG
000460244363610002065	0100000075032715215>u%sNd93g+XA
000460244363610002065	0100000075032715215RDpN?(93Tn9s
000460244363610002065	0100000075032715215kdKrAa93y2sY
000460244363610002065	0100000075032715215LJaHV'93HlUW
000460244363610002065	0100000075032715215!>+ePo93miQD
000460244363610002065	0100000075032715215w>Kg)J93ihhd
000460244363610002065	0100000075032715215seTjCk93wd9/
000460244363610002065	0100000075032715215,*X<E293Aq9B
000460244363610002065	0100000075032715215BM>GkE937Vvs
000460244363610002065	0100000075032715215I3Z!tk93Qyft
000460244363610002065	0100000075032715215+pG9K393ugx6
000460244363610002065	0100000075032715215c3WnrF933i5o
000460244363610002065	0100000075032715215h?apuO93986i
000460244363610002065	0100000075032715215Z(dL&e93e2X9
000460244363610002065	0100000075032715215yPUrR!93m6RI
000460244363610002065	0100000075032715215Uj2gyQ93uSpz
000460244363610002065	0100000075032715215h/W3Se93qiTj
000460244363610002065	0100000075032715215baA3m_93r7kG
000460244363610002065	0100000075032715215d0,CdH93BNZ2
000460244363610002065	0100000075032715215zu4jcr93nUR7
000460244363610002074	0100000075032715215F5he6&930CT7
000460244363610002074	0100000075032715215PfP!mg93NiCN
000460244363610002074	0100000075032715215PTVzoM93uy70
000460244363610002074	0100000075032715215(ekdwT93GvDx
000460244363610002074	0100000075032715215DVH(Ng93HB/k
000460244363610002074	0100000075032715215<U(CqI93AwKX
000460244363610002074	0100000075032715215_'1A9Y93nZnn
000460244363610002074	0100000075032715215"F%xoD93vSzJ
000460244363610002074	0100000075032715215G0rm1>93CaNG
000460244363610002074	0100000075032715215."ehA_93790A
000460244363610002074	0100000075032715215SCZHPz9363/H
000460244363610002074	0100000075032715215XhG:5J93HPBC
000460244363610002074	0100000075032715215F%z<Eb93af17
000460244363610002074	0100000075032715215tHDnJJ93PZ17
000460244363610002074	0100000075032715215QNyGoU93oRda
000460244363610002074	0100000075032715215t5lJ.v9358xI
000460244363610002074	0100000075032715215_UVQOQ93LEbj
000460244363610002074	0100000075032715215InUbyq9356jU
000460244363610002074	0100000075032715215W;&azX93YHkY
000460244363610002074	01000000750327152154)AJkV93aojz
000460244363610002074	0100000075032715215Tb3t)W93HUoI
000460244363610002074	0100000075032715215WQ/CVa93+JP/
000460244363610002074	0100000075032715215HgpTfF93os75
000460244363610002074	0100000075032715215MoVnOY935foG
000460244363610002083	0100000075032715215PQVGUB93DSNx
000460244363610002083	0100000075032715215ZEuzJD93hwy1
000460244363610002083	0100000075032715215QX*QR&93qmxz
000460244363610002083	01000000750327152151spfrN93jdXB
000460244363610002083	0100000075032715215NVAjfr93xq4S
000460244363610002083	0100000075032715215jV:UN_93vOyn
000460244363610002083	0100000075032715215Gf_Tpk93CqOr
000460244363610002083	0100000075032715215f>Ob_/93AcWc
000460244363610002083	0100000075032715215sPG?Am93Rif/
000460244363610002083	0100000075032715215yDLQ-a93QLce
000460244363610002083	0100000075032715215r7kv)<93ZemU
000460244363610002083	0100000075032715215qY'R'Q93EdH3
000460244363610002083	0100000075032715215W!TuHP93SU0Y
000460244363610002083	0100000075032715215):q3kD933jkj
000460244363610002083	0100000075032715215Z:sr3U93FR9z
000460244363610002083	0100000075032715215XL&qJT93XAQG
000460244363610002083	0100000075032715215go8"Nf93Z5uC
000460244363610002083	0100000075032715215H3KkYq93g+sT
000460244363610002083	0100000075032715215VSH84D93O2ct
000460244363610002083	0100000075032715215Q5a55e931LTG
000460244363610002083	0100000075032715215hsrb*I93Z/ag
000460244363610002083	0100000075032715215bN6He<93G4BE
000460244363610002083	0100000075032715215fiAM8>933sKE
000460244363610002083	0100000075032715215QGnDkk93lQzO
000460244363610002092	0100000075032715215Um3oZo93yn7m
000460244363610002092	0100000075032715215.F&UBB93BuSf
000460244363610002092	0100000075032715215TpqW3L93rrMB
000460244363610002092	0100000075032715215DLnqVm93maZt
000460244363610002092	0100000075032715215H)3UQC93c/fr
000460244363610002092	0100000075032715215D,ZreC93kwe0
000460244363610002092	0100000075032715215okDSec93cQ50
000460244363610002092	0100000075032715215NcJdfl93Rm0B
000460244363610002092	0100000075032715215>RmrYF93+ge8
000460244363610002092	0100000075032715215wFjNMh934mot
000460244363610002092	0100000075032715215b/a7;D93qg3T
000460244363610002092	0100000075032715215Wt0p;g93+XZE
000460244363610002092	0100000075032715215O)TZF_93FAzI
000460244363610002092	0100000075032715215nH8iDv93oHon
000460244363610002092	0100000075032715215JJOHF493sqIx
000460244363610002092	0100000075032715215mWRO"v930Moj
000460244363610002092	0100000075032715215712mj=93hfAI
000460244363610002092	0100000075032715215l!QUE%93GXRa
000460244363610002092	0100000075032715215Bgrj3s930q6F
000460244363610002092	0100000075032715215&iW__d93OA9h
000460244363610002092	0100000075032715215qFx;uR93GhxV
000460244363610002092	0100000075032715215!W<&Y+9320Rs
000460244363610002092	0100000075032715215gOPSdG93TLRj
000460244363610002092	0100000075032715215(/<4hF93ZYLd
000460244363610002108	0100000075032715215mcu+Nk933pLi
000460244363610002108	0100000075032715215RCS-0H93aurU
000460244363610002108	0100000075032715215HpkiCX93Ao2B
000460244363610002108	0100000075032715215YTNs1Q93rGes
000460244363610002108	0100000075032715215KX%D2%93RQ/K
000460244363610002108	0100000075032715215cg?dV?93QuE0
000460244363610002108	0100000075032715215Qf(yd593zh2U
000460244363610002108	0100000075032715215FvkkHX93Puc9
000460244363610002108	0100000075032715215iu-dPo93/1y4
000460244363610002108	010000007503271521512bx/(93bLQz
000460244363610002108	0100000075032715215G1cl4993gYAa
000460244363610002108	0100000075032715215IVUS-s93T9af
000460244363610002108	0100000075032715215(Y?EUG933F2J
000460244363610002108	0100000075032715215Yk!ad9930WWQ
000460244363610002108	0100000075032715215NMAvQ+93KOPm
000460244363610002108	0100000075032715215Oq!:=b932AlM
000460244363610002108	0100000075032715215ofmGSM934RNJ
000460244363610002108	01000000750327152159a">2x933SKv
000460244363610002108	0100000075032715215)<khpI93gUYa
000460244363610002108	0100000075032715215_!yQoP93vLIM
000460244363610002108	0100000075032715215rB)mOI93hkB9
000460244363610002108	0100000075032715215QKVm*s939my4
000460244363610002108	0100000075032715215i+i:7s93kkLp
000460244363610002108	0100000075032715215ReN8Cn93MXjj
000460244363610002117	0100000075032715215Gb/hP-93vqUU
000460244363610002117	0100000075032715215CK1'f;93Pi4h
000460244363610002117	0100000075032715215VdxtZk93045T
000460244363610002117	0100000075032715215XhKeeM93cSeA
000460244363610002117	0100000075032715215mAyOFs93KnsS
000460244363610002117	0100000075032715215.;DMI893/Nk5
000460244363610002117	0100000075032715215e0U:/Y93gGks
000460244363610002117	01000000750327152152/6I8893aNaQ
000460244363610002117	0100000075032715215X*cu6g93Ls8Q
000460244363610002117	0100000075032715215qb'(-s930bH2
000460244363610002117	0100000075032715215G&<rOQ93AWMx
000460244363610002117	0100000075032715215C,naK393kgHg
000460244363610002117	0100000075032715215oaoJYy93ljkZ
000460244363610002117	0100000075032715215e"<Gjt93T2ab
000460244363610002117	0100000075032715215jYSUtA93zYhH
000460244363610002117	0100000075032715215s!g/A593nhL+
000460244363610002117	0100000075032715215gf9pwC93doV1
000460244363610002117	0100000075032715215XHtV1I9367TO
000460244363610002117	0100000075032715215;Me=NW935dOK
000460244363610002117	0100000075032715215kA!+kX93MPcw
000460244363610002117	01000000750327152152PD0k<93EkdG
000460244363610002117	0100000075032715215AoRnfb939N50
000460244363610002117	0100000075032715215n(&vrh93oWC5
000460244363610002117	01000000750327152158s6cKB93N1V0
000460244363610002126	0100000075032715215lsUXcH93nDzB
000460244363610002126	0100000075032715215G-G&.J93+mW/
000460244363610002126	0100000075032715215v9HJS/93no/7
000460244363610002126	0100000075032715215D7eRt.93g5nk
000460244363610002126	0100000075032715215Ke9TP*933oP2
000460244363610002126	0100000075032715215f8C&Bl93aI05
000460244363610002126	0100000075032715215mg?N)B93oX9f
000460244363610002126	01000000750327152152Xpjod93JJfn
000460244363610002126	0100000075032715215F(Os2>93hEXh
000460244363610002126	01000000750327152152Nb6OJ936bzc
000460244363610002126	0100000075032715215PTTDkA939qvC
000460244363610002126	0100000075032715215i0+VnW93ieJK
000460244363610002126	0100000075032715215tXZ9+t93ZobR
000460244363610002126	0100000075032715215esJK7c93O9NZ
000460244363610002126	0100000075032715215hjhR'L93lRPy
000460244363610002126	0100000075032715215OLm!Kh93zoFM
000460244363610002126	0100000075032715215y%tJjg93/h+N
000460244363610002126	0100000075032715215KMY_1Q93QNg0
000460244363610002126	0100000075032715215UdgXZt93BHdm
000460244363610002126	0100000075032715215q>)cIy93Jzk4
000460244363610002126	010000007503271521527(MLf93rIyk
000460244363610002126	0100000075032715215UOp5lH93GdEO
000460244363610002126	0100000075032715215oVyq9(93buzF
000460244363610002126	0100000075032715215c&rPc"93Y9gD
000460244363610002135	0100000075032715215I:trwe938Wa8
000460244363610002135	0100000075032715215LxqSGp93ITrH
000460244363610002135	0100000075032715215HprCLR93Gpc3
000460244363610002135	0100000075032715215TtTaTA93qrkd
000460244363610002135	0100000075032715215AaW1rb93m0Af
000460244363610002135	0100000075032715215bMKu.q93fudk
000460244363610002135	0100000075032715215n"5mCQ936cUp
000460244363610002135	0100000075032715215Pj><AY93TmdS
000460244363610002135	0100000075032715215vDsOML936nft
000460244363610002135	0100000075032715215FHrDfM93qbJF
000460244363610002135	0100000075032715215QZR(Dk93Xwtr
000460244363610002135	0100000075032715215:6MUGp93Qkks
000460244363610002135	0100000075032715215qMgYpA93pFZT
000460244363610002135	0100000075032715215a;1J)S93yHzu
000460244363610002135	0100000075032715215QuJ!FT93yAGe
000460244363610002135	0100000075032715215>ht<J(939KtN
000460244363610002135	0100000075032715215XmrRHr93o58I
000460244363610002135	0100000075032715215B%xcfK93z7xx
000460244363610002135	0100000075032715215fD1CjR934YUH
000460244363610002135	0100000075032715215_h=,jf93zTU8
000460244363610002135	0100000075032715215k,cs7Z93AqB8
000460244363610002135	0100000075032715215OTHF.d93qANs
000460244363610002135	0100000075032715215R6t*qc93AoT8
000460244363610002135	0100000075032715215!rTFDB93BJZx
000460244363610002144	0100000075032715215,NbyTm93Ha6y
000460244363610002144	0100000075032715215dXNpN?93V0Vp
000460244363610002144	0100000075032715215gB)'bB939r90
000460244363610002144	0100000075032715215psbp:J93BINJ
000460244363610002144	01000000750327152151fhf7Y93VUVe
000460244363610002144	0100000075032715215Y_;2C%93Fenu
000460244363610002144	0100000075032715215G+)YQ=93bcfD
000460244363610002144	0100000075032715215Elwtp%938ePA
000460244363610002144	0100000075032715215Vo3slW93+B6B
000460244363610002144	01000000750327152151(acH&93OAmw
000460244363610002144	0100000075032715215=s.xAu93umuF
000460244363610002144	0100000075032715215OcoZVk93mk8T
000460244363610002144	0100000075032715215NYMANc93UX8K
000460244363610002144	0100000075032715215:ncKSE93TU7p
000460244363610002144	0100000075032715215J_RWGo93kNzz
000460244363610002144	0100000075032715215dOLXfP93etPG
000460244363610002144	0100000075032715215PiQ>ZY93awXn
000460244363610002144	0100000075032715215,ZDQLi93vKpW
000460244363610002144	01000000750327152152KnYAS93IWh7
000460244363610002144	0100000075032715215''PWq<93oOWI
000460244363610002144	010000007503271521582r4Zg939RCl
000460244363610002144	0100000075032715215*1+-D-93qtOn
000460244363610002144	0100000075032715215<*Gt<G93EVz1
000460244363610002144	0100000075032715215LKDOOQ93umEI
000460244363610002153	01000000750327152151ntCuj93p5FY
000460244363610002153	0100000075032715215pZ3PiY93lj7i
000460244363610002153	0100000075032715215FRWPh093rfyX
000460244363610002153	0100000075032715215FL:d.293Bumk
000460244363610002153	0100000075032715215lXOrkB93olO3
000460244363610002153	0100000075032715215vb=EiB93tr/S
000460244363610002153	0100000075032715215,Ww)DO93T/B0
000460244363610002153	01000000750327152159?zkJK93GvcQ
000460244363610002153	0100000075032715215qwzlqy93i0CA
000460244363610002153	0100000075032715215ohRlZa93Unny
000460244363610002153	0100000075032715215Q?JcNN93FCEK
000460244363610002153	0100000075032715215h*.)4D93pQqO
000460244363610002153	0100000075032715215s8o/R693HDJR
000460244363610002153	0100000075032715215AMSu(q939+uD
000460244363610002153	0100000075032715215+Un'NZ93y4sR
000460244363610002153	0100000075032715215JQYfJP93ah6r
000460244363610002153	0100000075032715215Tehe9f93eu88
000460244363610002153	0100000075032715215=ZOPc)93gFcx
000460244363610002153	01000000750327152155KC(FK93Iuyb
000460244363610002153	0100000075032715215ugAnyM93Sk23
000460244363610002153	0100000075032715215Qf;rBl93WzOE
000460244363610002153	0100000075032715215AnDnKN93k98G
000460244363610002153	0100000075032715215RIybx=93Avrc
000460244363610002153	010000007503271521561EipR93ENhS
000460244363610002162	0100000075032715215VfH4Qe93mU4J
000460244363610002162	0100000075032715215r'tI/<93JJnm
000460244363610002162	0100000075032715215i8Qiq'93i8OF
000460244363610002162	0100000075032715215b2H:VN93jzvm
000460244363610002162	0100000075032715215JcuTTD93PNTF
000460244363610002162	0100000075032715215pmVKUb93h8Ye
000460244363610002162	01000000750327152159oWiJG93mIWb
000460244363610002162	0100000075032715215.T!Epg936ffR
000460244363610002162	0100000075032715215keofGI9327UR
000460244363610002162	0100000075032715215EA8y,E93Gk7D
000460244363610002162	0100000075032715215N(,ZSN93lhL8
000460244363610002162	0100000075032715215oCGiY;93l9pk
000460244363610002162	0100000075032715215kdBGZZ93vCXL
000460244363610002162	0100000075032715215JEhJ"893jO5r
000460244363610002162	0100000075032715215kZ%B1s93+62r
000460244363610002162	0100000075032715215jz?fRW93EE2t
000460244363610002162	0100000075032715215iLYtui93WnGz
000460244363610002162	0100000075032715215PR%P*d93k+7+
000460244363610002162	0100000075032715215fnbUH593YBWJ
000460244363610002162	0100000075032715215k&s4gS93EiDR
000460244363610002162	0100000075032715215DjoJIe93zG74
000460244363610002162	0100000075032715215zKyn,A93XPwD
000460244363610002162	0100000075032715215OVIBmJ93U62R
000460244363610002162	0100000075032715215NUG.Ho93mvCr
000460244363610002171	0100000075032715215pgIl9+93gR/8
000460244363610002171	0100000075032715215Lf:jlZ93h713
000460244363610002171	0100000075032715215Up+ESG93zJgM
000460244363610002171	0100000075032715215(:Bl+!93rDzI
000460244363610002171	01000000750327152156VaN0W93fAFe
000460244363610002171	0100000075032715215s9oiBr93DvND
000460244363610002171	0100000075032715215uTbtqy93HgOX
000460244363610002171	0100000075032715215OBloM393qAxJ
000460244363610002171	0100000075032715215M:_tpL93w0RC
000460244363610002171	0100000075032715215s8<U*s93ijEA
000460244363610002171	0100000075032715215ltVpXu93psk8
000460244363610002171	0100000075032715215YaXim;93eFBd
000460244363610002171	0100000075032715215aOH:YB93/fIm
000460244363610002171	0100000075032715215_Y>N;f93Z08l
000460244363610002171	01000000750327152150XmH)K93OdXC
000460244363610002171	0100000075032715215PcP(%t93as83
000460244363610002171	0100000075032715215jJVu(e93djB/
000460244363610002171	0100000075032715215trlACL936kLr
000460244363610002171	0100000075032715215gX;Y?"93t+0Z
000460244363610002171	0100000075032715215hgqO(593VZlA
000460244363610002171	0100000075032715215GH?qNW93nOC+
000460244363610002171	0100000075032715215zM="I=93bMHP
000460244363610002171	0100000075032715215aaXJqY932UOB
000460244363610002171	0100000075032715215B2hlpQ93E5Aa
000460244363610002180	0100000075032715215&?<P.f93GoZR
000460244363610002180	0100000075032715215g)bLIT930+GZ
000460244363610002180	01000000750327152153mK9pn93YSNd
000460244363610002180	0100000075032715215eZRjht93Sdbe
000460244363610002180	0100000075032715215aa<emq936oQd
000460244363610002180	0100000075032715215plDyII93evZv
000460244363610002180	0100000075032715215CJPvyc93QPW4
000460244363610002180	0100000075032715215pOWmcn935ege
000460244363610002180	0100000075032715215eBMx"i93FRWl
000460244363610002180	0100000075032715215&,ufz=93UivM
000460244363610002180	0100000075032715215CGR3T(93hGTX
000460244363610002180	0100000075032715215?Vd.n693nr84
000460244363610002180	0100000075032715215cM;V/393MAaY
000460244363610002180	01000000750327152158bVaJD93IUt3
000460244363610002180	0100000075032715215Z(&oRh936CHF
000460244363610002180	0100000075032715215anJidk93abLV
000460244363610002180	0100000075032715215%g;GVY93pAlm
000460244363610002180	0100000075032715215fFmJQ,93ffDm
000460244363610002180	0100000075032715215a,z-iJ93hHr7
000460244363610002180	0100000075032715215BPo"=T93s97z
000460244363610002180	0100000075032715215u!mRGt93LHAp
000460244363610002180	01000000750327152156T9BpH9361Ok
000460244363610002180	0100000075032715215LQX.IT93Kjp2
000460244363610002180	0100000075032715215wdR9u&93QUKu
000460244363610002199	0100000075032715215OHITUV93KfhS
000460244363610002199	0100000075032715215TONRBr93zm9/
000460244363610002199	0100000075032715215Vbajgl93gIXN
000460244363610002199	0100000075032715215AHsu_S93jNch
000460244363610002199	0100000075032715215iH<GVI933Qm5
000460244363610002199	01000000750327152156Fes.,93VVPj
000460244363610002199	0100000075032715215&hi)Qu93wiW8
000460244363610002199	0100000075032715215X-HOZT93Zl1H
000460244363610002199	0100000075032715215k4G%!k93qHZ9
000460244363610002199	0100000075032715215fA!WiU93tBlu
000460244363610002199	0100000075032715215uM&(-e93oyA/
000460244363610002199	0100000075032715215;dr_Ra933nRG
000460244363610002199	01000000750327152156ts'I.93+TGK
000460244363610002199	01000000750327152158ZZ7SE93fJv3
000460244363610002199	0100000075032715215SWa<f493lmyc
000460244363610002199	0100000075032715215>p;COF93bkun
000460244363610002199	0100000075032715215ZRI'.r93sEM3
000460244363610002199	01000000750327152159>HHO*934PJC
000460244363610002199	0100000075032715215ptJ9o<93tmow
000460244363610002199	0100000075032715215WON59%93rcEu
000460244363610002199	0100000075032715215mF+xW693H7jY
000460244363610002199	0100000075032715215Cetfxf93l8oL
000460244363610002199	0100000075032715215"(S0QZ93mUEL
000460244363610002199	0100000075032715215M5EseJ93r3JU
000460244363610002205	0100000075032715215Edf/nS93sjxb
000460244363610002205	01000000750327152154=BmSc93Ujk4
000460244363610002205	0100000075032715215yt2dMB93BVvr
000460244363610002205	0100000075032715215s.'RP,9385+w
000460244363610002205	0100000075032715215_sOo-U93FMRw
000460244363610002205	0100000075032715215blYkj*93kE/Q
000460244363610002205	0100000075032715215<IO%4v93d9Tk
000460244363610002205	0100000075032715215GH7YR;93dcFu
000460244363610002205	0100000075032715215jtT(ew93YdoY
000460244363610002205	0100000075032715215%Pen/E93JjKM
000460244363610002205	0100000075032715215MxtWI993yLVD
000460244363610002205	0100000075032715215_YX92d93TXRn
000460244363610002205	0100000075032715215H!Lsvo938J9R
000460244363610002205	0100000075032715215DjHg0j93iW7F
000460244363610002205	0100000075032715215g*Qkzg93Yw38
000460244363610002205	0100000075032715215eOD>Ok935eG9
000460244363610002205	0100000075032715215tg-p)P9340WA
000460244363610002205	0100000075032715215VjzBEb93cwpQ
000460244363610002205	0100000075032715215Bf%s+L93f8mR
000460244363610002205	0100000075032715215RnlsG"933u8H
000460244363610002205	0100000075032715215'lnzJe93Udt0
000460244363610002205	0100000075032715215)Ji6!W93C68w
000460244363610002205	0100000075032715215fYnZXV93hpJw
000460244363610002205	0100000075032715215+pLULw93akOs
000460244363610002214	0100000075032715215Lhre.'931jye
000460244363610002214	0100000075032715215KfHRz-93QAgL
000460244363610002214	0100000075032715215PGr.tQ93ScUL
000460244363610002214	0100000075032715215CKqfX'93rBub
000460244363610002214	0100000075032715215wiDPXg93P7mN
000460244363610002214	0100000075032715215Qhbbju933sjV
000460244363610002214	0100000075032715215vAOKMD93jRwd
000460244363610002214	0100000075032715215fCw*d+93PFzC
000460244363610002214	0100000075032715215lIlxBc93g6T2
000460244363610002214	01000000750327152151T1nJC93E4J5
000460244363610002214	0100000075032715215WKPr:V93MCby
000460244363610002214	0100000075032715215qu8VpA93Mp8y
000460244363610002214	0100000075032715215Gfos*y93uc4T
000460244363610002214	0100000075032715215VS6Cn393Yzy5
000460244363610002214	0100000075032715215o3e<%793qtzM
000460244363610002214	0100000075032715215MCY8'g93vccU
000460244363610002214	0100000075032715215PBYtNz93KTYy
000460244363610002214	0100000075032715215qpCC<l93LfwS
000460244363610002214	0100000075032715215hEWCOO93iqf8
000460244363610002214	0100000075032715215admVFT93Fih2
000460244363610002214	0100000075032715215za6qeg93LH0/
000460244363610002214	0100000075032715215u??tKj93A1Dv
000460244363610002214	0100000075032715215IFd0>K93HnKE
000460244363610002214	0100000075032715215q%%b<I93/PkZ
000460244363610002223	0100000075032715215gWt=iM93jq9i
000460244363610002223	0100000075032715215R.WnF-93oXF1
000460244363610002223	0100000075032715215peaTGS93qDzj
000460244363610002223	0100000075032715215F/s!qB93Y7dD
000460244363610002223	0100000075032715215*H/gV_93KWTv
000460244363610002223	0100000075032715215D(t&vs93bRee
000460244363610002223	0100000075032715215>eiq&C93FTI0
000460244363610002223	0100000075032715215HFRfe(93LqqZ
000460244363610002223	0100000075032715215+5Uai993/Snf
000460244363610002223	0100000075032715215Uw!xVh93kNlt
000460244363610002223	0100000075032715215lQSPoJ939zAd
000460244363610002223	0100000075032715215d08;;W93HagW
000460244363610002223	0100000075032715215?d4YQo93rsSe
000460244363610002223	0100000075032715215+"qSbu93TR64
000460244363610002223	0100000075032715215CgTBHH93QIb7
000460244363610002223	0100000075032715215_(3lpF93ML5l
000460244363610002223	0100000075032715215DYT%lH93UCmR
000460244363610002223	0100000075032715215diA7J893o634
000460244363610002223	01000000750327152150/0tNd93JBeA
000460244363610002223	0100000075032715215J.v;A193kjfM
000460244363610002223	0100000075032715215MCb-i493gNCS
000460244363610002223	0100000075032715215PpZDE'93R80P
000460244363610002223	0100000075032715215bt4Z.Q93SHfq
000460244363610002223	0100000075032715215pnOcmk93XXx1
000460244363610002232	0100000075032715215;EwAf293qvuf
000460244363610002232	0100000075032715215ebUK"t93XRTD
000460244363610002232	0100000075032715215%FW7f!935ePc
000460244363610002232	0100000075032715215adiVIg93/kxe
000460244363610002232	0100000075032715215UeVrL,93dyNQ
000460244363610002232	0100000075032715215W,DtiS93GHYk
000460244363610002232	0100000075032715215OwcE?+93LN7X
000460244363610002232	0100000075032715215aV+TqF935BLs
000460244363610002232	0100000075032715215pWgn7K93hhm1
000460244363610002232	0100000075032715215h/XE=E93Z+0D
000460244363610002232	0100000075032715215agziUj93OhUS
000460244363610002232	0100000075032715215R*FbDU93mT/L
000460244363610002232	01000000750327152153mLUM*93NeWr
000460244363610002232	0100000075032715215Xi4'D993tUXA
000460244363610002232	0100000075032715215aCB(S(93VLsY
000460244363610002232	0100000075032715215s.9,lL93dhld
000460244363610002232	0100000075032715215YZJzoY936mwu
000460244363610002232	0100000075032715215r/nHsE935BL/
000460244363610002232	0100000075032715215TiWk6X932al8
000460244363610002232	0100000075032715215K89k/893iyyW
000460244363610002232	0100000075032715215=Yh"%B93YKKI
000460244363610002232	0100000075032715215:RcrIP93ZhZh
000460244363610002232	0100000075032715215oqBAFa93psQ2
000460244363610002232	0100000075032715215HvSQz793HcK9
000460244363610002241	0100000075032715215MCIMNX93jNBu
000460244363610002241	0100000075032715215GqaraW93ARzz
000460244363610002241	0100000075032715215&w=C<j93Qimq
000460244363610002241	0100000075032715215ENstZc93SfcG
000460244363610002241	0100000075032715215RawLx393oiDD
000460244363610002241	0100000075032715215!_PZY/93X0pZ
000460244363610002241	0100000075032715215G%RWaI93Svot
000460244363610002241	0100000075032715215oXip1:93Oq0N
000460244363610002241	0100000075032715215I=pc3893fD3t
000460244363610002241	0100000075032715215ngFd"d93Ges6
000460244363610002241	0100000075032715215CubI=s932I5D
000460244363610002241	0100000075032715215OMknDI93238n
000460244363610002241	0100000075032715215(p<RfH931B9O
000460244363610002241	0100000075032715215RxokT1930rSW
000460244363610002241	0100000075032715215I*DU/X93dxjq
000460244363610002241	0100000075032715215Eh;0bh93vgOD
000460244363610002241	0100000075032715215ELDumk933sz4
000460244363610002241	0100000075032715215hNnBW793HQCV
000460244363610002241	0100000075032715215GBtmTr93aizg
000460244363610002241	0100000075032715215YM(1Je934Hnu
000460244363610002241	0100000075032715215WO=IAW930TS4
000460244363610002241	0100000075032715215gq(t%o93bqi3
000460244363610002241	0100000075032715215OHr<c)93N2CX
000460244363610002241	0100000075032715215wiAt"Y931xmm
000460244363610002250	0100000075032715215Uk<bRi93AZwe
000460244363610002250	0100000075032715215ub8Tls93TlJL
000460244363610002250	0100000075032715215UIzOng93jVdJ
000460244363610002250	0100000075032715215c>Y+=k93dIA2
000460244363610002250	0100000075032715215/aI:tZ93SAaY
000460244363610002250	0100000075032715215W"Fvtt93hz6C
000460244363610002250	0100000075032715215Wn)Gf193cs5I
000460244363610002250	0100000075032715215%valYB93Nsq9
000460244363610002250	0100000075032715215O,XtgW931ZGg
000460244363610002250	0100000075032715215f0UFMB93yqB+
000460244363610002250	0100000075032715215Fuk=v493wI9h
000460244363610002250	0100000075032715215MGue"'93LlwQ
000460244363610002250	0100000075032715215WA'BHD93pR3w
000460244363610002250	0100000075032715215:iF/tv93HL4e
000460244363610002250	0100000075032715215YjFYnC93VLj8
000460244363610002250	0100000075032715215z*PvMi931zzS
000460244363610002250	0100000075032715215AF4OoA93mb/Q
000460244363610002250	0100000075032715215mp%_aX93658T
000460244363610002250	0100000075032715215:bRcC?931u9C
000460244363610002250	0100000075032715215r'<gl193XVzn
000460244363610002250	0100000075032715215%IzF;g939cve
000460244363610002250	0100000075032715215-AKpR"93KOYe
000460244363610002250	0100000075032715215rVNBuK938Gcc
000460244363610002250	0100000075032715215gVCdpH93ivWS
000460244363610002269	0100000075032715215%m<FGZ93YUg/
000460244363610002269	01000000750327152159&Lne?93XYq5
000460244363610002269	0100000075032715215MDDN%Y935Suw
000460244363610002269	0100000075032715215CEREx;93h8BJ
000460244363610002269	0100000075032715215U/&9rn93oF78
000460244363610002269	0100000075032715215Fog(bB935HiR
000460244363610002269	0100000075032715215N"&0XS93zFFU
000460244363610002269	0100000075032715215SQfYd593cdzx
000460244363610002269	0100000075032715215H%aUY(93qXpi
000460244363610002269	0100000075032715215CRKtKO93MNoO
000460244363610002269	0100000075032715215y=RQtU93VAhp
000460244363610002269	0100000075032715215i+Cs*d93BMPw
000460244363610002269	0100000075032715215Ni8BTl93WavD
000460244363610002269	0100000075032715215PKjDzI93vSb+
000460244363610002269	0100000075032715215hv4;%Q93GRQU
000460244363610002269	0100000075032715215/ZVqFJ93jYHe
000460244363610002269	0100000075032715215<-TeUt93ck5w
000460244363610002269	0100000075032715215sirQzQ93J8yT
000460244363610002269	0100000075032715215?olVuS93APSI
000460244363610002269	0100000075032715215TKam./93qYDx
000460244363610002269	0100000075032715215Y=>0VZ93hcAj
000460244363610002269	0100000075032715215tLZu'U93gtej
000460244363610002269	0100000075032715215lIhyKr93scfQ
000460244363610002269	0100000075032715215PsIkG9930Lxq
000460244363610002278	0100000075032715215iQglw993BoEy
000460244363610002278	0100000075032715215OcrShU93w5CF
000460244363610002278	0100000075032715215EBsuhO93sJt7
000460244363610002278	0100000075032715215tG?<PG93O8Md
000460244363610002278	0100000075032715215s%gxHO93/32q
000460244363610002278	0100000075032715215BIMnTS93hJFq
000460244363610002278	0100000075032715215)0-ykg93EY6+
000460244363610002278	0100000075032715215t:FRAi93ntoA
000460244363610002278	0100000075032715215Gbp(dm934NaX
000460244363610002278	0100000075032715215BEL?Qm939iHH
000460244363610002278	0100000075032715215TdKPQP93q1Oo
000460244363610002278	0100000075032715215UEr:mV93yyiA
000460244363610002278	0100000075032715215V_KW!h93/HeW
000460244363610002278	0100000075032715215mE:x&Y93mRIm
000460244363610002278	0100000075032715215U0%v=G93Fyd5
000460244363610002278	0100000075032715215iFfD4)93Zx4Q
000460244363610002278	0100000075032715215B.r"4R93HDfT
000460244363610002278	01000000750327152157u2K.693g3Au
000460244363610002278	0100000075032715215WRdX+293oiMO
000460244363610002278	0100000075032715215I,3Zi693hHxf
000460244363610002278	0100000075032715215HSVorc93LUYH
000460244363610002278	0100000075032715215L>GTLH93RsaD
000460244363610002278	0100000075032715215KiH?3t93hEBA
000460244363610002278	0100000075032715215jP&ifQ939YDF
000460244363610002287	0100000075032715215ZII=:B93aDUH
000460244363610002287	0100000075032715215aXzjaG934PdA
000460244363610002287	0100000075032715215of&avS93PXGm
000460244363610002287	0100000075032715215LVpcnh93bZri
000460244363610002287	0100000075032715215_"MjK>93m67z
000460244363610002287	01000000750327152154pjWj,93OSZH
000460244363610002287	0100000075032715215OoNlo&93nH7D
000460244363610002287	0100000075032715215hbWBLQ93tCu7
000460244363610002287	0100000075032715215Xs6:VF93xUzu
000460244363610002287	0100000075032715215tWjj=M93eWIk
000460244363610002287	01000000750327152152ePkFK93NToF
000460244363610002287	0100000075032715215m0IKFJ93zFnX
000460244363610002287	0100000075032715215-Fa<PM93nWJ1
000460244363610002287	0100000075032715215d5iU--931AVc
000460244363610002287	01000000750327152155)yYVp93SZZ9
000460244363610002287	0100000075032715215sjAQUd93DOSN
000460244363610002287	0100000075032715215SM0boY93YiG3
000460244363610002287	0100000075032715215J"GpMq93iVK4
000460244363610002287	0100000075032715215vlehpr93mvNE
000460244363610002287	0100000075032715215>F=&FA93ULcw
000460244363610002287	0100000075032715215:0QLk493pOxa
000460244363610002287	0100000075032715215AQ:SzS93kB6X
000460244363610002287	0100000075032715215kJ8kHQ93Lel7
000460244363610002287	0100000075032715215USJa2p93JA5J
000460244363610002296	0100000075032715215LO6uQd93XhJu
000460244363610002296	0100000075032715215FIQVAg93oXa0
000460244363610002296	0100000075032715215QJMk*s93sFeN
000460244363610002296	01000000750327152152y!zRq93pYlx
000460244363610002296	0100000075032715215UB+T.C934y+D
000460244363610002296	0100000075032715215Jm9wKP93/zY+
000460244363610002296	0100000075032715215oXpEn%93qAej
000460244363610002296	0100000075032715215Dhq)Zn93kprb
000460244363610002296	0100000075032715215gdbNu)93iRvU
000460244363610002296	0100000075032715215-t0rxX93wgcs
000460244363610002296	0100000075032715215_<C(kV93BhhY
000460244363610002296	0100000075032715215gK.q+S93dHYJ
000460244363610002296	0100000075032715215F6Xoqg93O8cs
000460244363610002296	0100000075032715215,tYKMu93jay5
000460244363610002296	01000000750327152153KSrQR93XHIK
000460244363610002296	0100000075032715215tG-47q930SKX
000460244363610002296	0100000075032715215=qSJaG93R3AL
000460244363610002296	0100000075032715215X>;0Ay93Bq2j
000460244363610002296	0100000075032715215efgI/r93K4Fm
000460244363610002296	0100000075032715215_&asQy93/Kz8
000460244363610002296	0100000075032715215M"e;LI93bvbm
000460244363610002296	0100000075032715215PuaDxb93RviD
000460244363610002296	010000007503271521565&Mxz93wSaN
000460244363610002296	0100000075032715215_wN87k93PmcR
000460244363610002302	0100000075032715215F;/?UL93jQFW
000460244363610002302	0100000075032715215>EkK7O93EBCf
000460244363610002302	0100000075032715215m%eEEt93GOAo
000460244363610002302	0100000075032715215lXDIIn93wmox
000460244363610002302	0100000075032715215dtubOB93Gmp3
000460244363610002302	0100000075032715215scUPSR93tCHD
000460244363610002302	0100000075032715215rObu<593cY41
000460244363610002302	0100000075032715215QIqGKO93Dsej
000460244363610002302	0100000075032715215x4EcWM93B4jw
000460244363610002302	0100000075032715215vpMkT*93s8Fw
000460244363610002302	0100000075032715215i:UMJD93Q/g7
000460244363610002302	0100000075032715215SkyzB_93XmCT
000460244363610002302	0100000075032715215kYiJHO931p8V
000460244363610002302	0100000075032715215QHc!Ww93PSIx
000460244363610002302	0100000075032715215NzeqIy93/thB
000460244363610002302	0100000075032715215bMrZA!93PJmX
000460244363610002302	0100000075032715215Cg-G8L93Pdok
000460244363610002302	0100000075032715215,Re6KP93kIh0
000460244363610002302	0100000075032715215W2P8qd93aygE
000460244363610002302	0100000075032715215LdIMqy93lBxg
000460244363610002302	0100000075032715215ejB)%A93LObe
000460244363610002302	0100000075032715215TKElsS93qZ0a
000460244363610002302	0100000075032715215OQNOlv93nCDx
000460244363610002302	0100000075032715215:KaUf,93aRc4
000460244363610002311	0100000075032715215YcV-Cw93Wsr4
000460244363610002311	0100000075032715215-)3las93kgvl
000460244363610002311	0100000075032715215,:w>yR93O3M+
000460244363610002311	0100000075032715215-nL_S*93E/t7
000460244363610002311	0100000075032715215U4FwI(93iDLv
000460244363610002311	0100000075032715215gGdjPl932VWq
000460244363610002311	0100000075032715215ao3Pb_93Fdct
000460244363610002311	0100000075032715215q4oNYf93e5jO
000460244363610002311	010000007503271521578XrRe936RqL
000460244363610002311	0100000075032715215lQRjBe936OJa
000460244363610002311	0100000075032715215vRQ:F*93NwEZ
000460244363610002311	0100000075032715215C+lbf)93jD+C
000460244363610002311	0100000075032715215JDija293+o+y
000460244363610002311	0100000075032715215(Q.KS<93RbbP
000460244363610002311	0100000075032715215+.SrP*93M5E7
000460244363610002311	0100000075032715215gfJPjo93cBYw
000460244363610002311	0100000075032715215TMVii'93J6rA
000460244363610002311	0100000075032715215FKL-AY931zG+
000460244363610002311	0100000075032715215s=%MfX93XqNk
000460244363610002311	0100000075032715215Tp_6ZM937Swf
000460244363610002311	0100000075032715215wo_(q?93nk/B
000460244363610002311	0100000075032715215lrD=md93vaCp
000460244363610002311	0100000075032715215t)q=-N933l6y
000460244363610002311	0100000075032715215W/_Mrc93O2vO
000460244363610002320	0100000075032715215fQmuVn93pK8+
000460244363610002320	0100000075032715215FX32Yq93/b3O
000460244363610002320	01000000750327152159Jfp3?93L+7R
000460244363610002320	01000000750327152154o8Dv893CqNC
000460244363610002320	0100000075032715215.h&kq<93GADh
000460244363610002320	0100000075032715215Xj!RKj93m0TR
000460244363610002320	01000000750327152153kpr*/93TmVj
000460244363610002320	01000000750327152151LlCuM93cFmJ
000460244363610002320	0100000075032715215hAZjYc93640B
000460244363610002320	0100000075032715215e"gXFU93uCOD
000460244363610002320	0100000075032715215ZkiPm'933Ift
000460244363610002320	0100000075032715215bYNH<u93pB+k
000460244363610002320	0100000075032715215QPTLOu93jYCo
000460244363610002320	0100000075032715215AXTl4/93Xemy
000460244363610002320	0100000075032715215JctOHc93PAtl
000460244363610002320	0100000075032715215FZFE2/93hPSm
000460244363610002320	0100000075032715215tGSMOo93kq4N
000460244363610002320	01000000750327152156sPRbc93tpCR
000460244363610002320	0100000075032715215s7!?rr93vdg1
000460244363610002320	0100000075032715215qpcdQG93zdDj
000460244363610002320	0100000075032715215n(o6jI93yz1c
000460244363610002320	0100000075032715215fyJ1xk93TEm4
000460244363610002320	0100000075032715215C)N5mt939ZRx
000460244363610002320	0100000075032715215g_9Uju93aSKK
000460244363610002339	01000000750327152159B+Vc;93u2z7
000460244363610002339	0100000075032715215%;lCFI93XZq5
000460244363610002339	0100000075032715215oa4%3N93qHkm
000460244363610002339	0100000075032715215SoNGV.93Psrb
000460244363610002339	0100000075032715215IWJhrh93buOL
000460244363610002339	0100000075032715215Uo<'OM93i7GB
000460244363610002339	0100000075032715215%hvU%Z93cbFZ
000460244363610002339	0100000075032715215MS5d,G93H420
000460244363610002339	0100000075032715215f<PvJ&93MEQ1
000460244363610002339	0100000075032715215xZZlq'93OHH6
000460244363610002339	0100000075032715215sMOqH593vQSR
000460244363610002339	0100000075032715215aaD.lD93jcll
000460244363610002339	0100000075032715215/:SC6v93Or48
000460244363610002339	0100000075032715215J>_C8Y93WUc6
000460244363610002339	0100000075032715215yekCui93p2iS
000460244363610002339	0100000075032715215U9V6/e93f7Cz
000460244363610002339	0100000075032715215=Wd4ft93ChP8
000460244363610002339	0100000075032715215X)UZMX93WSaU
000460244363610002339	0100000075032715215pLBRd*933AQr
000460244363610002339	01000000750327152157s8yQI93wQMx
000460244363610002339	0100000075032715215UU;FC?93HBlD
000460244363610002339	0100000075032715215kE9W>n93j5xu
000460244363610002339	0100000075032715215%h0>?V93jZNf
000460244363610002339	0100000075032715215=kbYDX93+CBR
000460244363610002348	0100000075032715215YZj9AB93SOW+
000460244363610002348	0100000075032715215SsGLdt93dUnk
000460244363610002348	0100000075032715215&MjWYE93fDLM
000460244363610002348	0100000075032715215h(.O=p93Gq8/
000460244363610002348	0100000075032715215kC*NbS93J1oB
000460244363610002348	01000000750327152153bSXik93SRqx
000460244363610002348	0100000075032715215IkS'_G93a7ls
000460244363610002348	01000000750327152155Bre?I934LfV
000460244363610002348	0100000075032715215<cLc4t93yTga
000460244363610002348	0100000075032715215oiaENQ93zlLA
000460244363610002348	0100000075032715215SoB5ik93m+xY
000460244363610002348	0100000075032715215LFXrv>93u+IC
000460244363610002348	0100000075032715215=MpZq_93vUJq
000460244363610002348	0100000075032715215pkx,aa93g9LW
000460244363610002348	0100000075032715215/IpRhb93qWS5
000460244363610002348	0100000075032715215HWns8L93gmis
000460244363610002348	0100000075032715215JfzbBC93MMuN
000460244363610002348	0100000075032715215ikCExu93115p
000460244363610002348	01000000750327152155hfbCM93lggn
000460244363610002348	0100000075032715215>drh*o93Zhd3
000460244363610002348	0100000075032715215)5u?n<93ZQHH
000460244363610002348	0100000075032715215Tbc_dd93s4Dw
000460244363610002348	0100000075032715215FWq/az93csSp
000460244363610002348	0100000075032715215xSlJUV93weM8
000460244363610002357	01000000750327152157OO=Q+931hOy
000460244363610002357	01000000750327152154b:zUM93ZKSG
000460244363610002357	0100000075032715215TfgjoL93CDP7
000460244363610002357	0100000075032715215ew8N:t93SVKA
000460244363610002357	0100000075032715215khZDCH93+oIw
000460244363610002357	0100000075032715215z/pcTZ93Z6ul
000460244363610002357	0100000075032715215Q"gsUM93ou7G
000460244363610002357	0100000075032715215xiPq=J93gDVT
000460244363610002357	0100000075032715215x/tqRN93XQrC
000460244363610002357	0100000075032715215MStpNL93nYFv
000460244363610002357	0100000075032715215_Hl8mn93WDoo
000460244363610002357	0100000075032715215k,1rjB93aI+/
000460244363610002357	0100000075032715215l=QJus93X1UV
000460244363610002357	0100000075032715215TwW)t7936ki9
000460244363610002357	0100000075032715215I>tzIJ93lbC4
000460244363610002357	0100000075032715215XtCLfq93r2Rp
000460244363610002357	0100000075032715215H(n%/!933fOQ
000460244363610002357	0100000075032715215urZsPi93tbZn
000460244363610002357	0100000075032715215rimFA!93sK52
000460244363610002357	0100000075032715215CjNBDE93N5I8
000460244363610002357	0100000075032715215PutXN=930YHN
000460244363610002357	0100000075032715215Xedvmg937rlF
000460244363610002357	0100000075032715215CwP3(x93pw9i
000460244363610002357	0100000075032715215aMFVPy93VUri
000460244363610002366	0100000075032715215ZVEo.C93c1jD
000460244363610002366	0100000075032715215PZsv%%93dW3+
000460244363610002366	0100000075032715215szuEts93zcOb
000460244363610002366	0100000075032715215e7CrO<93Zal+
000460244363610002366	0100000075032715215NH4=QC93vcm2
000460244363610002366	0100000075032715215YtHcOI93cUBc
000460244363610002366	0100000075032715215/19xAm93NX0R
000460244363610002366	0100000075032715215fSknpW931VYv
000460244363610002366	0100000075032715215HXQgcM93vdtn
000460244363610002366	0100000075032715215boFoXb93NiE2
000460244363610002366	0100000075032715215(KFEhN93FdSi
000460244363610002366	0100000075032715215nv<C;E93Bnia
000460244363610002366	0100000075032715215,,s2BM93QVnN
000460244363610002366	0100000075032715215q*fdGD93IM/v
000460244363610002366	0100000075032715215f"2qJ;9380Gd
000460244363610002366	0100000075032715215*?ftAZ938/jx
000460244363610002366	0100000075032715215*VlS&m93stsi
000460244363610002366	0100000075032715215LDeHn093Ricv
000460244363610002366	01000000750327152152L3eBO93WcAo
000460244363610002366	0100000075032715215*ap_ZX93VJjP
000460244363610002366	0100000075032715215m!qKNa93MaWB
000460244363610002366	0100000075032715215JqTMUk938Z6S
000460244363610002366	0100000075032715215BQn*Qj93Ucnp
000460244363610002366	0100000075032715215;q)koS93Q8wF
000460244363610002375	01000000750327152150)8NfS93LH6R
000460244363610002375	0100000075032715215!P3&Rb930WD4
000460244363610002375	0100000075032715215M-VE+F93iPlW
000460244363610002375	0100000075032715215+%F_ld93ESlf
000460244363610002375	0100000075032715215E/dNwr93E4np
000460244363610002375	0100000075032715215s!rH.b931j7d
000460244363610002375	0100000075032715215tM(Zwh93S6A5
000460244363610002375	0100000075032715215x*b?X&93Plf6
000460244363610002375	0100000075032715215n.8Jv*93MW/w
000460244363610002375	0100000075032715215ibPDQX93mbKp
000460244363610002375	0100000075032715215:*HFp<93gEls
000460244363610002375	0100000075032715215os7oJW93gO+I
000460244363610002375	0100000075032715215ZSV'cj93Fwkb
000460244363610002375	0100000075032715215USum7E936vAX
000460244363610002375	0100000075032715215rTNbRe938nPL
000460244363610002375	0100000075032715215Td(P6T93pHYs
000460244363610002375	0100000075032715215LO!dl-93NOyF
000460244363610002375	0100000075032715215BgFo5B93/t61
000460244363610002375	0100000075032715215)CREir93IaYE
000460244363610002375	01000000750327152150Ef7y593YO8k
000460244363610002375	0100000075032715215t04Gym93vNpQ
000460244363610002375	0100000075032715215?=Os>693ZdCL
000460244363610002375	0100000075032715215?4g.tb93Ol03
000460244363610002375	0100000075032715215zPW5la93zSIv
000460244363610002384	0100000075032715215YRg0pw93OvRO
000460244363610002384	01000000750327152154rxwve937HCz
000460244363610002384	0100000075032715215G0A;q493Vql4
000460244363610002384	0100000075032715215VoTsTA93GVas
000460244363610002384	0100000075032715215rBcKjM93avdZ
000460244363610002384	0100000075032715215C.f+Tx931H3T
000460244363610002384	0100000075032715215Ln%jn,93+HKE
000460244363610002384	0100000075032715215eWu6RM93XLgt
000460244363610002384	0100000075032715215P)).Bo93r0aJ
000460244363610002384	0100000075032715215OO!eW?93F36s
000460244363610002384	0100000075032715215bxenU/93qTi1
000460244363610002384	0100000075032715215aySSjl93fc2T
000460244363610002384	0100000075032715215D'6yuI932Z7m
000460244363610002384	01000000750327152150OzmqQ93td4+
000460244363610002384	0100000075032715215b*r'M5931/Bq
000460244363610002384	0100000075032715215Z9O!uj93kFUf
000460244363610002384	0100000075032715215C:rgFI93ntbT
000460244363610002384	0100000075032715215YSRSho93qwKI
000460244363610002384	0100000075032715215aw2Sxd936KMO
000460244363610002384	0100000075032715215R=IVsk93HqSo
000460244363610002384	0100000075032715215TtHAoZ93b3qY
000460244363610002384	0100000075032715215lkPyzj93OBms
000460244363610002384	0100000075032715215d4jm.k93tewz
000460244363610002384	0100000075032715215cnuOki93ctxQ
000460244363610002393	0100000075032715215a7T"Tg93SBZz
000460244363610002393	0100000075032715215GXNPmN93Wvv8
000460244363610002393	01000000750327152151ggvXG93HRDX
000460244363610002393	0100000075032715215lRLjun93zxCf
000460244363610002393	0100000075032715215?J2H2093YqK7
000460244363610002393	0100000075032715215p'>I;z93iwxK
000460244363610002393	01000000750327152150qsnEf93Lmce
000460244363610002393	0100000075032715215KNZd)J93cduj
000460244363610002393	0100000075032715215U+CgcO93qbFv
000460244363610002393	0100000075032715215D4P6gl93QGdw
000460244363610002393	0100000075032715215zgmJLP93AgPp
000460244363610002393	0100000075032715215UeTs*U93o4cf
000460244363610002393	0100000075032715215hfsKXM93K40J
000460244363610002393	0100000075032715215lZHlEm93BZfQ
000460244363610002393	0100000075032715215LJ%JmK93e0Pv
000460244363610002393	0100000075032715215mVPfGS93VEgG
000460244363610002393	0100000075032715215NXHV"W93RKfy
000460244363610002393	0100000075032715215asaxd593NgTe
000460244363610002393	0100000075032715215hG)rzF935XDr
000460244363610002393	0100000075032715215KiNiXA93/S1Q
000460244363610002393	0100000075032715215RMgU24931Rqc
000460244363610002393	0100000075032715215nMHAfx93YxQF
000460244363610002393	0100000075032715215N(L9dr937D9b
000460244363610002393	0100000075032715215)KkKoK93HEKD
000460244363610002409	0100000075032715215NaKz2!934Tu8
000460244363610002409	0100000075032715215bkD5ds93AzYH
000460244363610002409	01000000750327152159&Yl"393pqwu
000460244363610002409	0100000075032715215fL-hfO93Y+tU
000460244363610002409	0100000075032715215H!*o(H9381Wa
000460244363610002409	0100000075032715215tuUVk.930H6b
000460244363610002409	0100000075032715215G3FMlI93fXz3
000460244363610002409	0100000075032715215yGlUl!93oJjY
000460244363610002409	0100000075032715215jMIF:c93M3gV
000460244363610002409	0100000075032715215QJkMc6938EL8
000460244363610002409	0100000075032715215XdbMBj93sWhX
000460244363610002409	0100000075032715215NvRqoL93IJ1I
000460244363610002409	0100000075032715215PMGQ'M93rUCV
000460244363610002409	0100000075032715215;utFke93rSys
000460244363610002409	0100000075032715215f3/<LT93oCUi
000460244363610002409	0100000075032715215rS+HlZ93OYeg
000460244363610002409	0100000075032715215kJMfiI93uxCN
000460244363610002409	0100000075032715215/+nu-'93LpF9
000460244363610002409	0100000075032715215'2u!hC93cVTS
000460244363610002409	0100000075032715215O5AhQB93XbcR
000460244363610002409	0100000075032715215H,Y"QX93yPea
000460244363610002409	0100000075032715215gPiaVo93m2In
000460244363610002409	0100000075032715215?YTsEq93cn20
000460244363610002409	0100000075032715215ZUkIBB93JK87
000460244363610002418	0100000075032715215r3d2Pc93qhGL
000460244363610002418	0100000075032715215(-?lDD93S711
000460244363610002418	0100000075032715215guKRUU93ehYz
000460244363610002418	0100000075032715215m7myI>93vqGA
000460244363610002418	01000000750327152154:u/CJ939PWI
000460244363610002418	0100000075032715215LakZwK93ifX0
000460244363610002418	0100000075032715215DeM>HP93WJLZ
000460244363610002418	0100000075032715215lhQxQ393vRIR
000460244363610002418	0100000075032715215XrRgcv93i4uQ
000460244363610002418	0100000075032715215kK0kCT93sWgP
000460244363610002418	0100000075032715215=)oVhL93hJrQ
000460244363610002418	0100000075032715215FGR&xS93vidJ
000460244363610002418	0100000075032715215kGi&W993F+Hh
000460244363610002418	0100000075032715215M=Y?/w93A3re
000460244363610002418	0100000075032715215e%uUmL939wcO
000460244363610002418	0100000075032715215TEZl%L93w+cu
000460244363610002418	01000000750327152155RW"SX93OoFK
000460244363610002418	0100000075032715215RwggU493sHk3
000460244363610002418	0100000075032715215x9N,rI93s4SA
000460244363610002418	0100000075032715215*f=ffw93jnD1
000460244363610002418	0100000075032715215!iaEH693qDRG
000460244363610002418	0100000075032715215BcPqpp93wS5e
000460244363610002418	01000000750327152159YLXbt93Ta/i
000460244363610002418	0100000075032715215k/SP.k93CJmX
000460244363610002427	0100000075032715215XK=ySB93/QW0
000460244363610002427	01000000750327152158NWCmO9368PN
000460244363610002427	0100000075032715215&_(w!f93dKgY
000460244363610002427	0100000075032715215UVra4?939eSG
000460244363610002427	0100000075032715215;AcgrR93mk+b
000460244363610002427	01000000750327152153TBkGc9314YF
000460244363610002427	0100000075032715215VLhqji93ZOiz
000460244363610002427	0100000075032715215GdbXlp93dC2C
000460244363610002427	0100000075032715215q9JKxE93xHJP
000460244363610002427	0100000075032715215uOPzLd93GP9S
000460244363610002427	0100000075032715215SDZX;I930o23
000460244363610002427	01000000750327152155/fBx;93a+z5
000460244363610002427	0100000075032715215OSXWZ.93TMtF
000460244363610002427	0100000075032715215IjzW&493oKNc
000460244363610002427	0100000075032715215gSzhXL93qYwL
000460244363610002427	0100000075032715215JOQ+MG93olu7
000460244363610002427	0100000075032715215DuZ<*I931UGB
000460244363610002427	0100000075032715215OQp4'J93Y5ll
000460244363610002427	0100000075032715215.%N?Xn9316sA
000460244363610002427	0100000075032715215Ky"'9f931ece
000460244363610002427	0100000075032715215?aUbt;93z5YB
000460244363610002427	0100000075032715215efXrh493QJFw
000460244363610002427	0100000075032715215YqRxP393MKD2
000460244363610002427	0100000075032715215CcgIkC93ZQ0V
000460244363610002436	0100000075032715215C-j%AR93pTig
000460244363610002436	0100000075032715215'7Yo6f93N9Ug
000460244363610002436	0100000075032715215cKT!cO93XHEX
000460244363610002436	0100000075032715215P3F*SC930cWu
000460244363610002436	0100000075032715215AFGXWW93JjwI
000460244363610002436	0100000075032715215yjaUCh93gFtN
000460244363610002436	0100000075032715215r0Jl3d93ceRH
000460244363610002436	0100000075032715215K9nG'?93Pzu/
000460244363610002436	0100000075032715215e8,8'e93s+Q0
000460244363610002436	010000007503271521552dQ!;93dwus
000460244363610002436	0100000075032715215*N5t(<93k1H2
000460244363610002436	0100000075032715215uS5C.x93BKze
000460244363610002436	0100000075032715215emIuMt93Jh6c
000460244363610002436	0100000075032715215LF'sMv93xqrb
000460244363610002436	0100000075032715215FyKOGN93eUTM
000460244363610002436	0100000075032715215m2J9FP937hlL
000460244363610002436	0100000075032715215ikO!0.93M1VX
000460244363610002436	0100000075032715215Qd5oRY93y8z9
000460244363610002436	0100000075032715215V%(k7T93eTIS
000460244363610002436	0100000075032715215S-nLgq93MW5j
000460244363610002436	0100000075032715215,mci<493PmfL
000460244363610002436	0100000075032715215EGROBa93wHuH
000460244363610002436	0100000075032715215M%CDHk93u4+0
000460244363610002436	0100000075032715215zynQcT93OaoT
000460244363610002445	01000000750327152151UKo:H93O8LF
000460244363610002445	0100000075032715215N2ZPNW93fHKD
000460244363610002445	0100000075032715215DUICYo93sx56
000460244363610002445	0100000075032715215G9j5)f93p15s
000460244363610002445	0100000075032715215ewfEl&93OZY6
000460244363610002445	0100000075032715215'wQbhk93Deyf
000460244363610002445	0100000075032715215Eg>Z.Z939Xl6
000460244363610002445	0100000075032715215Q*<i7H9379/E
000460244363610002445	0100000075032715215fZ1T_F93fSyE
000460244363610002445	0100000075032715215k)wW2>934R3d
000460244363610002445	0100000075032715215QaajHy93dzVu
000460244363610002445	0100000075032715215_"SK4F939Igv
000460244363610002445	0100000075032715215cj0AZq93+TSx
000460244363610002445	0100000075032715215NmMtDn93KZ6j
000460244363610002445	0100000075032715215L8qKol93Kc6v
000460244363610002445	0100000075032715215/Qe/sP93RfIB
000460244363610002445	0100000075032715215XLBVId93w7br
000460244363610002445	0100000075032715215Z?Wbjb93QCGi
000460244363610002445	0100000075032715215CcYhm0935nMB
000460244363610002445	0100000075032715215FbPEaV93DUsk
000460244363610002445	0100000075032715215rV't>e932Yve
000460244363610002445	0100000075032715215HINeW493WCyF
000460244363610002445	0100000075032715215Cdi2wi93lfeL
000460244363610002445	0100000075032715215W81FQ993dZB4
000460244363610002454	0100000075032715215O/QEhZ93OCl5
000460244363610002454	0100000075032715215j"Ajl+938H1G
000460244363610002454	01000000750327152150:?dOf93pBS9
000460244363610002454	0100000075032715215erkL,y93LNyp
000460244363610002454	0100000075032715215sBu!cT93MJZQ
000460244363610002454	0100000075032715215o:8HEo934nmr
000460244363610002454	01000000750327152155K(U4E93JrgY
000460244363610002454	0100000075032715215kQC1+493vIXv
000460244363610002454	0100000075032715215n9=Phm93CQyn
000460244363610002454	0100000075032715215M"gR9Y93nWHh
000460244363610002454	0100000075032715215uUrIP-93Q/RX
000460244363610002454	0100000075032715215GE"mBY93OiES
000460244363610002454	0100000075032715215LZC;fb93n2hs
000460244363610002454	0100000075032715215v;V;I193fMQ6
000460244363610002454	0100000075032715215iPOf:g93RaB5
000460244363610002454	0100000075032715215&J=jjT93UKtZ
000460244363610002454	0100000075032715215&rDy'S93J5vj
000460244363610002454	0100000075032715215UdqVao93SK/F
000460244363610002454	0100000075032715215Ya!ifj93I/zu
000460244363610002454	0100000075032715215H+%0Xl93HFAj
000460244363610002454	0100000075032715215n*1hPM93wSu/
000460244363610002454	0100000075032715215UchGdS93hrz8
000460244363610002454	0100000075032715215.x.OPI934t1j
000460244363610002454	0100000075032715215VD,tUG93CLXB
000460244363610002463	01000000750327152151fkGk793MhaC
000460244363610002463	0100000075032715215EiexnA93dLME
000460244363610002463	010000007503271521537jmKT93533m
000460244363610002463	0100000075032715215E_XyMX93WXl4
000460244363610002463	0100000075032715215U1CknQ93IZSE
000460244363610002463	01000000750327152150CZ;c.93phcD
000460244363610002463	01000000750327152152YKlJg93D4Qv
000460244363610002463	0100000075032715215(hx6KN93zx8Q
000460244363610002463	0100000075032715215"fuIW'93yyX6
000460244363610002463	0100000075032715215Ye/P**932r12
000460244363610002463	0100000075032715215fWx+O*93SyXC
000460244363610002463	0100000075032715215bfF3Qh93oIkz
000460244363610002463	0100000075032715215C/fF>p93wVTQ
000460244363610002463	0100000075032715215G+Sx8V93I+yr
000460244363610002463	0100000075032715215VCjCIr93uQX7
000460244363610002463	0100000075032715215_ptnRr939wm1
000460244363610002463	01000000750327152150ynlQm93/V0t
000460244363610002463	0100000075032715215"XtC_J93oNOy
000460244363610002463	0100000075032715215iqaRty93wHz1
000460244363610002463	0100000075032715215lmI0Eu93njKM
000460244363610002463	0100000075032715215VH(0SV93bu9e
000460244363610002463	0100000075032715215M>)pG(93t4R3
000460244363610002463	01000000750327152156YpIul93dooe
000460244363610002463	0100000075032715215,isICE935cJI
000460244363610002472	0100000075032715215ZKCOi+93lXn9
000460244363610002472	0100000075032715215N*C'nS93BhXP
000460244363610002472	0100000075032715215o*3V,F93FNRK
000460244363610002472	0100000075032715215cLD(hz93iPn8
000460244363610002472	0100000075032715215fNYJWj93BnWH
000460244363610002472	0100000075032715215BnAiU+93Mqoq
000460244363610002472	0100000075032715215FAP/ZS93d5aO
000460244363610002472	0100000075032715215VSLpH?93IIis
000460244363610002472	0100000075032715215.n,;jp93HWvB
000460244363610002472	0100000075032715215DBOeN<937ogr
000460244363610002472	0100000075032715215cX76G+93AcZo
000460244363610002472	01000000750327152156QosNv93tc4X
000460244363610002472	0100000075032715215DqoZkg937pim
000460244363610002472	0100000075032715215+Tf-oG93Xecx
000460244363610002472	01000000750327152155cRM=x93CsOw
000460244363610002472	0100000075032715215belS7m93AaS2
000460244363610002472	0100000075032715215EnYfgT93FJJM
000460244363610002472	0100000075032715215Wwe5pH93cElT
000460244363610002472	0100000075032715215K%Iaap93Zsms
000460244363610002472	0100000075032715215q'N9ji93vibw
000460244363610002472	0100000075032715215hPLwF>93tEKw
000460244363610002472	0100000075032715215HT9W2'93zf3I
000460244363610002472	0100000075032715215/gLtiZ93s1sO
000460244363610002472	0100000075032715215P/g(F?93bybq
000460244363610002481	0100000075032715215TVTM5!936C/K
000460244363610002481	0100000075032715215Rj1ARF93nMld
000460244363610002481	0100000075032715215;*zbFH93BP9S
000460244363610002481	0100000075032715215k>)pQb93A2TR
000460244363610002481	0100000075032715215MmY-W693rk70
000460244363610002481	0100000075032715215Ful83H93Pflm
000460244363610002481	0100000075032715215L'WMfU93ZpH0
000460244363610002481	0100000075032715215KDO%Pb933UtO
000460244363610002481	0100000075032715215dt+Rdo93uNOl
000460244363610002481	0100000075032715215fN?<nr93tNFv
000460244363610002481	0100000075032715215FXXj*C93rLPn
000460244363610002481	0100000075032715215MstZ%.93ZVwh
000460244363610002481	0100000075032715215UndQwO93Kov+
000460244363610002481	0100000075032715215i_9dcI93aXrP
000460244363610002481	0100000075032715215F6QtlF938dUA
000460244363610002481	0100000075032715215r6n:O+93reOG
000460244363610002481	0100000075032715215Z!EO?r93Y3CF
000460244363610002481	01000000750327152151Kt*dB93tFLu
000460244363610002481	0100000075032715215<k*Qos938yKb
000460244363610002481	0100000075032715215bi'?Jf93kfa1
000460244363610002481	0100000075032715215ah0BjW93+qga
000460244363610002481	0100000075032715215-NY-mv93ZnGz
000460244363610002481	0100000075032715215BHQc9Q93u7yi
000460244363610002481	0100000075032715215Tc'1Da93j2uL
000460244363610002490	0100000075032715215Vkch4q93/B4S
000460244363610002490	01000000750327152158m(DKp93W02z
000460244363610002490	0100000075032715215TXLiUj93cD/t
000460244363610002490	0100000075032715215KC/_(O93Wskm
000460244363610002490	0100000075032715215)hsbEk93gvDu
000460244363610002490	0100000075032715215Hjig%b93FHUX
000460244363610002490	0100000075032715215pGUNcd93mvBZ
000460244363610002490	0100000075032715215u?7qTk93AibH
000460244363610002490	0100000075032715215BIekH193gFDU
000460244363610002490	0100000075032715215n67r%K93ft+u
000460244363610002490	0100000075032715215VMZnhS93twjr
000460244363610002490	0100000075032715215YfniDq93l21Y
000460244363610002490	01000000750327152156T+oh-93cW18
000460244363610002490	0100000075032715215riFRvH93lo7e
000460244363610002490	0100000075032715215=O2wQr93jpez
000460244363610002490	0100000075032715215b(OnUk93RIsb
000460244363610002490	0100000075032715215kMd2Gs932gT8
000460244363610002490	0100000075032715215HE>%=V93J+XW
000460244363610002490	0100000075032715215GXvHLM93wWZV
000460244363610002490	0100000075032715215yUoX:'93HqAd
000460244363610002490	0100000075032715215Jh6T-F93qgNW
000460244363610002490	0100000075032715215g>VU/-934W4Q
000460244363610002490	0100000075032715215Qfirs693dxjg
000460244363610002490	0100000075032715215Us!-Qb93s7sv
000460244363610002506	0100000075032715215j)KYOR938G7+
000460244363610002506	0100000075032715215yt*NlG937J3M
000460244363610002506	0100000075032715215RoFNud93HDHY
000460244363610002506	0100000075032715215tM1Vj?93FIKG
000460244363610002506	0100000075032715215vbCHrE93gUjh
000460244363610002506	0100000075032715215jSEwK!93s29H
000460244363610002506	0100000075032715215m?NHV;933h4X
000460244363610002506	0100000075032715215NB?mzW93Vayc
000460244363610002506	0100000075032715215jDgVhY93z2vy
000460244363610002506	0100000075032715215ok2Km(93/rUl
000460244363610002506	0100000075032715215az>2eh93Jkd0
000460244363610002506	0100000075032715215pgEC;A931aPW
000460244363610002506	0100000075032715215g0X.Om93V92k
000460244363610002506	0100000075032715215RNr*M?93aPpe
000460244363610002506	0100000075032715215CgxPZR93Dqzk
000460244363610002506	0100000075032715215v,ZpGm936S47
000460244363610002506	0100000075032715215VBbnWO93PNQb
000460244363610002506	01000000750327152158AhT0h93iCkZ
000460244363610002506	01000000750327152159RLot?93yhmq
000460244363610002506	0100000075032715215mZ<nnt937cV3
000460244363610002506	0100000075032715215<tMG<f93A+GN
000460244363610002506	0100000075032715215!JEpkH936Eoj
000460244363610002506	0100000075032715215>dg*j=93se4N
000460244363610002506	0100000075032715215JXfanQ93I8qx
000460244363610002515	0100000075032715215pNCMtn93x//+
000460244363610002515	0100000075032715215JNDoad93ZEpD
000460244363610002515	0100000075032715215mjLo7G93rBJY
000460244363610002515	01000000750327152152&jljO934ybv
000460244363610002515	0100000075032715215JGOq)'93IEad
000460244363610002515	01000000750327152155rEK'N93CeVG
000460244363610002515	0100000075032715215_e8Ofe93bYxj
000460244363610002515	0100000075032715215lBYl3n935Ufz
000460244363610002515	0100000075032715215EgE2ji93C0bZ
000460244363610002515	0100000075032715215eBWGx5931UL3
000460244363610002515	0100000075032715215RYqX-E93L8ih
000460244363610002515	0100000075032715215(R7McE93SJOZ
000460244363610002515	0100000075032715215siU:TO93s0bj
000460244363610002515	0100000075032715215oi9Hys931bd3
000460244363610002515	0100000075032715215=<OjYR93Wp7Y
000460244363610002515	0100000075032715215/qpD'V93ewzR
000460244363610002515	0100000075032715215lrgv1l93UFcB
000460244363610002515	0100000075032715215m8IkSP93Q59d
000460244363610002515	0100000075032715215W1KI.r93MBvt
000460244363610002515	0100000075032715215Q"SAnt93OhZl
000460244363610002515	0100000075032715215X+xrV,93QyO2
000460244363610002515	0100000075032715215N6NK0A93YNZJ
000460244363610002515	0100000075032715215k2XLV693XQqJ
000460244363610002515	0100000075032715215FgAoSH93yb5A
000460244363610002524	0100000075032715215VJZHc593OkuJ
000460244363610002524	01000000750327152154dtWX,93my1P
000460244363610002524	01000000750327152151;tgju936HyV
000460244363610002524	01000000750327152157-IDo993rznm
000460244363610002524	0100000075032715215RIMxnl93ddfe
000460244363610002524	0100000075032715215ktPCyt93tnos
000460244363610002524	0100000075032715215h=)vS*93FFgW
000460244363610002524	0100000075032715215bu6R5'937IIr
000460244363610002524	0100000075032715215KPGS-G93z3vm
000460244363610002524	0100000075032715215:3;fI;93aoAs
000460244363610002524	0100000075032715215r(.dxe93U2x8
000460244363610002524	01000000750327152155s/SdP93V3iv
000460244363610002524	0100000075032715215JxW,oU93PnUS
000460244363610002524	0100000075032715215DSDsdh93rL2x
000460244363610002524	0100000075032715215k!MqXV93dVV6
000460244363610002524	0100000075032715215Dy.jpB93vv1b
000460244363610002524	0100000075032715215J-VTjQ93O6mx
000460244363610002524	0100000075032715215TU'S3J93TksD
000460244363610002524	0100000075032715215VIarHS93bC/D
000460244363610002524	0100000075032715215&NFM8793c0m+
000460244363610002524	0100000075032715215XCDUVT93buC6
000460244363610002524	0100000075032715215wN"F7Q93j2vg
000460244363610002524	0100000075032715215AAYEb:93R5I+
000460244363610002524	0100000075032715215RFxeS1938CPh
000460244363610002533	0100000075032715215ivhbKJ93LhrD
000460244363610002533	0100000075032715215Ws'eGO93UOCo
000460244363610002533	0100000075032715215V1qhCH93Y+Ph
000460244363610002533	0100000075032715215KHID+&93rIGu
000460244363610002533	0100000075032715215LqQyQk93ZZ8r
000460244363610002533	0100000075032715215?FiVqi93b4J8
000460244363610002533	0100000075032715215hcx/JV93yHXa
000460244363610002533	0100000075032715215l)nH!993kJUU
000460244363610002533	0100000075032715215mD.sNh93ufnM
000460244363610002533	0100000075032715215tbGCSt93V0mF
000460244363610002533	0100000075032715215l>rdTy93B6Ku
000460244363610002533	0100000075032715215dKI1Wy931ldl
000460244363610002533	0100000075032715215W=Ocfo93I5H4
000460244363610002533	01000000750327152156IE4vu93EFLS
000460244363610002533	0100000075032715215nq.ht!93ywHk
000460244363610002533	0100000075032715215WyKAdY93OGkQ
000460244363610002533	0100000075032715215srejr-933pXZ
000460244363610002533	01000000750327152151)ij)Y93+dtO
000460244363610002533	0100000075032715215tZZPjp93Y8Ms
000460244363610002533	0100000075032715215wOB.NV93QKXT
000460244363610002533	01000000750327152158.2u!k93DO4+
000460244363610002533	0100000075032715215Ls9gNo936ImW
000460244363610002533	0100000075032715215zpwY>C93UMZN
000460244363610002533	0100000075032715215Xhco?%934cUg
000460244363610002542	0100000075032715215/OQNeu93nipt
000460244363610002542	0100000075032715215baSRzP93SqJR
000460244363610002542	0100000075032715215rtZh8u935Q3A
000460244363610002542	01000000750327152153PqblL93Ok12
000460244363610002542	0100000075032715215Fgr-Vy93bj4T
000460244363610002542	0100000075032715215KchBgM93e9aA
000460244363610002542	0100000075032715215_ij;WP938R3j
000460244363610002542	0100000075032715215j7NO"q93p5PK
000460244363610002542	0100000075032715215GRr>zi93RXPj
000460244363610002542	0100000075032715215Qj*kQ7939/Qd
000460244363610002542	0100000075032715215mOf_Vt93birW
000460244363610002542	0100000075032715215cA0DI.93cRLE
000460244363610002542	01000000750327152154OVlTp932lgY
000460244363610002542	0100000075032715215;OXr<.937vFE
000460244363610002542	0100000075032715215MNTuT,93OUgb
000460244363610002542	0100000075032715215kKsPBr93Qrw1
000460244363610002542	0100000075032715215zlZYbb93tAg+
000460244363610002542	0100000075032715215TbVQU.93LzTa
000460244363610002542	0100000075032715215ij_<_b93rbwf
000460244363610002542	0100000075032715215dBBHZ+93XfI8
000460244363610002542	0100000075032715215IG*rtL93np6b
000460244363610002542	0100000075032715215n?vPy<93dQPN
000460244363610002542	0100000075032715215Z:,LiS93cXM+
000460244363610002542	01000000750327152155HZZ%F93vDUT
000460244363610002551	0100000075032715215OXuEPB93Em7T
000460244363610002551	0100000075032715215q6;pTo938t+T
000460244363610002551	0100000075032715215FtS+QC93grhI
000460244363610002551	0100000075032715215CK/Vk-93Oh60
000460244363610002551	0100000075032715215ORaj9n93HhY0
000460244363610002551	0100000075032715215ERaaVr93z363
000460244363610002551	0100000075032715215QW>EsL93zLwG
000460244363610002551	0100000075032715215*,sODl939j40
000460244363610002551	0100000075032715215<1FuZf93b60s
000460244363610002551	0100000075032715215lmRd)F93x3SX
000460244363610002551	0100000075032715215+qQshk93Y64l
000460244363610002551	0100000075032715215WKw/7j93NHOr
000460244363610002551	0100000075032715215tbZheh93oeZV
000460244363610002551	0100000075032715215t?EVtN933c4U
000460244363610002551	0100000075032715215/HKar59371Vs
000460244363610002551	0100000075032715215'cUQto93WRv5
000460244363610002551	0100000075032715215VbU4ZR93BDUX
000460244363610002551	0100000075032715215X4E0fL93TbC2
000460244363610002551	0100000075032715215eIV,RA93yobp
000460244363610002551	0100000075032715215zCwN0P93RUrv
000460244363610002551	0100000075032715215gCPA*Y93hNpY
000460244363610002551	0100000075032715215lK'Tci93TadK
000460244363610002551	0100000075032715215>cdLqa93AgyO
000460244363610002551	0100000075032715215Wpjg<p93t8FW
000460244363610002560	010000007503271521511Pk*"93RFXK
000460244363610002560	0100000075032715215B__LYE9312Sd
000460244363610002560	0100000075032715215WJJFkW93uavW
000460244363610002560	0100000075032715215XBG=mb93uExs
000460244363610002560	0100000075032715215asB)Tz93hFRG
000460244363610002560	01000000750327152152C/UoI93Ki8I
000460244363610002560	0100000075032715215nmz&tu93qJ+H
000460244363610002560	0100000075032715215emG=qA93hyox
000460244363610002560	0100000075032715215_H%n6V93je2P
000460244363610002560	0100000075032715215Ol.jq%93Jj/J
000460244363610002560	0100000075032715215PuP>YJ93pRtj
000460244363610002560	0100000075032715215s'c5PD93LD8b
000460244363610002560	0100000075032715215sZWqRK93xncp
000460244363610002560	0100000075032715215TfKGOs93k2Bv
000460244363610002560	0100000075032715215WMFQmS93u9Lp
000460244363610002560	0100000075032715215XrFh<M93753o
000460244363610002560	0100000075032715215rK%C=P93/RLK
000460244363610002560	0100000075032715215Z-sTLk93OBA8
000460244363610002560	0100000075032715215RY<LXd93J+xk
000460244363610002560	0100000075032715215;Jn)*<93u5Ft
000460244363610002560	01000000750327152155SC.Hm93AlbU
000460244363610002560	0100000075032715215PZ1VpX93TNOZ
000460244363610002560	0100000075032715215w*w8jm93kai1
000460244363610002560	0100000075032715215D?1s?i93LKQp
000460244363610002579	0100000075032715215ur4(VO93o3QS
000460244363610002579	0100000075032715215Q8hklO93h64U
000460244363610002579	0100000075032715215sCSiB193o6qy
000460244363610002579	0100000075032715215vIYrm'93YVb2
000460244363610002579	0100000075032715215hbH!kQ935qf0
000460244363610002579	0100000075032715215KNPsqf93ECMR
000460244363610002579	0100000075032715215J)'qf'93nzHj
000460244363610002579	0100000075032715215Nv3VCL93dx2x
000460244363610002579	0100000075032715215HzCVfV93g7hq
000460244363610002579	0100000075032715215gVUcul93SnLZ
000460244363610002579	0100000075032715215SIPMLU937Eg1
000460244363610002579	0100000075032715215k&HXV%93hZ1q
000460244363610002579	0100000075032715215ntgzna93TXK2
000460244363610002579	0100000075032715215zEJTbq93omZz
000460244363610002579	0100000075032715215M=q20R93i2wE
000460244363610002579	0100000075032715215QI:gmU93Yv1Y
000460244363610002579	0100000075032715215I5YZFe93PpIZ
000460244363610002579	0100000075032715215Vga!bT93NmxI
000460244363610002579	0100000075032715215Hh<!dm93B4VO
000460244363610002579	0100000075032715215!4DJPo93iAdP
000460244363610002579	0100000075032715215OLrb>S93aVA6
000460244363610002579	0100000075032715215N(UWDS93zfcs
000460244363610002579	0100000075032715215EMeu2_93C762
000460244363610002579	0100000075032715215KqBeD_9379rg
000460244363610002588	01000000750327152158!Tvcf939y2l
000460244363610002588	0100000075032715215k+8POj9341ti
000460244363610002588	0100000075032715215DRnJBn93Upw+
000460244363610002588	0100000075032715215riGK5,93hryW
000460244363610002588	0100000075032715215hA,xIr93vn+M
000460244363610002588	01000000750327152159dt>hu93LIYU
000460244363610002588	0100000075032715215lwupg593+S35
000460244363610002588	0100000075032715215K7pLSm93DeHV
000460244363610002588	0100000075032715215da6+Zd93+s7c
000460244363610002588	0100000075032715215h96!Bo93qP9f
000460244363610002588	0100000075032715215JUzYtc93ixi0
000460244363610002588	0100000075032715215BNrCBK934PX8
000460244363610002588	01000000750327152157gPKfE93BnnK
000460244363610002588	01000000750327152153EWsPp93PjrF
000460244363610002588	0100000075032715215N8.iaM93muSx
000460244363610002588	0100000075032715215JOB<_N934Gy8
000460244363610002588	0100000075032715215NCKPi493N/el
000460244363610002588	0100000075032715215ZUiF;U93TL1K
000460244363610002588	0100000075032715215:mUc0T93odhv
000460244363610002588	0100000075032715215ttU/jL93Yt6A
000460244363610002588	0100000075032715215o&uPF093Dxm8
000460244363610002588	0100000075032715215Dlxn!P930mgT
000460244363610002588	0100000075032715215bOrlbX9362uq
000460244363610002588	0100000075032715215/EhG_B932Vsf
000460244363610002597	0100000075032715215bqEvVa93v3qu
000460244363610002597	0100000075032715215d6&)Gp93zSAx
000460244363610002597	0100000075032715215a/CvWi93N4pf
000460244363610002597	0100000075032715215:rqoh"9364/q
000460244363610002597	0100000075032715215nxsxNg9340oE
000460244363610002597	0100000075032715215RGxg7R937mUn
000460244363610002597	0100000075032715215lvAbJ>93gRNZ
000460244363610002597	0100000075032715215<*ltNq936hU/
000460244363610002597	0100000075032715215U?BY&H93YpE1
000460244363610002597	0100000075032715215!SeVfE93WUyt
000460244363610002597	0100000075032715215qKRZLx93kVoR
000460244363610002597	0100000075032715215*HU!gl93DxxD
000460244363610002597	0100000075032715215'MY+XN932jnt
000460244363610002597	0100000075032715215dr0UlC9336dJ
000460244363610002597	0100000075032715215aVlPQt930ZTd
000460244363610002597	0100000075032715215JJiI7b93S4dQ
000460244363610002597	0100000075032715215CleL_O932Hhf
000460244363610002597	0100000075032715215FXWx(993t7NK
000460244363610002597	0100000075032715215'jEZae93fW8A
000460244363610002597	0100000075032715215hk%4kM93VUso
000460244363610002597	01000000750327152156HEPOP93mU+/
000460244363610002597	0100000075032715215K-,fIb93afDz
000460244363610002597	0100000075032715215r_Bd;l93N0oX
000460244363610002597	0100000075032715215vZ>+5a93tN8e
000460244363610002603	01000000750327152158G:a=593L074
000460244363610002603	0100000075032715215Ens2r:93KsT8
000460244363610002603	0100000075032715215ZaMVAs93lyh4
000460244363610002603	0100000075032715215z8JLjT93h9mQ
000460244363610002603	01000000750327152159Ring5934Pzy
000460244363610002603	0100000075032715215Jngids93tQK0
000460244363610002603	0100000075032715215rVd4!)93hfnZ
000460244363610002603	0100000075032715215FjRpHh93qhDw
000460244363610002603	0100000075032715215E)!oOd930tmx
000460244363610002603	0100000075032715215I'pdLE93OscT
000460244363610002603	0100000075032715215p-8pew93Qwt1
000460244363610002603	0100000075032715215s_LTym93sALV
000460244363610002603	01000000750327152151?JMMg93Z/fq
000460244363610002603	0100000075032715215HXbea>93ghvk
000460244363610002603	01000000750327152158CAL,a93uSb9
000460244363610002603	01000000750327152152VwYZd93PIY/
000460244363610002603	0100000075032715215XKH)r793IGew
000460244363610002603	0100000075032715215GIZy8O93A3OY
000460244363610002603	0100000075032715215LQtLWA93nDex
000460244363610002603	0100000075032715215jo<=Mr93JCLy
000460244363610002603	01000000750327152153NQ_jk93Dxgd
000460244363610002603	0100000075032715215B%OJAn93SP0d
000460244363610002603	0100000075032715215%0cRof93r3y6
000460244363610002603	0100000075032715215rGrkb493iNq4
000460244363610002612	0100000075032715215djoIM093SoUj
000460244363610002612	0100000075032715215>ZuUy&93kN58
000460244363610002612	0100000075032715215BQ'I"M93QJSo
000460244363610002612	0100000075032715215Dn%tlX93Q0b+
000460244363610002612	01000000750327152150bAnM993VTJk
000460244363610002612	0100000075032715215aQ0/&V93mAEA
000460244363610002612	0100000075032715215'lXMbf9336yV
000460244363610002612	0100000075032715215/A2tle93bjrj
000460244363610002612	0100000075032715215bnaio?93iMjt
000460244363610002612	0100000075032715215mupXi8938SuU
000460244363610002612	01000000750327152150EhVli93RhPP
000460244363610002612	01000000750327152156.sdpV93yIFx
000460244363610002612	0100000075032715215)Ph=7p93rRZR
000460244363610002612	0100000075032715215IuZA!r93YBdX
000460244363610002612	0100000075032715215wF_LlT93eUi7
000460244363610002612	0100000075032715215m5ORiL93mWgx
000460244363610002612	0100000075032715215SDrs'>93svaP
000460244363610002612	0100000075032715215t0FPVX93Ocnr
000460244363610002612	0100000075032715215ZdESaS93Q70j
000460244363610002612	0100000075032715215rOxUgA93I9eZ
000460244363610002612	010000007503271521538yeDq937ipH
000460244363610002612	0100000075032715215clZC?-93R5mU
000460244363610002612	0100000075032715215tnnmUa93ZV8z
000460244363610002612	0100000075032715215IeIl,X934+yi
000460244363610002621	0100000075032715215rT*zV093gETx
000460244363610002621	0100000075032715215Gj"lH'93BT5L
000460244363610002621	0100000075032715215Fc9d"m93X7B8
000460244363610002621	0100000075032715215Ou>sHc93+w9K
000460244363610002621	0100000075032715215xGbfit93dZns
000460244363610002621	0100000075032715215mY.glf93DpLf
000460244363610002621	0100000075032715215:Sag+893rb7L
000460244363610002621	0100000075032715215BwH_Ug93k/dD
000460244363610002621	0100000075032715215U3EwL>93pmkq
000460244363610002621	0100000075032715215lIIqJH93khkm
000460244363610002621	0100000075032715215WuFI.j93qRjQ
000460244363610002621	0100000075032715215MDrQal93ZIpi
000460244363610002621	0100000075032715215sYBmc)934Lrm
000460244363610002621	0100000075032715215GYC?*n93w51d
000460244363610002621	0100000075032715215naQQFH93+waw
000460244363610002621	0100000075032715215a,DM?i93Gcxl
000460244363610002621	0100000075032715215Jf?H,S93vQJe
000460244363610002621	0100000075032715215k1xE%f93S1QK
000460244363610002621	0100000075032715215"kGgnX9383Vd
000460244363610002621	0100000075032715215kF214x93a6y/
000460244363610002621	0100000075032715215U;FWqF93ygdB
000460244363610002621	0100000075032715215F/jbjH93ZlbV
000460244363610002621	0100000075032715215pqAoQg93sR3i
000460244363610002621	0100000075032715215f8N5WU939phI
000460244363610002630	0100000075032715215g?GUux93OV/v
000460244363610002630	0100000075032715215tpLcJ%93Dyk/
000460244363610002630	0100000075032715215T4?hiR93zb95
000460244363610002630	0100000075032715215=PMN*S934DSC
000460244363610002630	0100000075032715215Kcb4py93np3O
000460244363610002630	0100000075032715215v>Y7km93OiBK
000460244363610002630	0100000075032715215P3fE3_93fMvL
000460244363610002630	0100000075032715215WqRIms93+J/Q
000460244363610002630	0100000075032715215orbcsV9386fZ
000460244363610002630	0100000075032715215*j1gR)93HuVe
000460244363610002630	0100000075032715215SBQOWb930U68
000460244363610002630	0100000075032715215FSYQ_X930GAs
000460244363610002630	0100000075032715215fRiJq-93P+8v
000460244363610002630	0100000075032715215:3Gsn,93AqcQ
000460244363610002630	0100000075032715215TT1*%>938nOO
000460244363610002630	0100000075032715215sBoQWA93wfQ4
000460244363610002630	0100000075032715215gaRpgO93XWGt
000460244363610002630	0100000075032715215aSPfoc93tRQl
000460244363610002630	0100000075032715215wLcBrs93n72s
000460244363610002630	0100000075032715215vdnji&938nMw
000460244363610002630	0100000075032715215djZqBb93C4fX
000460244363610002630	0100000075032715215'lx6f'93Aiyl
000460244363610002630	0100000075032715215b2ioDo93ADKA
000460244363610002630	0100000075032715215sLUe1*93ZGZl
000460244363610002649	0100000075032715215gSLsq993Rs29
000460244363610002649	0100000075032715215s!Ydv_93aFwM
000460244363610002649	0100000075032715215bDBulO93/1gx
000460244363610002649	0100000075032715215cS+QQ+933958
000460244363610002649	0100000075032715215hREIdW93HUU6
000460244363610002649	01000000750327152150/=aB"93LwtE
000460244363610002649	0100000075032715215V5C55X93QJwV
000460244363610002649	0100000075032715215B<-lLG93rHXm
000460244363610002649	01000000750327152157fcPtN93nbVn
000460244363610002649	0100000075032715215CAwKYB93qH7A
000460244363610002649	0100000075032715215XR_PvD93HB6H
000460244363610002649	0100000075032715215rP&%P'93klVo
000460244363610002649	0100000075032715215IBwi=C93GidM
000460244363610002649	0100000075032715215lq9iMb937F3a
000460244363610002649	0100000075032715215c;pr)593BDky
000460244363610002649	0100000075032715215RlaeTf933l+f
000460244363610002649	0100000075032715215EqO7=k93gEYe
000460244363610002649	0100000075032715215Nq%_v?93TZVP
000460244363610002649	0100000075032715215Qic1f+93lqmF
000460244363610002649	0100000075032715215W,p-ms93Yorh
000460244363610002649	0100000075032715215lQshL/93/vQe
000460244363610002649	0100000075032715215mINri;93xDNg
000460244363610002649	01000000750327152159EomMu93kuo0
000460244363610002649	0100000075032715215yWJsII93aPjj
000460244363610002658	0100000075032715215=DpVQD93zeUf
000460244363610002658	0100000075032715215MycEj"93YaaL
000460244363610002658	0100000075032715215bGFqJK93DRCn
000460244363610002658	01000000750327152153pTBVj939fDd
000460244363610002658	0100000075032715215,XTxCt93KOr1
000460244363610002658	0100000075032715215A;;tYO932IsW
000460244363610002658	0100000075032715215GFk&hM93NmS0
000460244363610002658	0100000075032715215BDtbsp93y1j2
000460244363610002658	0100000075032715215<4"62P93wDGa
000460244363610002658	01000000750327152158+%n4v93LxL5
000460244363610002658	0100000075032715215eCFTIC93atFm
000460244363610002658	0100000075032715215-nJtG*93kks6
000460244363610002658	01000000750327152154UeaFa930RpI
000460244363610002658	0100000075032715215x/fOSq93CFge
000460244363610002658	0100000075032715215Y4K7kS93+giF
000460244363610002658	01000000750327152155ZmNWn93XaNy
000460244363610002658	0100000075032715215hkGSMf93rLHY
000460244363610002658	0100000075032715215?+qsGV93wYll
000460244363610002658	0100000075032715215'Z*D'193UIQk
000460244363610002658	0100000075032715215.&l.hh9339sR
000460244363610002658	0100000075032715215tgKc)+93/BtP
000460244363610002658	0100000075032715215r+Kpap934yv6
000460244363610002658	0100000075032715215i)WpFc93CB2d
000460244363610002658	0100000075032715215,MN?LT93HJTg
000460244363610002667	01000000750327152157t+UNt93r/WF
000460244363610002667	0100000075032715215E8Ys_m93gycU
000460244363610002667	0100000075032715215GGHnfE93lkb9
000460244363610002667	0100000075032715215z:ix0o93OqYW
000460244363610002667	010000007503271521567!s/K93qgIg
000460244363610002667	0100000075032715215FiQHuS93CvQd
000460244363610002667	0100000075032715215/3Ns'l93qKaC
000460244363610002667	0100000075032715215,/Vl4.93l413
000460244363610002667	0100000075032715215Ylooit93Vm9/
000460244363610002667	0100000075032715215P'bxsq93G1Zi
000460244363610002667	0100000075032715215L&l+DK93b8s0
000460244363610002667	0100000075032715215!zVe8;93YE6O
000460244363610002667	0100000075032715215>cxw=T93f2Px
000460244363610002667	0100000075032715215mX6ya193c0CF
000460244363610002667	0100000075032715215?YcF8R93jiPK
000460244363610002667	0100000075032715215z5Mp/t93mhX1
000460244363610002667	0100000075032715215QINYeB93VSN9
000460244363610002667	0100000075032715215elcbkb93i0ii
000460244363610002667	0100000075032715215!7buME93Q56G
000460244363610002667	0100000075032715215WI3ZHc93AZcT
000460244363610002667	0100000075032715215OB;lk593YPcS
000460244363610002667	0100000075032715215YX,Ae?93dugk
000460244363610002667	0100000075032715215P_x%&l93q0ZD
000460244363610002667	0100000075032715215I4gCLZ93kI3R
000460244363610002676	0100000075032715215qGJ6/<93+ioX
000460244363610002676	0100000075032715215+UOyYa93Th5y
000460244363610002676	0100000075032715215ljN.r293iKJd
000460244363610002676	0100000075032715215L)NeNI93ONV1
000460244363610002676	0100000075032715215)eLt_c93zaO5
000460244363610002676	0100000075032715215M%O'pO93Pczo
000460244363610002676	0100000075032715215q"KEeg9397gw
000460244363610002676	0100000075032715215WSNeRe93zJ12
000460244363610002676	0100000075032715215TfTJYY93zn0Z
000460244363610002676	0100000075032715215Leejfr93nxQ6
000460244363610002676	0100000075032715215J=Aqzs93Olgw
000460244363610002676	0100000075032715215-qXYeS9337nG
000460244363610002676	01000000750327152158KDa(i93UqFl
000460244363610002676	0100000075032715215i/01N.93+q02
000460244363610002676	0100000075032715215pFjH_/93voGB
000460244363610002676	0100000075032715215rGYFXY93+gf7
000460244363610002676	0100000075032715215_F,t2c93YJ1I
000460244363610002676	0100000075032715215z<c;9u93FdUU
000460244363610002676	0100000075032715215M9PYaI9394YP
000460244363610002676	0100000075032715215ssUroE93KxWo
000460244363610002676	0100000075032715215fZ*:_K93f0ic
000460244363610002676	0100000075032715215rPC+-f93LRuA
000460244363610002676	01000000750327152153+VV(p934uXP
000460244363610002676	0100000075032715215z':FMp93Po89
000460244363610002685	0100000075032715215'LVgoY93zn4L
000460244363610002685	0100000075032715215FZ,pmV93dw7G
000460244363610002685	0100000075032715215Sqqruj93UjNO
000460244363610002685	0100000075032715215BR-Cia93rxlE
000460244363610002685	0100000075032715215Txg_=Z93MHfm
000460244363610002685	0100000075032715215ZWNVl3939Kfq
000460244363610002685	0100000075032715215sIuTaQ9308aY
000460244363610002685	0100000075032715215EQfRuR93NTeo
000460244363610002685	0100000075032715215ATs9RI93HjDu
000460244363610002685	0100000075032715215quMOCE93uld3
000460244363610002685	0100000075032715215d7R7>r93PrjN
000460244363610002685	0100000075032715215ISDHYe93EL+X
000460244363610002685	0100000075032715215aQHmlQ93T+4t
000460244363610002685	0100000075032715215aEh3aK93I/m0
000460244363610002685	01000000750327152154lpBYN93w5AE
000460244363610002685	0100000075032715215ArM5Je93WSfw
000460244363610002685	0100000075032715215FH2<oe93fzx4
000460244363610002685	0100000075032715215;nFpEL939r6M
000460244363610002685	0100000075032715215oY+isb93uMyi
000460244363610002685	0100000075032715215GUCRax937QOs
000460244363610002685	0100000075032715215CCkr?t9365a/
000460244363610002685	0100000075032715215Mjo3&>93NoXc
000460244363610002685	0100000075032715215.EKoCE93Lful
000460244363610002685	0100000075032715215D;Ss*j9317sF
000460244363610002694	0100000075032715215Z;<*qe93fFy7
000460244363610002694	0100000075032715215q-cSDt93S9dU
000460244363610002694	0100000075032715215rhqWzm93uiwI
000460244363610002694	0100000075032715215TF;P%E93aiHJ
000460244363610002694	0100000075032715215NK)0gn93Qq5b
000460244363610002694	0100000075032715215E:.M+P93k5+g
000460244363610002694	0100000075032715215g1J!3i93OGKa
000460244363610002694	0100000075032715215vRF'Y;93sbZK
000460244363610002694	0100000075032715215BOM?aD93gwMm
000460244363610002694	0100000075032715215/hkX5!93TTUq
000460244363610002694	0100000075032715215Om+7UV93m+Dx
000460244363610002694	0100000075032715215ZM!P?l93iHtt
000460244363610002694	0100000075032715215*g%rxm93vCvH
000460244363610002694	0100000075032715215Jh/FZQ93bQ5b
000460244363610002694	0100000075032715215d8>WUi93fWa9
000460244363610002694	0100000075032715215rH8&:u93nVrC
000460244363610002694	0100000075032715215UXhzjX93K/xl
000460244363610002694	0100000075032715215V1iL9e93Lvei
000460244363610002694	0100000075032715215e4o75S93ZbrL
000460244363610002694	0100000075032715215GKjg:Q93HVrN
000460244363610002694	0100000075032715215fOuN!a937VMH
000460244363610002694	0100000075032715215qaeD*H93Q8yr
000460244363610002694	0100000075032715215hsp6v,93fXdJ
000460244363610002694	0100000075032715215EiAYmr93f5fM
000460244363610002700	0100000075032715215eWHk1>938Wdb
000460244363610002700	0100000075032715215hK+v/w93NtFG
000460244363610002700	01000000750327152153DV6YP93LPtb
000460244363610002700	0100000075032715215U'jwfa93bOnJ
000460244363610002700	0100000075032715215MQz6jW937Yfe
000460244363610002700	0100000075032715215GBLUUZ93QZzR
000460244363610002700	01000000750327152157ne7AZ93QQOm
000460244363610002700	0100000075032715215QlSAkm93u3lh
000460244363610002700	0100000075032715215B**dj093S+Hc
000460244363610002700	0100000075032715215LX1Il793ZO7g
000460244363610002700	0100000075032715215n9gxO(93YRqv
000460244363610002700	0100000075032715215m<M9cQ93QxwQ
000460244363610002700	0100000075032715215hmRGro93l2ZM
000460244363610002700	0100000075032715215mZBzts93/kCB
000460244363610002700	0100000075032715215CnSTEl93H0dE
000460244363610002700	0100000075032715215oP!YAw936CsN
000460244363610002700	0100000075032715215od0GSI93VCKe
000460244363610002700	0100000075032715215wzwlF793+7nL
000460244363610002700	01000000750327152152hnjcc93Q/WR
000460244363610002700	01000000750327152154QAY5i93nueu
000460244363610002700	0100000075032715215NLVS)693Kd47
000460244363610002700	0100000075032715215+Rtfpt93Jl9u
000460244363610002700	0100000075032715215hrLFMy93soJs
000460244363610002700	0100000075032715215Mmi"+793vnIv
000460244363610002719	0100000075032715215H*E%<Y93vSQJ
000460244363610002719	0100000075032715215MMUwwm93oXZM
000460244363610002719	0100000075032715215T0AkZE93H+mQ
000460244363610002719	0100000075032715215,sL1OC93/tyX
000460244363610002719	0100000075032715215xBDRt493/dca
000460244363610002719	0100000075032715215QMMl1l93zcGc
000460244363610002719	0100000075032715215hHCKuK93YLaB
000460244363610002719	0100000075032715215+4:FES93dvah
000460244363610002719	0100000075032715215GD)QrC93UDua
000460244363610002719	0100000075032715215hU*PGm93HjGx
000460244363610002719	0100000075032715215E9OVe<93bsXO
000460244363610002719	0100000075032715215oEE)Rm93e1DK
000460244363610002719	0100000075032715215adJGnq93PfBT
000460244363610002719	0100000075032715215e>T!3D938JgR
000460244363610002719	0100000075032715215emaSAk933BOd
000460244363610002719	0100000075032715215FViTwL93JywR
000460244363610002719	0100000075032715215%X33N<93h1Yy
000460244363610002719	0100000075032715215GjdWiy93gGfr
000460244363610002719	0100000075032715215q/rPPT93T0DS
000460244363610002719	0100000075032715215(tWFD=93c0cN
000460244363610002719	0100000075032715215If97s'93jUll
000460244363610002719	0100000075032715215OBFdfP93bdxn
000460244363610002719	0100000075032715215Jytj-U93niuJ
000460244363610002719	0100000075032715215rJCr&&93u1Ma
000460244363610002728	0100000075032715215&NJ-TD93fz1c
000460244363610002728	0100000075032715215PgEueO93KLiD
000460244363610002728	0100000075032715215Zq4Mzr938ZCU
000460244363610002728	0100000075032715215JHHuR*9313gS
000460244363610002728	0100000075032715215arNF"793cEZ0
000460244363610002728	0100000075032715215nWoYiq936hGI
000460244363610002728	0100000075032715215YqQ(cU93j13F
000460244363610002728	0100000075032715215Awmnm493xahO
000460244363610002728	0100000075032715215+lGKP793ApYk
000460244363610002728	0100000075032715215h"LhH:93buZ6
000460244363610002728	0100000075032715215I)dC4c93Uhfh
000460244363610002728	0100000075032715215iOtiOG93pYvL
000460244363610002728	0100000075032715215RGO01,93Y8Ed
000460244363610002728	0100000075032715215Oygp3I934DXY
000460244363610002728	0100000075032715215N20HXc93MHER
000460244363610002728	0100000075032715215zYCcb&933ERx
000460244363610002728	0100000075032715215mXgp0Z93iHvr
000460244363610002728	01000000750327152155OHSbp93qrs5
000460244363610002728	0100000075032715215RLC4JQ93DWP5
000460244363610002728	0100000075032715215yic3(h93wd1x
000460244363610002728	0100000075032715215TjgNrc93ZSaq
000460244363610002728	0100000075032715215bIK")W93aSBF
000460244363610002728	0100000075032715215PVIyX093kX30
000460244363610002728	0100000075032715215iZ%MQ)93MBdu
000460244363610002737	0100000075032715215&ehAKa93sY3x
000460244363610002737	0100000075032715215)1d?JJ937AV6
000460244363610002737	0100000075032715215IAm8fr93m0aV
000460244363610002737	0100000075032715215ljF*Ti93J+X5
000460244363610002737	0100000075032715215X)RYLs93Jb/1
000460244363610002737	0100000075032715215%sJ=Ei93lQ/f
000460244363610002737	0100000075032715215J>fJYw93OW+7
000460244363610002737	0100000075032715215HjN9J493EqWa
000460244363610002737	0100000075032715215!RRg4G93X1ub
000460244363610002737	0100000075032715215P_IaJl938Goj
000460244363610002737	0100000075032715215aJ6-JA935aaV
000460244363610002737	0100000075032715215?ZqEC493isY1
000460244363610002737	0100000075032715215-SNbUl93pKVa
000460244363610002737	0100000075032715215bMOHYP93F6Gp
000460244363610002737	0100000075032715215xMmMmh93+RLw
000460244363610002737	0100000075032715215mMhZaI93ujOH
000460244363610002737	0100000075032715215LoLgB793Q18R
000460244363610002737	0100000075032715215<(eOFa93i9lQ
000460244363610002737	0100000075032715215_K7t5j93HPlE
000460244363610002737	0100000075032715215a&f,HB93eazm
000460244363610002737	0100000075032715215o2J5j>93kZYS
000460244363610002737	0100000075032715215EaOBpn93NoWG
000460244363610002737	0100000075032715215FtG1%O9345qW
000460244363610002737	0100000075032715215IYdQ4J93HF8q
000460244363610002746	0100000075032715215L9stGp93pQKx
000460244363610002746	0100000075032715215;cRtxD93WCp4
000460244363610002746	0100000075032715215pCTAhF932RaJ
000460244363610002746	0100000075032715215wID_h_932OE7
000460244363610002746	0100000075032715215LJU4k:93UdLL
000460244363610002746	0100000075032715215R:lqdV93DNlp
000460244363610002746	0100000075032715215orWzJG93c664
000460244363610002746	0100000075032715215TgQUf"93PSw4
000460244363610002746	0100000075032715215HpJrSu93L0uz
000460244363610002746	0100000075032715215se'XHR938VZw
000460244363610002746	0100000075032715215q9hEa:93RvY6
000460244363610002746	0100000075032715215HM_oDO93mHH4
000460244363610002746	0100000075032715215.OD?Os933ikD
000460244363610002746	0100000075032715215d&F,k_93Sp6B
000460244363610002746	0100000075032715215GSfQyG93mnvI
000460244363610002746	0100000075032715215s;cGW&93MX3h
000460244363610002746	0100000075032715215BCTXzN93F+0U
000460244363610002746	0100000075032715215RDvf5J93MxjJ
000460244363610002746	0100000075032715215jt1l/c93KB+l
000460244363610002746	0100000075032715215WP>EbH93qCw/
000460244363610002746	0100000075032715215m'boF/93hKSi
000460244363610002746	0100000075032715215&e3m>u933JGt
000460244363610002746	0100000075032715215Hj;A,c93QyaE
000460244363610002746	0100000075032715215?jptAP93iscM
000460244363610002755	0100000075032715215OapmaE937Gkw
000460244363610002755	0100000075032715215nbmUD/93ThiZ
000460244363610002755	01000000750327152151Q=mTN93Lm0D
000460244363610002755	0100000075032715215CLsseK93uB1f
000460244363610002755	0100000075032715215erbx7'93ZGN2
000460244363610002755	0100000075032715215INBB9F93pure
000460244363610002755	0100000075032715215rD,hCF932kY3
000460244363610002755	0100000075032715215<.es<v93kZc5
000460244363610002755	0100000075032715215y8sFp)93KqKr
000460244363610002755	0100000075032715215DuP+Y,937x2T
000460244363610002755	0100000075032715215w<ob;g93qDVs
000460244363610002755	0100000075032715215v1kR.P932SlU
000460244363610002755	0100000075032715215AgDuYj93D1KC
000460244363610002755	0100000075032715215BeiDpA93rfRw
000460244363610002755	0100000075032715215rJPNXV93/6lS
000460244363610002755	0100000075032715215BU96mt93PQhg
000460244363610002755	0100000075032715215Gc6dVn937bi5
000460244363610002755	01000000750327152154<GBSF93nNuQ
000460244363610002755	0100000075032715215NgxSXJ93qjpg
000460244363610002755	0100000075032715215asYUTC93ZCp9
000460244363610002755	0100000075032715215c>)&'l93h6ed
000460244363610002755	0100000075032715215IH_PM>93dvQ9
000460244363610002755	0100000075032715215SMiTba93J/qt
000460244363610002755	0100000075032715215GkW,:B93TBdz
000460244363610002764	0100000075032715215C5ZJR<93XU+6
000460244363610002764	0100000075032715215lEPe_P93sqMW
000460244363610002764	0100000075032715215PWX.SJ93PqDR
000460244363610002764	0100000075032715215FZe1%893S1f8
000460244363610002764	0100000075032715215qnNupa93ZQav
000460244363610002764	0100000075032715215mLPixb938oyx
000460244363610002764	0100000075032715215ZYUq=T93/iTs
000460244363610002764	0100000075032715215nI<DZn935jQh
000460244363610002764	0100000075032715215XI_GjF93z5Ez
000460244363610002764	010000007503271521587ybbE93oTwP
000460244363610002764	0100000075032715215o7.L5R93gjQX
000460244363610002764	0100000075032715215,DEzDY93uKmR
000460244363610002764	0100000075032715215f0YG3g93Sjbd
000460244363610002764	0100000075032715215WZO0G>93Mj23
000460244363610002764	0100000075032715215bkdjo-93LkvD
000460244363610002764	0100000075032715215l+rS>Y934DD1
000460244363610002764	0100000075032715215olEp4%93r7A/
000460244363610002764	0100000075032715215csx9Rw93XSw4
000460244363610002764	0100000075032715215tu=0gT937pEr
000460244363610002764	0100000075032715215YIeba693VGPt
000460244363610002764	0100000075032715215e%qmi193xY+u
000460244363610002764	0100000075032715215qPVKPk93LrdG
000460244363610002764	0100000075032715215AnJSBK93QHE3
000460244363610002764	0100000075032715215ih%61p93xOxb
000460244363610002773	0100000075032715215MKY*XN93Ljqk
000460244363610002773	0100000075032715215Q=SIgB93ifAe
000460244363610002773	0100000075032715215JNdJpZ932pVQ
000460244363610002773	0100000075032715215eDJQZB93GnfE
000460244363610002773	0100000075032715215RDrPPC93vWs4
000460244363610002773	0100000075032715215lsJLS_93EaiN
000460244363610002773	0100000075032715215JkbJ=s93+lCl
000460244363610002773	0100000075032715215rUaUtR93ur9C
000460244363610002773	0100000075032715215'<khQ*93xBzC
000460244363610002773	0100000075032715215iKW__K93qgek
000460244363610002773	0100000075032715215abBnDA93u/nO
000460244363610002773	0100000075032715215bhYlHj93wmal
000460244363610002773	0100000075032715215emWmJr93pSXh
000460244363610002773	0100000075032715215<nEIml93rNCe
000460244363610002773	01000000750327152157sMtKD933lhK
000460244363610002773	0100000075032715215*EMsWY93twCx
000460244363610002773	0100000075032715215w=R-wE93+VTk
000460244363610002773	0100000075032715215(VY,ue93vQNE
000460244363610002773	0100000075032715215j-ZPrS93W4tO
000460244363610002773	0100000075032715215LOyW'f93iTlQ
000460244363610002773	0100000075032715215c'lpBl93Qgrz
000460244363610002773	0100000075032715215pPLrQJ9393EE
000460244363610002773	0100000075032715215.e&tgr93Ya65
000460244363610002773	01000000750327152155XNBXB93GyqH
000460244363610002782	0100000075032715215BftxpE936VUg
000460244363610002782	0100000075032715215SXq46V93M6Kh
000460244363610002782	01000000750327152158nBELq93Vrw+
000460244363610002782	0100000075032715215rLGyQA93aKxM
000460244363610002782	0100000075032715215KT%KVW931L67
000460244363610002782	0100000075032715215D5hb+y93Ydvu
000460244363610002782	0100000075032715215r19W6!93ppPI
000460244363610002782	0100000075032715215bjpuyH937aM9
000460244363610002782	0100000075032715215<SFSoq931tY8
000460244363610002782	0100000075032715215PVMuK,93T5Da
000460244363610002782	0100000075032715215WATPxn93NYVJ
000460244363610002782	0100000075032715215EVlnWI93zMo3
000460244363610002782	0100000075032715215JS_HVN93Hymy
000460244363610002782	0100000075032715215k*GO4O93XiHo
000460244363610002782	0100000075032715215Pb=8SX93eg5z
000460244363610002782	0100000075032715215urWRrE93CIPL
000460244363610002782	0100000075032715215K<Y2C593G8Ip
000460244363610002782	0100000075032715215Q,g7VO93QUvi
000460244363610002782	0100000075032715215pbtBTa93rg9W
000460244363610002782	0100000075032715215p:DKQF93zPAV
000460244363610002782	0100000075032715215HkViLc93YhBg
000460244363610002782	0100000075032715215LuYaD&93d/LX
000460244363610002782	01000000750327152150EJTfz93drch
000460244363610002782	0100000075032715215D)th;.93OrLS
000460244363610002791	0100000075032715215Cc>jfC93rRSj
000460244363610002791	0100000075032715215RjMJQH93u9l8
000460244363610002791	0100000075032715215R'H9B893maxp
000460244363610002791	0100000075032715215!VUHiT93syLh
000460244363610002791	0100000075032715215YacSF193OlYa
000460244363610002791	0100000075032715215=R0!'V931YJB
000460244363610002791	01000000750327152153&O6%a93OxF3
000460244363610002791	0100000075032715215XF>oHz93gAUm
000460244363610002791	0100000075032715215cYXVWy9315LY
000460244363610002791	0100000075032715215bo9n,k93GoI+
000460244363610002791	01000000750327152151M+gYD93YfGG
000460244363610002791	0100000075032715215/R9Nfx93YkiS
000460244363610002791	0100000075032715215gdzwPt93ub1R
000460244363610002791	0100000075032715215GLafnO937V7V
000460244363610002791	0100000075032715215"IBiG>93fodu
000460244363610002791	0100000075032715215Yrrfi793od2l
000460244363610002791	0100000075032715215S'qYjG93e5IT
000460244363610002791	0100000075032715215E6;ODq93uG4z
000460244363610002791	0100000075032715215=htRz>93R+sS
000460244363610002791	0100000075032715215%tg<:K93uepR
000460244363610002791	0100000075032715215xWHCC793w4o7
000460244363610002791	0100000075032715215RCXt?F93cChK
000460244363610002791	0100000075032715215jcFYgP93XvXk
000460244363610002791	0100000075032715215aKxj!J93nVK5
000460244363610002807	0100000075032715215E;jH!c93/zJw
000460244363610002807	01000000750327152157e_NbR93qpIV
000460244363610002807	0100000075032715215f_hOob93f+Lk
000460244363610002807	0100000075032715215'it<XD93YdEa
000460244363610002807	0100000075032715215%jX's:93v5sp
000460244363610002807	0100000075032715215e?1Rs+93H+EL
000460244363610002807	0100000075032715215-QT&zp93E7bi
000460244363610002807	0100000075032715215(kYmmJ93+iRJ
000460244363610002807	0100000075032715215aw&XKd93Bcje
000460244363610002807	0100000075032715215NQFHj4932slf
000460244363610002807	0100000075032715215>aEpS<93aLE1
000460244363610002807	0100000075032715215Ow(b)X934mtg
000460244363610002807	0100000075032715215ZZ4eip93W9ul
000460244363610002807	0100000075032715215996ada93OCs2
000460244363610002807	0100000075032715215QBW-uq93yWec
000460244363610002807	0100000075032715215h!lGrE93CvGA
000460244363610002807	0100000075032715215PWn)to93FHK3
000460244363610002807	0100000075032715215g_-RDm93G7/X
000460244363610002807	0100000075032715215MWrbGK93O+Mc
000460244363610002807	0100000075032715215DSOm<e93wLc/
000460244363610002807	0100000075032715215%'Mqma93mCu9
000460244363610002807	01000000750327152153L.cWS93VsIf
000460244363610002807	0100000075032715215qULdZA93nG1r
000460244363610002807	0100000075032715215jl.Bgk93gEnE
000460244363610002816	0100000075032715215tCjmJD93ZuhW
000460244363610002816	0100000075032715215pJqH81933KBm
000460244363610002816	0100000075032715215M_eQGi93GDn2
000460244363610002816	0100000075032715215w!bElc93eA/D
000460244363610002816	0100000075032715215rqe>II93auI0
000460244363610002816	0100000075032715215GA/%gf931Vdc
000460244363610002816	0100000075032715215>nmFaV93kut4
000460244363610002816	0100000075032715215uYO7mE93JsNv
000460244363610002816	0100000075032715215<nt,l.93aRGH
000460244363610002816	01000000750327152155OuY:Q93sciq
000460244363610002816	0100000075032715215NVcg3)930Rpl
000460244363610002816	0100000075032715215xc,tts932F3r
000460244363610002816	0100000075032715215RQF-Sm93E6Rt
000460244363610002816	0100000075032715215*B'Def934m1i
000460244363610002816	0100000075032715215LMouen93opao
000460244363610002816	01000000750327152157No.Sp93o9IJ
000460244363610002816	0100000075032715215AHan_S93u8sd
000460244363610002816	0100000075032715215/=iHj493XfjW
000460244363610002816	0100000075032715215-oU8B<935gNu
000460244363610002816	0100000075032715215XXH%BP93dnBm
000460244363610002816	0100000075032715215g6=pTQ93yHjF
000460244363610002816	0100000075032715215/>2ZH"93lkjP
000460244363610002816	0100000075032715215uULl)'93fGXU
000460244363610002816	01000000750327152157eSs"j93ZAjm
000460244363610002825	0100000075032715215'1iLsB93/Wb7
000460244363610002825	0100000075032715215OzR=1i93X8QT
000460244363610002825	0100000075032715215qT7&u/93SFLD
000460244363610002825	0100000075032715215ZrbXCn93B58h
000460244363610002825	0100000075032715215jCWz(n93n+g/
000460244363610002825	0100000075032715215&!t&Bi93NIKF
000460244363610002825	0100000075032715215FUbIFu93O/1G
000460244363610002825	0100000075032715215I.!UfV93zEip
000460244363610002825	0100000075032715215j>2.tu93PGfm
000460244363610002825	0100000075032715215F/awd=93wl/y
000460244363610002825	0100000075032715215<L!un793niX3
000460244363610002825	0100000075032715215Wm7z1T937CaH
000460244363610002825	0100000075032715215"-&o,O9378KU
000460244363610002825	0100000075032715215MVf*be9353jH
000460244363610002825	0100000075032715215*mF/_1933xg5
000460244363610002825	0100000075032715215OYB11V93l2Lr
000460244363610002825	0100000075032715215&Q"UH&936QCL
000460244363610002825	0100000075032715215F_/EB%93efQg
000460244363610002825	0100000075032715215tW.GKS93H4Uk
000460244363610002825	0100000075032715215!C7V_W93e7du
000460244363610002825	0100000075032715215&Pjv;793RD77
000460244363610002825	0100000075032715215.DraIF93lQQT
000460244363610002825	0100000075032715215"X2WXo937fGL
000460244363610002825	0100000075032715215o2V-)B93Vlkj
000460244363610002834	0100000075032715215Co0H;Q93ysmP
000460244363610002834	0100000075032715215V7>SgU93DpIg
000460244363610002834	0100000075032715215-;lDgb93PY7K
000460244363610002834	01000000750327152158O-",c93ik5h
000460244363610002834	0100000075032715215Q)CS,L939UnT
000460244363610002834	0100000075032715215cewGia93vb54
000460244363610002834	0100000075032715215TnEYCT93CZRL
000460244363610002834	0100000075032715215P39O&a93ubIB
000460244363610002834	0100000075032715215JSGuBA93Kg0j
000460244363610002834	0100000075032715215LN"kB<93i0bd
000460244363610002834	0100000075032715215bCBLou93RwS/
000460244363610002834	0100000075032715215bLN:2K93J+cE
000460244363610002834	0100000075032715215Kg!7=m93gAEe
000460244363610002834	0100000075032715215CFRt!f93HqtO
000460244363610002834	0100000075032715215B4e=Ik937NqX
000460244363610002834	0100000075032715215!mniMU936LnA
000460244363610002834	0100000075032715215ZpeT;b93+/UU
000460244363610002834	0100000075032715215yvOi9Y93CygG
000460244363610002834	0100000075032715215WG.hTD93CeaY
000460244363610002834	0100000075032715215eBIr%=934y3j
000460244363610002834	0100000075032715215bmAQDT93AKG0
000460244363610002834	0100000075032715215bo*T4E933KyT
000460244363610002834	0100000075032715215q_t)OY93Z9zQ
000460244363610002834	0100000075032715215jjzzAn932vmf
000460244363610002843	0100000075032715215hIbo+Y93CEbZ
000460244363610002843	0100000075032715215<>?!p%93MfOg
000460244363610002843	0100000075032715215Id'Af6937wJy
000460244363610002843	0100000075032715215hAkuO793Vddd
000460244363610002843	0100000075032715215G/G*gS93C7so
000460244363610002843	0100000075032715215)Aldx3931UWd
000460244363610002843	0100000075032715215p<NN5E9313Jm
000460244363610002843	0100000075032715215QYC-6493jT9P
000460244363610002843	0100000075032715215DGh6Cj931T0t
000460244363610002843	0100000075032715215Wx/"ze93H26N
000460244363610002843	0100000075032715215t;/EWO93Qnja
000460244363610002843	01000000750327152155(Pg>N937qp/
000460244363610002843	0100000075032715215rO2s_h93lEco
000460244363610002843	0100000075032715215JNvATK93HZXM
000460244363610002843	0100000075032715215DEW6,P93LHJM
000460244363610002843	0100000075032715215-GfI2P93hqTM
000460244363610002843	0100000075032715215?nQsnQ93lIPA
000460244363610002843	0100000075032715215sQ6Lfd93lIaT
000460244363610002843	0100000075032715215T&c+d:930eVY
000460244363610002843	0100000075032715215Hf&"=093r9nh
000460244363610002843	0100000075032715215pfIOzG93zNvQ
000460244363610002843	0100000075032715215TEYZ+493PnYh
000460244363610002843	0100000075032715215htYiFu939agh
000460244363610002843	0100000075032715215P_+WYH93mKr2
000460244363610002852	0100000075032715215/IDz9s93+bF/
000460244363610002852	0100000075032715215LGS>0F93vPQ1
000460244363610002852	0100000075032715215h4Uiuw93jErj
000460244363610002852	0100000075032715215L33L>f93XHCH
000460244363610002852	0100000075032715215lLqF3"93q5HV
000460244363610002852	0100000075032715215bp4n'f932yfj
000460244363610002852	0100000075032715215BS!2lJ9328nJ
000460244363610002852	0100000075032715215eh_Dzo93CzCj
000460244363610002852	0100000075032715215htj'wV93RgET
000460244363610002852	0100000075032715215PbULkD93b73S
000460244363610002852	0100000075032715215Ye;OoW93bEym
000460244363610002852	0100000075032715215M+Z3cL93eSNE
000460244363610002852	0100000075032715215zTU;TZ93Xa0v
000460244363610002852	01000000750327152152,qZXq931Ox2
000460244363610002852	0100000075032715215q*bwYK93tPbU
000460244363610002852	0100000075032715215+02Dhh93RwZf
000460244363610002852	0100000075032715215PZ2Nf6934eWv
000460244363610002852	0100000075032715215zGQnhB939Yy4
000460244363610002852	0100000075032715215f"-sM/939k6F
000460244363610002852	0100000075032715215TgmQSS93I4tg
000460244363610002852	0100000075032715215Jf%TRP931Tpb
000460244363610002852	0100000075032715215xkMutg93a1r+
000460244363610002852	0100000075032715215dUEH-B93Q0an
000460244363610002852	0100000075032715215V9v%t?93BLiY
000460244363610002861	0100000075032715215VDU+Fd93E73R
000460244363610002861	0100000075032715215MOytvo93o+ck
000460244363610002861	0100000075032715215HroE_/93MlxU
000460244363610002861	0100000075032715215M)E<ha93tGcc
000460244363610002861	0100000075032715215D?dqin93GrxB
000460244363610002861	0100000075032715215Z76cv=93jE8s
000460244363610002861	0100000075032715215IfK7pI93lVZr
000460244363610002861	0100000075032715215)O>IZ&93lcnd
000460244363610002861	01000000750327152153SQmaW93+JGM
000460244363610002861	0100000075032715215kWo*FJ930Fed
000460244363610002861	0100000075032715215fhX>DA93sEF9
000460244363610002861	0100000075032715215dvGI<29363Mv
000460244363610002861	0100000075032715215ZMN,wM9340wi
000460244363610002861	0100000075032715215S=Ej_m93DLki
000460244363610002861	0100000075032715215UdbarD93WdaT
000460244363610002861	0100000075032715215c17Ns793OYgs
000460244363610002861	0100000075032715215jTRgSd936kJX
000460244363610002861	0100000075032715215:LqFtO93KndN
000460244363610002861	0100000075032715215nn:T-R93jRYY
000460244363610002861	0100000075032715215rOG)xr93khdJ
000460244363610002861	0100000075032715215s*_6BQ93EDLu
000460244363610002861	0100000075032715215?EE_V393+AIO
000460244363610002861	0100000075032715215ert*?X93tlSw
000460244363610002861	0100000075032715215DFoaLf93QkP0
000460244363610002870	0100000075032715215'y=DtV93tsZQ
000460244363610002870	01000000750327152158t+(ZR93e6E5
000460244363610002870	0100000075032715215x(q2bA930yv7
000460244363610002870	0100000075032715215(Ogo9=93w1iP
000460244363610002870	0100000075032715215KJViF(93zlP4
000460244363610002870	0100000075032715215qQmufJ93elin
000460244363610002870	0100000075032715215WwT)sb93Ny4m
000460244363610002870	0100000075032715215g9OX"=93HDJm
000460244363610002870	0100000075032715215ADRR%493p/JI
000460244363610002870	0100000075032715215OSObrA93Cecc
000460244363610002870	0100000075032715215-ds=6k93fZ1/
000460244363610002870	0100000075032715215KwlJ(h93A9xZ
000460244363610002870	0100000075032715215VZ)?KZ93XyVs
000460244363610002870	0100000075032715215kTu>cj93wmm/
000460244363610002870	0100000075032715215d:tzY093HzCG
000460244363610002870	0100000075032715215GA9Tnq93ssYS
000460244363610002870	0100000075032715215P)/dY993kONh
000460244363610002870	0100000075032715215WUZv:L93sPhQ
000460244363610002870	0100000075032715215<1PWrQ93uGwG
000460244363610002870	0100000075032715215MI;5Uz93XZV7
000460244363610002870	0100000075032715215KQS*tX93OlAh
000460244363610002870	0100000075032715215S-mM*+93JxO0
000460244363610002870	0100000075032715215u:EB(K93f98c
000460244363610002870	0100000075032715215?K9F,f93R/uW
000460244363610002889	0100000075032715215jAXa_h93TAF/
000460244363610002889	0100000075032715215q(VFZQ93GL88
000460244363610002889	0100000075032715215E%XD-/93Gsx9
000460244363610002889	0100000075032715215Sm*TgM93fYdb
000460244363610002889	01000000750327152159KuXL>93BVk/
000460244363610002889	0100000075032715215O(ih;-93frND
000460244363610002889	0100000075032715215,KNAxp93N8wC
000460244363610002889	0100000075032715215,p1Qj&93Tezo
000460244363610002889	01000000750327152157ke6W493oVEH
000460244363610002889	0100000075032715215qVLeAv93XwYx
000460244363610002889	0100000075032715215aPpEP893Y4Cs
000460244363610002889	0100000075032715215r8X0/c93lOTY
000460244363610002889	0100000075032715215=!WKJL93ZWHG
000460244363610002889	0100000075032715215L*LCjz93sJWK
000460244363610002889	0100000075032715215vf81;d93yWqo
000460244363610002889	0100000075032715215iC)%n:93Neow
000460244363610002889	0100000075032715215,rt=oG93h9v0
000460244363610002889	0100000075032715215z55YML93m60u
000460244363610002889	0100000075032715215l26XSu93rYdB
000460244363610002889	0100000075032715215>lr:'q93XKRZ
000460244363610002889	0100000075032715215aEaa:k93sDIO
000460244363610002889	0100000075032715215/.oWWd93Ew2R
000460244363610002889	0100000075032715215gux>V6937Cs3
000460244363610002889	0100000075032715215urtUkH93YJFU
000460244363610002898	0100000075032715215lVoCem93ot/l
000460244363610002898	0100000075032715215P+sDRZ93I7GM
000460244363610002898	0100000075032715215qjh<Ys93vvrE
000460244363610002898	0100000075032715215/iGMcL93kO+u
000460244363610002898	0100000075032715215/b2IoS93WTHU
000460244363610002898	0100000075032715215PMJ/hM93fSUm
000460244363610002898	0100000075032715215jt2k:j937/Iw
000460244363610002898	0100000075032715215ONIcAN93CMeg
000460244363610002898	0100000075032715215S0eO1c930VQT
000460244363610002898	0100000075032715215/by!P;937HWq
000460244363610002898	0100000075032715215jySg3p93xrgc
000460244363610002898	0100000075032715215ORpKr_936H6w
000460244363610002898	01000000750327152159&"TTQ93lTcL
000460244363610002898	0100000075032715215ZpDe*x93BtEB
000460244363610002898	0100000075032715215O.S?Bn93pyoO
000460244363610002898	0100000075032715215mI.VeY93eiUi
000460244363610002898	01000000750327152154zQ<bS93hP4A
000460244363610002898	01000000750327152151fdOj(93IR9F
000460244363610002898	0100000075032715215"HejTx93HI1f
000460244363610002898	0100000075032715215lbGPy/93E/YC
000460244363610002898	0100000075032715215Srdg"4934EH8
000460244363610002898	0100000075032715215upPGYt93i0HA
000460244363610002898	0100000075032715215Q*QtUn93wTYO
000460244363610002898	0100000075032715215uFhkoH930tTM
000460244363610002904	0100000075032715215,u?rhc93tha8
000460244363610002904	0100000075032715215ewl!Ru93QIqF
000460244363610002904	0100000075032715215kJrGAB935v12
000460244363610002904	0100000075032715215?Fpbfm93GsNV
000460244363610002904	0100000075032715215aII0T593qDpU
000460244363610002904	0100000075032715215HgBRg(939Qjw
000460244363610002904	0100000075032715215PoHa_=93GI66
000460244363610002904	0100000075032715215giciMX930EMM
000460244363610002904	0100000075032715215dAu3qm93/zio
000460244363610002904	0100000075032715215*Pd)l;93vLl2
000460244363610002904	0100000075032715215?.Eq,k93KksC
000460244363610002904	0100000075032715215roWd_-93iK4e
000460244363610002904	0100000075032715215B=(e)P93Nw23
000460244363610002904	0100000075032715215XDH0DY935Oa0
000460244363610002904	0100000075032715215lk,%B093GP/4
000460244363610002904	0100000075032715215)8C(OY93W9/Z
000460244363610002904	0100000075032715215p&/tfD938eXS
000460244363610002904	0100000075032715215JXPHoS93djit
000460244363610002904	0100000075032715215J'x5('93Nx1V
000460244363610002904	0100000075032715215y/BGz793UPN+
000460244363610002904	0100000075032715215QmlbUT93FZNp
000460244363610002904	0100000075032715215bOTTpK935Tk7
000460244363610002904	0100000075032715215*Ns+(B93V7qD
000460244363610002904	0100000075032715215YlMmCH9397Wk
000460244363610002913	0100000075032715215/TQCQl9363B9
000460244363610002913	0100000075032715215L8)X5i93lIyN
000460244363610002913	0100000075032715215hgN0M'937yaw
000460244363610002913	0100000075032715215"hPCQt93dDYZ
000460244363610002913	01000000750327152158DQ3jZ93m+qI
000460244363610002913	0100000075032715215VbqlvW93R88C
000460244363610002913	0100000075032715215K:IA%n93qWsz
000460244363610002913	0100000075032715215WfWiv(93ReTi
000460244363610002913	0100000075032715215OVf,vR93JxMj
000460244363610002913	0100000075032715215aiTZs*93p5Uj
000460244363610002913	0100000075032715215wtw6QL93ZG2k
000460244363610002913	0100000075032715215hB_FGa932xOs
000460244363610002913	0100000075032715215:7kzk_93LZBa
000460244363610002913	0100000075032715215GbIMJY93ruTA
000460244363610002913	0100000075032715215OPF%Yl93IF5X
000460244363610002913	0100000075032715215SDECrP93JhjI
000460244363610002913	0100000075032715215UGf-q"935FYI
000460244363610002913	0100000075032715215SaehhL93/43U
000460244363610002913	0100000075032715215L%>mj_93w1gh
000460244363610002913	0100000075032715215KO4Xck934nJi
000460244363610002913	0100000075032715215_SFm7C93vk3O
000460244363610002913	0100000075032715215%ae'xN93qM9e
000460244363610002913	0100000075032715215O4NJs?93W1tg
000460244363610002913	0100000075032715215Wdc&vc93y9o4
000460244363610002922	0100000075032715215waUC!Y93cOrU
000460244363610002922	0100000075032715215m(R7&d93WvoS
000460244363610002922	0100000075032715215NOhHrV938xhS
000460244363610002922	0100000075032715215DnPU6E93czPt
000460244363610002922	0100000075032715215Q4kkfa93BHTP
000460244363610002922	0100000075032715215%>iZoL93cwXB
000460244363610002922	0100000075032715215LI,cKM93+QMq
000460244363610002922	0100000075032715215kjGcWy9385dA
000460244363610002922	0100000075032715215TbRnUa93Q5FZ
000460244363610002922	0100000075032715215Amo2tC93Wg6i
000460244363610002922	0100000075032715215EKBEMn93fNmQ
000460244363610002922	0100000075032715215G_lJ1H93hHDs
000460244363610002922	0100000075032715215l5meNZ93Swn2
000460244363610002922	0100000075032715215-8JPG;93Xzfp
000460244363610002922	0100000075032715215:X!U,193xx4/
000460244363610002922	0100000075032715215HHbfoC93Zy3C
000460244363610002922	0100000075032715215NE9qot93cfVB
000460244363610002922	0100000075032715215grsDY1934k/3
000460244363610002922	0100000075032715215nS?cT-93mwFX
000460244363610002922	0100000075032715215RtQiaT93/Ohf
000460244363610002922	0100000075032715215r:cXO"93kGow
000460244363610002922	0100000075032715215DgpoXF93BoEB
000460244363610002922	0100000075032715215NSYEC!93VRZT
000460244363610002922	01000000750327152156wQ9Vm93Nlj6
000460244363610002931	0100000075032715215tVgTKg93cah1
000460244363610002931	0100000075032715215>cQcWs93hM8N
000460244363610002931	0100000075032715215gNlaDU93eluW
000460244363610002931	0100000075032715215Hq&?r)93XDsL
000460244363610002931	0100000075032715215d>JqLl93MPNM
000460244363610002931	0100000075032715215FsXhiV93/pdU
000460244363610002931	010000007503271521536M0(T93+wi6
000460244363610002931	01000000750327152153P>_+Z93xj+6
000460244363610002931	0100000075032715215r?Ni1/93b1FI
000460244363610002931	0100000075032715215lZjRHE93KiAC
000460244363610002931	0100000075032715215FKIkdh93uaIy
000460244363610002931	0100000075032715215tI1Hld93l4Y+
000460244363610002931	0100000075032715215pk'Je"93EX+m
000460244363610002931	0100000075032715215yOcHd593fXQq
000460244363610002931	01000000750327152158sN(Ho933qVq
000460244363610002931	0100000075032715215tm>WPZ93FLFZ
000460244363610002931	0100000075032715215Ys&/yv93377a
000460244363610002931	0100000075032715215q2=(YP93mke9
000460244363610002931	0100000075032715215:C<-V'93Ra9J
000460244363610002931	0100000075032715215kiIENv93+YT5
000460244363610002931	0100000075032715215rJyRNW93aQyc
000460244363610002931	0100000075032715215BqNH!<93KITV
000460244363610002931	0100000075032715215RY=PGV93dTGo
000460244363610002931	0100000075032715215EzMa)A931TWk
000460244363610002940	01000000750327152150cMRCh93tFLd
000460244363610002940	0100000075032715215i>hdcs93VV2r
000460244363610002940	0100000075032715215xNp2U093JZLm
000460244363610002940	0100000075032715215BoI&Ei93Jjxb
000460244363610002940	0100000075032715215lYJSnB9337tU
000460244363610002940	0100000075032715215DBtIXV93VsBH
000460244363610002940	0100000075032715215fsPS)-93faIi
000460244363610002940	0100000075032715215Vo7xkJ932gVQ
000460244363610002940	0100000075032715215:"KT;'936L2q
000460244363610002940	0100000075032715215TMJ5"!93rOlG
000460244363610002940	0100000075032715215xlN".793lnjW
000460244363610002940	0100000075032715215VOP"5093hOv3
000460244363610002940	0100000075032715215Rg2o<Y93tIlw
000460244363610002940	0100000075032715215H8j=oi93UMiv
000460244363610002940	0100000075032715215Uc46cU937nwM
000460244363610002940	0100000075032715215Qn2al>93cxMY
000460244363610002940	0100000075032715215cFrmdW93VxuV
000460244363610002940	0100000075032715215VAF">o930IcV
000460244363610002940	0100000075032715215/KMg-Z931IGA
000460244363610002940	0100000075032715215tG5DdK935iBl
000460244363610002940	0100000075032715215/fgziP93TvZ8
000460244363610002940	0100000075032715215um)DU=93oKY5
000460244363610002940	0100000075032715215cCq>QA930bgm
000460244363610002940	0100000075032715215cILstB93KK9t
000460244363610002959	0100000075032715215icElNM93R0PQ
000460244363610002959	0100000075032715215P!zsa-93rNEj
000460244363610002959	0100000075032715215ZTOc_F93hxIX
000460244363610002959	0100000075032715215'iANpX936Qje
000460244363610002959	0100000075032715215VulVWv938pke
000460244363610002959	0100000075032715215SMb76V932pId
000460244363610002959	0100000075032715215m-I1zQ93MF0j
000460244363610002959	0100000075032715215QiWBOV93DCBV
000460244363610002959	0100000075032715215qPmR'F93/RKW
000460244363610002959	0100000075032715215+uzC0w93VFer
000460244363610002959	0100000075032715215N%HGhv93+MDo
000460244363610002959	0100000075032715215lid,!K938lFF
000460244363610002959	0100000075032715215Pft7H9930SVL
000460244363610002959	0100000075032715215TyPJJH93nY5O
000460244363610002959	0100000075032715215DZtv,h93WmSS
000460244363610002959	0100000075032715215JlScl-932pwk
000460244363610002959	0100000075032715215SOfckB93QSHt
000460244363610002959	0100000075032715215Pvpmed93X7YT
000460244363610002959	0100000075032715215qK&uod93dO/a
000460244363610002959	0100000075032715215!DNfoj93FKtk
000460244363610002959	0100000075032715215oNPJjK93Cv/I
000460244363610002959	0100000075032715215BAESEQ93FBm/
000460244363610002959	0100000075032715215MlLua493O6pX
000460244363610002959	0100000075032715215!rNEL,93ywEp
000460244363610002968	0100000075032715215YXmPYT93Q1jb
000460244363610002968	01000000750327152152URr;-93OhSc
000460244363610002968	01000000750327152150yuvlV93YxuC
000460244363610002968	0100000075032715215Kn_IoG93F0EG
000460244363610002968	01000000750327152155J5nJ*93EvqK
000460244363610002968	0100000075032715215CWXcfO93guJq
000460244363610002968	01000000750327152155>DV-r93oMBP
000460244363610002968	0100000075032715215H1BMeZ93ketp
000460244363610002968	0100000075032715215>:XJr_93nO2u
000460244363610002968	0100000075032715215k4rLId93lcf6
000460244363610002968	0100000075032715215qoq!RD93dQHR
000460244363610002968	0100000075032715215cginLF93AX05
000460244363610002968	0100000075032715215P-GqtY93oS+r
000460244363610002968	0100000075032715215GeMNH_93UB9l
000460244363610002968	0100000075032715215qMa,iP93g6oM
000460244363610002968	0100000075032715215A=1Enp93w8Ue
000460244363610002968	0100000075032715215ihHdKR93G8Gv
000460244363610002968	0100000075032715215papaR0934Tym
000460244363610002968	0100000075032715215TG0;Jd93QENa
000460244363610002968	0100000075032715215OYJSiC93Jj8X
000460244363610002968	0100000075032715215IJfOM293tnXA
000460244363610002968	0100000075032715215d4OJ3j93VDuw
000460244363610002968	0100000075032715215IfmKla93lgEL
000460244363610002968	0100000075032715215S_CLq993liF8
000460244363610002977	0100000075032715215s0ZfS+93kAO5
000460244363610002977	0100000075032715215ziLclr93fsg+
000460244363610002977	0100000075032715215Ph"MJn93OHk9
000460244363610002977	0100000075032715215uDJFxy93YmDf
000460244363610002977	0100000075032715215W<IczI933cfA
000460244363610002977	0100000075032715215Ocr_rb93mikx
000460244363610002977	0100000075032715215BeUG'o93YsDF
000460244363610002977	0100000075032715215(v8gh+93yOO5
000460244363610002977	0100000075032715215OAe"vY93fnyK
000460244363610002977	0100000075032715215INEqui93gK6T
000460244363610002977	0100000075032715215,NfHKS93vQrd
000460244363610002977	01000000750327152157;wTDV93ZDmU
000460244363610002977	0100000075032715215g<FKhO93lmqo
000460244363610002977	0100000075032715215ashOBG93/Vmm
000460244363610002977	0100000075032715215NnbhdX93fXTq
000460244363610002977	0100000075032715215K&jHbX93ROCd
000460244363610002977	0100000075032715215rj3nRO93EGC8
000460244363610002977	0100000075032715215cJ"UJa93WQCJ
000460244363610002977	0100000075032715215g0qsQk93D4HE
000460244363610002977	0100000075032715215GSgkIA93/8uM
000460244363610002977	0100000075032715215UNwfCa93AGun
000460244363610002977	0100000075032715215Yd+C"U937SMK
000460244363610002977	0100000075032715215g8HXot93Qi++
000460244363610002977	0100000075032715215k,va,7930ktc
000460244363610002986	0100000075032715215t:viL393QJru
000460244363610002986	0100000075032715215Y%F?0)93BsG1
000460244363610002986	0100000075032715215fIIh_n93l0Xt
000460244363610002986	0100000075032715215*;6QXv93zJEj
000460244363610002986	0100000075032715215N!Uh8O93vJ7R
000460244363610002986	0100000075032715215ZbGqMR93P1i9
000460244363610002986	0100000075032715215doG&gc93PNjV
000460244363610002986	01000000750327152156fHAsR93nLpN
000460244363610002986	0100000075032715215'UEFUm938uku
000460244363610002986	0100000075032715215r?y-ry93eRKl
000460244363610002986	0100000075032715215*;KO-?930876
000460244363610002986	0100000075032715215Ulj>0k93B21h
000460244363610002986	0100000075032715215tZFcp%93aHs9
000460244363610002986	0100000075032715215dEGq>k93f/6O
000460244363610002986	0100000075032715215lJj's,93NL7q
000460244363610002986	0100000075032715215W3Ub0u930CRN
000460244363610002986	0100000075032715215EVO%h-93zuMK
000460244363610002986	0100000075032715215xfLj1a93fWh0
000460244363610002986	0100000075032715215I-_hIa93tHcs
000460244363610002986	0100000075032715215HYA6jI93jVIV
000460244363610002986	0100000075032715215RQLYFZ935A9V
000460244363610002986	0100000075032715215E!bcOK93JTNT
000460244363610002986	0100000075032715215aeTPKf933iA3
000460244363610002986	0100000075032715215RDyHP?93bsKI
000460244363610002995	0100000075032715215uthI&S93VJb5
000460244363610002995	0100000075032715215Mq*lkP93rKMM
000460244363610002995	0100000075032715215Dr8has93w4iu
000460244363610002995	0100000075032715215d1M.GT932S3R
000460244363610002995	0100000075032715215z)ZP%T93teBy
000460244363610002995	0100000075032715215YTTZ5w93R10h
000460244363610002995	0100000075032715215or0o/Z93+geF
000460244363610002995	0100000075032715215<MX8BC93f1Ty
000460244363610002995	0100000075032715215Qf:_'V93apDw
000460244363610002995	0100000075032715215DrINVL93GTCQ
000460244363610002995	0100000075032715215_oLV+x931Sok
000460244363610002995	0100000075032715215MAB%ms93CkUY
000460244363610002995	0100000075032715215HxXK)/93mJca
000460244363610002995	0100000075032715215RW;kZT93kHPz
000460244363610002995	0100000075032715215ayH,He93Anjk
000460244363610002995	0100000075032715215eKmII393pnSt
000460244363610002995	0100000075032715215>MFDO193/3y7
000460244363610002995	0100000075032715215=M.&Dy93zfH4
000460244363610002995	0100000075032715215L,Wp1M93L9e7
000460244363610002995	0100000075032715215pC+h*Z93d2rl
000460244363610002995	0100000075032715215qdTS0k93p6Uo
000460244363610002995	0100000075032715215FnETj:93f+zu
000460244363610002995	0100000075032715215x5dG.S93ez+h
000460244363610002995	01000000750327152157GA-NG93PH+R
000460244363610003000	0100000075032715215<Nkt&Q93HQvC
000460244363610003000	0100000075032715215F3IGw:93U++W
000460244363610003000	0100000075032715215Y2lSR293wCJ6
000460244363610003000	0100000075032715215i?RSYL93aQPN
000460244363610003000	0100000075032715215s6xo6t93pPw3
000460244363610003000	0100000075032715215F-nw!a93x4rn
000460244363610003000	01000000750327152151kuSUN93U5/R
000460244363610003000	0100000075032715215T!TDWr93QLZW
000460244363610003000	0100000075032715215uIZKpe93W5xA
000460244363610003000	0100000075032715215EhdCNc93CHxJ
000460244363610003000	01000000750327152150mhURU93K93e
000460244363610003000	0100000075032715215S)E&*C93mvrP
000460244363610003000	0100000075032715215WULepY933TLP
000460244363610003000	0100000075032715215Kj%kib93LeAx
000460244363610003000	0100000075032715215km87DL93/HGd
000460244363610003000	0100000075032715215(CkC;0930mjQ
000460244363610003000	0100000075032715215slWDRb93y1tk
000460244363610003000	0100000075032715215pq/BR293wa5q
000460244363610003000	0100000075032715215!DA41Q93JbEH
000460244363610003000	0100000075032715215j.UkuX930qK0
000460244363610003000	0100000075032715215EY"Xdq93EIYF
000460244363610003000	0100000075032715215Wb7.qd93alxi
000460244363610003000	0100000075032715215>hNPgt93lfx9
000460244363610003000	0100000075032715215oQp)de93/4+e
000460244363610003019	0100000075032715215sg??nK93FTgy
000460244363610003019	0100000075032715215b*j0RZ93nSLF
000460244363610003019	0100000075032715215lAnxTT93ZP02
000460244363610003019	0100000075032715215NMSbAR93TwpX
000460244363610003019	0100000075032715215w0GXPZ935fDa
000460244363610003019	01000000750327152152V_B1U93NxEr
000460244363610003019	0100000075032715215K6A'Ik93Rr5h
000460244363610003019	0100000075032715215?OpH1F9334FI
000460244363610003019	0100000075032715215gp,f:q932hVt
000460244363610003019	0100000075032715215+bBt5a93ZGQw
000460244363610003019	0100000075032715215GFS'zT93aSGh
000460244363610003019	01000000750327152154"pZFk93RniU
000460244363610003019	01000000750327152158pVgc,93/g6q
000460244363610003019	0100000075032715215(xO1LP93ca+3
000460244363610003019	0100000075032715215SIAcZD93B2+R
000460244363610003019	0100000075032715215DPhoNI93/0y2
000460244363610003019	0100000075032715215GJqNIm93dPlA
000460244363610003019	0100000075032715215HOEMb"93jCxz
000460244363610003019	01000000750327152156K>uG!93NW7x
000460244363610003019	0100000075032715215HJiY.&936kib
000460244363610003019	0100000075032715215QJTLGF933XZC
000460244363610003019	0100000075032715215vQ?*nF93XC5Z
000460244363610003019	0100000075032715215MtTLo>931x04
000460244363610003019	0100000075032715215Qf6gar9340Dn
000460244363610003028	0100000075032715215(L8MFS93qxtF
000460244363610003028	0100000075032715215g>F+SX93JmVq
000460244363610003028	0100000075032715215+elpXt937aJc
000460244363610003028	0100000075032715215q2G6jz93qTAe
000460244363610003028	0100000075032715215HRZulC936X89
000460244363610003028	0100000075032715215Ttnkw;93SNYr
000460244363610003028	0100000075032715215iwEcD*93Hp2+
000460244363610003028	0100000075032715215iyvn-4937cm5
000460244363610003028	0100000075032715215uCcYsO930Nt+
000460244363610003028	0100000075032715215v.g'mI93qExH
000460244363610003028	0100000075032715215jHpbp9933EiZ
000460244363610003028	0100000075032715215Ji6;p<9381LT
000460244363610003028	0100000075032715215dr)HTI93sOx0
000460244363610003028	01000000750327152155V8QJB93WTCN
000460244363610003028	0100000075032715215Ljub_W937ZMK
000460244363610003028	0100000075032715215XD4;QP93FEhM
000460244363610003028	0100000075032715215"%uO.%93OSeb
000460244363610003028	0100000075032715215oFTS"n93Mkc0
000460244363610003028	01000000750327152157jM9wI93Iw3I
000460244363610003028	0100000075032715215ZY32ig9358pD
000460244363610003028	0100000075032715215N2Agra93JJS6
000460244363610003028	0100000075032715215WYMQnk93OIhf
000460244363610003028	0100000075032715215c=SZ,i93mpQC
000460244363610003028	0100000075032715215NbPJHo93kcQ0
000460244363610003037	0100000075032715215PF4KJZ93uQRw
000460244363610003037	0100000075032715215Ti?gZ*93fiEh
000460244363610003037	0100000075032715215NM*&'b93/sfM
000460244363610003037	0100000075032715215n?N:m&93oV5N
000460244363610003037	0100000075032715215j.EgPJ935ta+
000460244363610003037	0100000075032715215UOWk&B93NfRK
000460244363610003037	0100000075032715215VnntHk932e1l
000460244363610003037	0100000075032715215E,C//n93UKz0
000460244363610003037	0100000075032715215?Xs?Lp93Bm5e
000460244363610003037	0100000075032715215Y9OGqb93ffvD
000460244363610003037	0100000075032715215jWWc)m93mBlH
000460244363610003037	0100000075032715215hn=lf'93WZ/D
000460244363610003037	0100000075032715215AAe4K!93Yrtt
000460244363610003037	0100000075032715215qI5fym93iEuq
000460244363610003037	0100000075032715215oMOI&Q93R00B
000460244363610003037	0100000075032715215rgbjR893VxLT
000460244363610003037	0100000075032715215lup?aZ93CoUP
000460244363610003037	0100000075032715215e2hdHd93Upjd
000460244363610003037	0100000075032715215)WaxFi93SOGO
000460244363610003037	0100000075032715215QDMcdO93OeWG
000460244363610003037	0100000075032715215urRTBC93WfO1
000460244363610003037	0100000075032715215kEINR393j+DO
000460244363610003037	0100000075032715215dTP,Yl93mgCM
000460244363610003037	0100000075032715215i_X2Yh93oSaO
000460244363610003046	0100000075032715215sA.ZXG93YI0i
000460244363610003046	0100000075032715215fPRBNZ93IdXM
000460244363610003046	0100000075032715215npsqbK934xX5
000460244363610003046	01000000750327152151:q17-93j8MJ
000460244363610003046	0100000075032715215nbgBc>935NU9
000460244363610003046	0100000075032715215er2&ED93bdo7
000460244363610003046	0100000075032715215dU<ZmI935zxo
000460244363610003046	0100000075032715215!gr&J,9327nP
000460244363610003046	0100000075032715215H+iC<Y93lm7V
000460244363610003046	0100000075032715215GlJLeV93Aw2o
000460244363610003046	0100000075032715215VNdQK!938Fpn
000460244363610003046	0100000075032715215sNW*0L93eTZD
000460244363610003046	0100000075032715215hF:%i693FeXu
000460244363610003046	0100000075032715215xkSYQS93pfXI
000460244363610003046	0100000075032715215dVL1z893SOhQ
000460244363610003046	0100000075032715215,0kkgU93xe6v
000460244363610003046	0100000075032715215kB&+7-93vZgb
000460244363610003046	0100000075032715215_g:L+q93ERva
000460244363610003046	0100000075032715215)oF:!M931rdN
000460244363610003046	0100000075032715215?bYgT893enjk
000460244363610003046	0100000075032715215cmi"+,93RmXr
000460244363610003046	0100000075032715215XCr-OP93cuOY
000460244363610003046	0100000075032715215RIQiE493vtfs
000460244363610003046	0100000075032715215v_otNs936zUY
000460244363610003055	0100000075032715215umT6GF93cBOk
000460244363610003055	0100000075032715215HuhTtF93W1Y0
000460244363610003055	0100000075032715215rqfibz93x45c
000460244363610003055	0100000075032715215tBBgYZ93gCKX
000460244363610003055	0100000075032715215n%jrBs93YRw0
000460244363610003055	0100000075032715215xr=HiQ93cCe8
000460244363610003055	0100000075032715215tNNmbY93CwLf
000460244363610003055	01000000750327152155U%YjO93Jn8p
000460244363610003055	01000000750327152153Lu0TW93fCrZ
000460244363610003055	0100000075032715215IEN3((93d6I/
000460244363610003055	0100000075032715215bjrn0o93GIxV
000460244363610003055	0100000075032715215)9sh;h93k75v
000460244363610003055	0100000075032715215!mDu"P93tkEE
000460244363610003055	0100000075032715215BDyBEo93ad7u
000460244363610003055	0100000075032715215:gPMV%93CF0C
000460244363610003055	0100000075032715215fqihH&93zt5W
000460244363610003055	0100000075032715215Cbi4%H93D0S8
000460244363610003055	010000007503271521536U7Lh93xwB2
000460244363610003055	0100000075032715215A_GZBk93ZLYu
000460244363610003055	0100000075032715215iPmjsu933rrf
000460244363610003055	01000000750327152150rGx%a93yFuj
000460244363610003055	0100000075032715215kn3!.t93hZwg
000460244363610003055	0100000075032715215mSsHlq93HvBa
000460244363610003055	01000000750327152153NKR6E93inMb
000460244363610003064	0100000075032715215,c9UjX930PnG
000460244363610003064	0100000075032715215h!Z.z.93LhN+
000460244363610003064	0100000075032715215Vff//p938VK0
000460244363610003064	0100000075032715215x.Ksjk9311mZ
000460244363610003064	0100000075032715215bSFEaV93+LHS
000460244363610003064	0100000075032715215NJt23T93oMvU
000460244363610003064	0100000075032715215%(9Wsk938F1k
000460244363610003064	0100000075032715215YOvB,(93BbkU
000460244363610003064	0100000075032715215HCLR>M93nFvH
000460244363610003064	0100000075032715215GU1y+N931BrP
000460244363610003064	0100000075032715215q&jL'U93yx/1
000460244363610003064	0100000075032715215cJF?U093lWJ6
000460244363610003064	0100000075032715215NYV'ML93J25F
000460244363610003064	0100000075032715215o_CGsI93DzQV
000460244363610003064	0100000075032715215a=b+L-93iKuR
000460244363610003064	0100000075032715215+H<WYG93v8vj
000460244363610003064	0100000075032715215UmXeWU93GTzU
000460244363610003064	0100000075032715215IrRaSp93sDJ3
000460244363610003064	0100000075032715215,,0CyX93lOXd
000460244363610003064	0100000075032715215B-ARBm937JGX
000460244363610003064	0100000075032715215muD.c'938XIg
000460244363610003064	0100000075032715215lR<<_E93KSib
000460244363610003064	0100000075032715215K5/+c993+bGO
000460244363610003064	0100000075032715215c;Vku-93SxDd
000460244363610003073	0100000075032715215:vsSLe93P5EM
000460244363610003073	0100000075032715215>gX0CN93d579
000460244363610003073	0100000075032715215xQRZZL93TykL
000460244363610003073	0100000075032715215C82ki-93tSEU
000460244363610003073	0100000075032715215qyz)f=93MkE8
000460244363610003073	0100000075032715215MqiUOJ93oBDf
000460244363610003073	0100000075032715215NpBjA"93w2yj
000460244363610003073	0100000075032715215o?ulSw93cf1o
000460244363610003073	0100000075032715215m-:o!!93Ihwl
000460244363610003073	0100000075032715215g66dJz93+yIy
000460244363610003073	0100000075032715215H59Sfi93VPcl
000460244363610003073	0100000075032715215FrE9YC93ceCx
000460244363610003073	0100000075032715215jtH*SD93Ifwp
000460244363610003073	0100000075032715215thbG;i93hqIO
000460244363610003073	0100000075032715215ZR?lZ593H1rR
000460244363610003073	0100000075032715215.1bhU-93YPLM
000460244363610003073	0100000075032715215h>'N&;93yumh
000460244363610003073	0100000075032715215UYf6uQ9396Ib
000460244363610003073	0100000075032715215EdWEhd93D9d9
000460244363610003073	0100000075032715215phdJjy93xkiP
000460244363610003073	0100000075032715215tMNPP>93OV8V
000460244363610003073	0100000075032715215shLToR93Sk0L
000460244363610003073	0100000075032715215YOHbND93mIlh
000460244363610003073	0100000075032715215<,D*;c933sk2
000460244363610003082	0100000075032715215nUSFdu93HRHp
000460244363610003082	0100000075032715215LE*CtJ93Fwb7
000460244363610003082	0100000075032715215JgEO"M93WNSe
000460244363610003082	0100000075032715215YYfB9Z93KJCh
000460244363610003082	0100000075032715215bMhjc/93PFEd
000460244363610003082	0100000075032715215DZKpnl93YxAU
000460244363610003082	0100000075032715215PNnA>j93CKt0
000460244363610003082	0100000075032715215Hntyex93vzxG
000460244363610003082	0100000075032715215SUIYB<93Nul5
000460244363610003082	0100000075032715215=SY6n593+XpX
000460244363610003082	0100000075032715215Blh-"e93LAlz
000460244363610003082	0100000075032715215c'S<dy938SWV
000460244363610003082	0100000075032715215?<iOcW93gulz
000460244363610003082	0100000075032715215YnQMq;93xOUX
000460244363610003082	0100000075032715215S__CfC93Zb6k
000460244363610003082	01000000750327152159QP%3m93EYLQ
000460244363610003082	0100000075032715215R>AEVR938nw3
000460244363610003082	0100000075032715215Y/1'kq93EB9S
000460244363610003082	0100000075032715215UVr:'c93ncUu
000460244363610003082	0100000075032715215m<4shg93dL6V
000460244363610003082	0100000075032715215)(MmKP93y4vU
000460244363610003082	0100000075032715215Pd1yEq93+xE4
000460244363610003082	0100000075032715215o-KIZZ93QJdK
000460244363610003082	0100000075032715215K<DbaZ93+sMd
000460244363610003091	0100000075032715215K/KkkM93XvDM
000460244363610003091	0100000075032715215C.QGlD93BVBb
000460244363610003091	0100000075032715215EM,me%93MHTo
000460244363610003091	0100000075032715215hcicHI93rIGC
000460244363610003091	0100000075032715215l8_UoN93mh/x
000460244363610003091	0100000075032715215P=r,kq93D7Oq
000460244363610003091	01000000750327152154PBQzH93+NIf
000460244363610003091	0100000075032715215ERYnGq93n5eG
000460244363610003091	0100000075032715215wmDu<v93TM1N
000460244363610003091	0100000075032715215_6ndJ%93Im1Y
000460244363610003091	0100000075032715215Wp'BBI936yMS
000460244363610003091	0100000075032715215iH0FVz93trqo
000460244363610003091	0100000075032715215F6q)uQ93IhkC
000460244363610003091	0100000075032715215mhwicy93l1BW
000460244363610003091	0100000075032715215bz=Yqn93AR/G
000460244363610003091	0100000075032715215orEZs793mFGJ
000460244363610003091	0100000075032715215f18UV;9360ej
000460244363610003091	0100000075032715215krihiq93AqzK
000460244363610003091	0100000075032715215f.Rh-K93DZeW
000460244363610003091	0100000075032715215C=DL<=93h72U
000460244363610003091	0100000075032715215hGEdoJ937oaZ
000460244363610003091	0100000075032715215qh/PVu93RU+Q
000460244363610003091	0100000075032715215Tgl*t693Dbg4
000460244363610003091	0100000075032715215fu-b)b93+J9G
000460244363610003107	0100000075032715215SWJR:R93V6OL
000460244363610003107	0100000075032715215>1CvaO93XJUg
000460244363610003107	0100000075032715215UpgO*W9342Q0
000460244363610003107	01000000750327152155dDV6T930o9P
000460244363610003107	0100000075032715215gDduFS93zEN/
000460244363610003107	0100000075032715215NpSPns93N+Bk
000460244363610003107	0100000075032715215rbJ3CO93qJDa
000460244363610003107	0100000075032715215U<'x7w93pim2
000460244363610003107	0100000075032715215dkcqsT93+FiT
000460244363610003107	0100000075032715215J'Ept893uLTH
000460244363610003107	0100000075032715215Ry(ndV93Tcxw
000460244363610003107	0100000075032715215QKhEYZ93Xmm2
000460244363610003107	0100000075032715215NPC/Hk93oFtK
000460244363610003107	0100000075032715215fVZaOR93hxvA
000460244363610003107	0100000075032715215*CpJZM93NPIu
000460244363610003107	0100000075032715215X=zHXK93I/aQ
000460244363610003107	0100000075032715215XVXWTL93mTYS
000460244363610003107	0100000075032715215lyE-PI93yCcm
000460244363610003107	0100000075032715215DQHweG93nzky
000460244363610003107	0100000075032715215CcIH'W93QShT
000460244363610003107	0100000075032715215'I>ojl93BYrY
000460244363610003107	0100000075032715215VD-jJj93zRK+
000460244363610003107	0100000075032715215UZWQym93cS/c
000460244363610003107	0100000075032715215'thukD93ggtN
000460244363610003116	0100000075032715215HyC9LJ93sSfG
000460244363610003116	0100000075032715215YP9)Dh93l2ID
000460244363610003116	0100000075032715215sD,u3W93xht9
000460244363610003116	01000000750327152156ivQoj93TrSF
000460244363610003116	0100000075032715215lZj2wu93udI+
000460244363610003116	0100000075032715215m0'HMK93t0OL
000460244363610003116	0100000075032715215w/Vot;93GGGv
000460244363610003116	0100000075032715215;RFqY)93G75M
000460244363610003116	0100000075032715215ajqCVV93ZCjH
000460244363610003116	0100000075032715215X)Adj<93BW2a
000460244363610003116	0100000075032715215mLLRGJ93H0Wj
000460244363610003116	0100000075032715215z7ed!"93rYlD
000460244363610003116	0100000075032715215IWROIL93pN7l
000460244363610003116	0100000075032715215/hMSo8934ItV
000460244363610003116	0100000075032715215Y=4D_t93dlAy
000460244363610003116	0100000075032715215b>h)O/93simh
000460244363610003116	0100000075032715215t(Iffp93UsuV
000460244363610003116	0100000075032715215jLu/Db93EZuO
000460244363610003116	0100000075032715215eWTmqX93TJIU
000460244363610003116	0100000075032715215Z<d.dp93FhLD
000460244363610003116	0100000075032715215UeimTh93LcqT
000460244363610003116	0100000075032715215o<-X)(93jpbw
000460244363610003116	0100000075032715215DPGWSC93LeUO
000460244363610003116	0100000075032715215itmIz293CpbP
000460244363610003125	0100000075032715215tctmIP93b+6c
000460244363610003125	0100000075032715215?fecms93J/aG
000460244363610003125	0100000075032715215d9saiF93l58W
000460244363610003125	0100000075032715215;hEu7s93Ui/h
000460244363610003125	0100000075032715215&-OTJU93eKYn
000460244363610003125	0100000075032715215,LkFaO93pEn2
000460244363610003125	0100000075032715215ctCame93qX4s
000460244363610003125	0100000075032715215WS(yB'93RMnn
000460244363610003125	0100000075032715215<FR'ig93CveU
000460244363610003125	0100000075032715215OCgOfF93d6j6
000460244363610003125	0100000075032715215TTf2(!93vDPq
000460244363610003125	0100000075032715215sYE5nO93XzWx
000460244363610003125	0100000075032715215IeFvTc93lAni
000460244363610003125	0100000075032715215:aBEZQ93c5zD
000460244363610003125	0100000075032715215NH+Hgd930mQF
000460244363610003125	0100000075032715215R<jW'D93V89t
000460244363610003125	0100000075032715215-O&W+W93dJIS
000460244363610003125	01000000750327152151VC?U;93trOa
000460244363610003125	0100000075032715215>ZaQ?j93K/WV
000460244363610003125	0100000075032715215k9kDFb93fNVU
000460244363610003125	0100000075032715215JfF;om93qTqA
000460244363610003125	0100000075032715215VfYUHd93Oha+
000460244363610003125	0100000075032715215*cQVHX93532t
000460244363610003125	0100000075032715215avkab(93t5sE
000460244363610003134	0100000075032715215dfu9;>93WB/E
000460244363610003134	0100000075032715215DmxlvG93B80A
000460244363610003134	0100000075032715215r_eNjP93seKU
000460244363610003134	0100000075032715215AZyaSl93O4mG
000460244363610003134	0100000075032715215a4QGSM93imEv
000460244363610003134	0100000075032715215jiN>kP93UZNu
000460244363610003134	0100000075032715215cMpnyq93TsVw
000460244363610003134	0100000075032715215EJEtVs93VgRY
000460244363610003134	0100000075032715215JMLlED93ruI5
000460244363610003134	0100000075032715215FUO2jr93pFDM
000460244363610003134	0100000075032715215f;JCEo93Ljdn
000460244363610003134	0100000075032715215aeS7oL93yCyv
000460244363610003134	0100000075032715215PfIET+93zv58
000460244363610003134	0100000075032715215+Xno>393S3rK
000460244363610003134	0100000075032715215Ocer3'93Ci+/
000460244363610003134	0100000075032715215FHI/lm93FahE
000460244363610003134	0100000075032715215%-KHFu933vTP
000460244363610003134	0100000075032715215LREcdV93RD7q
000460244363610003134	0100000075032715215I/v,Uo93EESG
000460244363610003134	01000000750327152153Rxx%/93kYpl
000460244363610003134	0100000075032715215o5qU)W93UC/D
000460244363610003134	0100000075032715215ke!1wY936jTi
000460244363610003134	0100000075032715215HzO'G'93hqe/
000460244363610003134	0100000075032715215SGk=iq93WGsJ
000460244363610003143	0100000075032715215H-,nVe93erXi
000460244363610003143	0100000075032715215WUST%E93TNY9
000460244363610003143	01000000750327152156)2Qr,93q0fu
000460244363610003143	0100000075032715215r3GV/E93WJbd
000460244363610003143	0100000075032715215BnCP9g93C1OY
000460244363610003143	0100000075032715215C-l'Pk93h+Pr
000460244363610003143	0100000075032715215.qKbwU93rN5G
000460244363610003143	0100000075032715215"A!,tr93Daca
000460244363610003143	0100000075032715215jIhXJU939ymF
000460244363610003143	0100000075032715215OHeEj&93lUNK
000460244363610003143	0100000075032715215ZC?p2p93QYS6
000460244363610003143	0100000075032715215E?uIVm93lioU
000460244363610003143	0100000075032715215tV2/Us93kNrE
000460244363610003143	0100000075032715215'cXLNC93AzlV
000460244363610003143	0100000075032715215DkXrPm93QCvP
000460244363610003143	0100000075032715215V'MhX3930rJX
000460244363610003143	0100000075032715215a)zq8T93VVjJ
000460244363610003143	01000000750327152157hcfAv93h702
000460244363610003143	0100000075032715215fluEQe93x6QV
000460244363610003143	0100000075032715215BUKqW<93s/uF
000460244363610003143	0100000075032715215JRU-PE934GQP
000460244363610003143	0100000075032715215WriWQq93f+66
000460244363610003143	0100000075032715215KeLqK.93XTld
000460244363610003143	0100000075032715215TRFJKl93tYTZ
000460244363610003152	0100000075032715215Y:gxXT93Dvfo
000460244363610003152	0100000075032715215q8tNDN93XVJ5
000460244363610003152	0100000075032715215BWL=5993k8L5
000460244363610003152	0100000075032715215BYsu)r93Yz6/
000460244363610003152	01000000750327152155Uifb?930Ttl
000460244363610003152	01000000750327152155Vf<hp938+8Q
000460244363610003152	0100000075032715215NqfQBK93sHV9
000460244363610003152	0100000075032715215.SM7YF93sXqV
000460244363610003152	0100000075032715215pI1t:a93eNS0
000460244363610003152	0100000075032715215Sp:mK&93dEx+
000460244363610003152	0100000075032715215t:at=d93xQrB
000460244363610003152	0100000075032715215UEQXG193+6YB
000460244363610003152	0100000075032715215LP5Tt093xHRH
000460244363610003152	0100000075032715215>0f&Gh93V1Xn
000460244363610003152	0100000075032715215seal4E93wG1L
000460244363610003152	0100000075032715215eC<PwG93BkCs
000460244363610003152	0100000075032715215j;dhTC93A/MQ
000460244363610003152	0100000075032715215/l.G=j93CZ/S
000460244363610003152	0100000075032715215m"tHTX93deDi
000460244363610003152	0100000075032715215Yh2NLi93E4mB
000460244363610003152	0100000075032715215nI>xFn93JtAb
000460244363610003152	0100000075032715215FKl2(n93KeiY
000460244363610003152	0100000075032715215kzpYFP93YqaW
000460244363610003152	0100000075032715215ECqwIG93eiIP
000460244363610003161	0100000075032715215=T4lo4939VWj
000460244363610003161	01000000750327152156aUmrV93iAVb
000460244363610003161	0100000075032715215TdhR%!93H6Bx
000460244363610003161	0100000075032715215rf>T1?936p1T
000460244363610003161	0100000075032715215E%5N*&93XvA8
000460244363610003161	0100000075032715215lR;DwK93NYph
000460244363610003161	0100000075032715215BDQDiV93r3EZ
000460244363610003161	0100000075032715215*n&A**93rCLh
000460244363610003161	0100000075032715215AZHSiH93p8Gm
000460244363610003161	0100000075032715215Lu<m2G93vgs/
000460244363610003161	0100000075032715215?gpyQq93ZdVa
000460244363610003161	0100000075032715215LgoDv%93wjmA
000460244363610003161	0100000075032715215>F/IgD93dA2h
000460244363610003161	0100000075032715215RNTMam93DMa2
000460244363610003161	0100000075032715215=X'1_A93fDeo
000460244363610003161	0100000075032715215oe&mkl937ZE1
000460244363610003161	0100000075032715215TILLVF93K43o
000460244363610003161	01000000750327152155Ir8Of93a7Wv
000460244363610003161	0100000075032715215PsgZSO93OyIG
000460244363610003161	01000000750327152159XsHC093zeA0
000460244363610003161	0100000075032715215TXcF/i932S78
000460244363610003161	0100000075032715215>E3XL,93AwdE
000460244363610003161	01000000750327152159xehmW93ea+e
000460244363610003161	0100000075032715215h2LLci93uesy
000460244363610003170	0100000075032715215Rs2SQ%931SfB
000460244363610003170	01000000750327152157mILNg93hhrZ
000460244363610003170	0100000075032715215t6hEjL93ji23
000460244363610003170	0100000075032715215i=MpXy93/8qt
000460244363610003170	0100000075032715215BlNk%r93JcAd
000460244363610003170	0100000075032715215TUT*Zt93l7rH
000460244363610003170	0100000075032715215aUMN3V93VdPg
000460244363610003170	0100000075032715215Bn4oTW9306jw
000460244363610003170	0100000075032715215nfQ(.J93CW0K
000460244363610003170	0100000075032715215BmE5t393xei2
000460244363610003170	0100000075032715215JiRGS593yDfo
000460244363610003170	01000000750327152154KnCpD93nzvw
000460244363610003170	0100000075032715215dFVGe/93NK+p
000460244363610003170	0100000075032715215_jBDiz93hep4
000460244363610003170	0100000075032715215Rqz%wc93Gzzg
000460244363610003170	0100000075032715215P3Nzi=939ZkD
000460244363610003170	0100000075032715215g0KsXV93pKlc
000460244363610003170	0100000075032715215*Unj,d93ixRY
000460244363610003170	0100000075032715215jEW-Jp93Vm1n
000460244363610003170	0100000075032715215g;Si(o93lmNu
000460244363610003170	0100000075032715215;TZbXb93Qo4/
000460244363610003170	0100000075032715215_MVeRf933nXF
000460244363610003170	0100000075032715215J(bntn93xWHD
000460244363610003170	0100000075032715215k?HzV493IYEi
000460244363610003189	0100000075032715215t,PQkK93g15o
000460244363610003189	0100000075032715215WO*W*%93/bxU
000460244363610003189	0100000075032715215qBslHl93lMZt
000460244363610003189	0100000075032715215&AG?NR93neL3
000460244363610003189	0100000075032715215HDcjll93w5hP
000460244363610003189	0100000075032715215OMWffN93eEGg
000460244363610003189	0100000075032715215;G+cC593W2yX
000460244363610003189	0100000075032715215mLgpDM93klVu
000460244363610003189	0100000075032715215>TdeJq93Ip5K
000460244363610003189	0100000075032715215o'bGEW93R+G+
000460244363610003189	0100000075032715215FcRQ!G93CdOI
000460244363610003189	01000000750327152153FG,Ip93zPo+
000460244363610003189	0100000075032715215yKR+5I93+8ys
000460244363610003189	0100000075032715215'Wni?E93eUtY
000460244363610003189	0100000075032715215>vmXAJ93Rebx
000460244363610003189	0100000075032715215nAQuUD93jGqF
000460244363610003189	0100000075032715215)TCq*693PgP8
000460244363610003189	0100000075032715215UC"hIt93USUk
000460244363610003189	0100000075032715215YKR!Od93Ay7X
000460244363610003189	0100000075032715215RBKBqp933t+P
000460244363610003189	0100000075032715215W3R*)p93tM8a
000460244363610003189	0100000075032715215X<'&uD93GEFf
000460244363610003189	0100000075032715215f7h1b'93kmww
000460244363610003189	01000000750327152156hiFHS93l+i2
000460244363610003198	0100000075032715215MALkC=930poI
000460244363610003198	0100000075032715215aOtbL<93UsZz
000460244363610003198	0100000075032715215PH5Tqh93vt7f
000460244363610003198	0100000075032715215qSc*hn93cUVA
000460244363610003198	0100000075032715215EcB*gr93jxe6
000460244363610003198	01000000750327152153nc'Mi93wTet
000460244363610003198	0100000075032715215iIGcXY93+B9O
000460244363610003198	0100000075032715215bLsM_u93IdfV
000460244363610003198	0100000075032715215BeidcF93RISR
000460244363610003198	0100000075032715215JUbWxX939NbI
000460244363610003198	0100000075032715215KrzEZ)93OnHg
000460244363610003198	01000000750327152157FUoP293RC+N
000460244363610003198	01000000750327152159tZ,L<93++yR
000460244363610003198	0100000075032715215c2WBls93GC/3
000460244363610003198	0100000075032715215eGqY6g936vYi
000460244363610003198	0100000075032715215ja<Q!H93pKAs
000460244363610003198	0100000075032715215W_Qc=J93xDwL
000460244363610003198	0100000075032715215oKFRQL93RzSS
000460244363610003198	0100000075032715215M_kmeJ93baLl
000460244363610003198	0100000075032715215?tIPx;93ddr/
000460244363610003198	0100000075032715215"E;=t=93iuwj
000460244363610003198	0100000075032715215!STNkR93hFU+
000460244363610003198	0100000075032715215mMR'zV93liAs
000460244363610003198	0100000075032715215Q?Ft)s93E9+h
000460244363610003204	0100000075032715215K&xL,I93bNIA
000460244363610003204	0100000075032715215UBhH0k93aRJV
000460244363610003204	0100000075032715215Y.tEVp93G9/U
000460244363610003204	0100000075032715215jgZKB493/Bty
000460244363610003204	01000000750327152153E7qRa93L1/I
000460244363610003204	0100000075032715215iWZcI.93bUEW
000460244363610003204	0100000075032715215S4.cPJ93iROk
000460244363610003204	0100000075032715215HRIi(g93yINM
000460244363610003204	0100000075032715215F0"qK39317I1
000460244363610003204	0100000075032715215gqq3;t93xTNi
000460244363610003204	0100000075032715215>CmY"L93bQRW
000460244363610003204	0100000075032715215:CPP3i93c3bl
000460244363610003204	0100000075032715215MdSUhN936Jlj
000460244363610003204	0100000075032715215skU&tD93VUXc
000460244363610003204	0100000075032715215kdc:Bs93z8GM
000460244363610003204	0100000075032715215eTCO_*9381qV
000460244363610003204	0100000075032715215a<XZA&93C9VO
000460244363610003204	0100000075032715215hahiz?93YeCp
000460244363610003204	0100000075032715215ofIOad93Ltji
000460244363610003204	0100000075032715215'i4ONX93lPDu
000460244363610003204	0100000075032715215LmF/kg93srVY
000460244363610003204	0100000075032715215j92ioP93z/kO
000460244363610003204	0100000075032715215tE&Vg593V7NZ
000460244363610003204	0100000075032715215iBGSJu93krh8
000460244363610003213	0100000075032715215kC;u!F936cWf
000460244363610003213	0100000075032715215Sg-SCl93ArUA
000460244363610003213	0100000075032715215xy!XGs93TaDT
000460244363610003213	0100000075032715215VCnrlm93hI7z
000460244363610003213	0100000075032715215FZsL/G93Cn+u
000460244363610003213	0100000075032715215S1KROB93qpLE
000460244363610003213	0100000075032715215o&QzPl93BinZ
000460244363610003213	0100000075032715215UqoC7K93ShC7
000460244363610003213	0100000075032715215)GNeb393iDPf
000460244363610003213	0100000075032715215luV<"t93IEZB
000460244363610003213	0100000075032715215FW!kgT93nrKi
000460244363610003213	0100000075032715215AL3+cY93ChD8
000460244363610003213	0100000075032715215JsovGQ93KmDT
000460244363610003213	0100000075032715215laZHRU935jiW
000460244363610003213	0100000075032715215lEV?Ur93mwhl
000460244363610003213	0100000075032715215izmW%G93OJRU
000460244363610003213	0100000075032715215">m9Kx933hqa
000460244363610003213	0100000075032715215J&Qod'93BZYQ
000460244363610003213	0100000075032715215Y<XRAh93BFnJ
000460244363610003213	0100000075032715215JsSzfn93IGto
000460244363610003213	0100000075032715215pYhxPs93FzhC
000460244363610003213	01000000750327152153hE8Ho93D0R5
000460244363610003213	0100000075032715215DsVmuN93qlWd
000460244363610003213	0100000075032715215hhTDvS933dRx
000460244363610003222	0100000075032715215z1c1Me935G2x
000460244363610003222	0100000075032715215HS6PVU93S89W
000460244363610003222	0100000075032715215xFqYH"93GZ7w
000460244363610003222	0100000075032715215ZTCNPJ93KkSp
000460244363610003222	0100000075032715215BPJJZl93bA2z
000460244363610003222	0100000075032715215j/<HR493LtYv
000460244363610003222	0100000075032715215B>!kQd93Tb4v
000460244363610003222	0100000075032715215F7fdO-938Ltl
000460244363610003222	0100000075032715215?sepmz93SC/I
000460244363610003222	0100000075032715215HOHxo,93WvqE
000460244363610003222	0100000075032715215mrqH;593y7F2
000460244363610003222	0100000075032715215yMtk%u93BFep
000460244363610003222	0100000075032715215YNaBij938Ykc
000460244363610003222	0100000075032715215>J5PcC93klh3
000460244363610003222	0100000075032715215dSe7_K93O/P1
000460244363610003222	0100000075032715215B9xm4Q93o9w/
000460244363610003222	0100000075032715215KsVjSY93lxj0
000460244363610003222	0100000075032715215b(VXS"93YpWU
000460244363610003222	0100000075032715215EfNHe/93GjOh
000460244363610003222	0100000075032715215Hg1BE,933U4e
000460244363610003222	0100000075032715215V7Jpz+93PyDm
000460244363610003222	0100000075032715215-TtmTM935CcD
000460244363610003222	0100000075032715215(F>Ra393Je6L
000460244363610003222	010000007503271521565JtSH93HLN2
000460244363610003231	0100000075032715215%h*w"m9316cY
000460244363610003231	0100000075032715215ZpOMpQ931NRm
000460244363610003231	0100000075032715215s:tuSj93tnRx
000460244363610003231	0100000075032715215f)LPkF93t3wr
000460244363610003231	0100000075032715215m7?6Og93aVY+
000460244363610003231	0100000075032715215VOj*hH93T8Qw
000460244363610003231	0100000075032715215YSdNPY93HpxM
000460244363610003231	01000000750327152154PyLEr93BjnZ
000460244363610003231	0100000075032715215NKeTVF93yfkQ
000460244363610003231	0100000075032715215DtWt=e93KmI9
000460244363610003231	0100000075032715215nhq1?8937lpb
000460244363610003231	0100000075032715215Nkc.wg93QRys
000460244363610003231	0100000075032715215<1saU&93DE1O
000460244363610003231	0100000075032715215z7dsSt93LPlp
000460244363610003231	01000000750327152154OH<Mo93PDO9
000460244363610003231	0100000075032715215V1aG_G93Nfmp
000460244363610003231	0100000075032715215ZXT%Ib93eTf6
000460244363610003231	0100000075032715215bG=g>R93mEn6
000460244363610003231	0100000075032715215a>uasO93jXv3
000460244363610003231	0100000075032715215h%ro&n93uX5W
000460244363610003231	0100000075032715215U'gBnr93zcDP
000460244363610003231	0100000075032715215L3jA;893EDLh
000460244363610003231	0100000075032715215nD!HYD93qtVV
000460244363610003231	0100000075032715215dgO3yT93QzJo
000460244363610003240	0100000075032715215Pp6%Ok93Kkwo
000460244363610003240	0100000075032715215fs)ZlI93zRNh
000460244363610003240	0100000075032715215T1WEAX93S/Eo
000460244363610003240	0100000075032715215p3u?br938yiU
000460244363610003240	0100000075032715215qLPCt093iQNX
000460244363610003240	0100000075032715215-3ppLf93kL55
000460244363610003240	0100000075032715215z_0FYV93hE94
000460244363610003240	0100000075032715215YRTT>i93nQON
000460244363610003240	0100000075032715215LSYN1r930lX5
000460244363610003240	0100000075032715215h4=tpK932b6b
000460244363610003240	0100000075032715215cRX.%)930Exh
000460244363610003240	0100000075032715215Vf/+NE93FvKY
000460244363610003240	0100000075032715215q%X8;'9332/D
000460244363610003240	0100000075032715215%6xj;E9320s2
000460244363610003240	0100000075032715215x,ts30935dkk
000460244363610003240	0100000075032715215?Vs5b+93/NVH
000460244363610003240	0100000075032715215Nl,cSh931ICB
000460244363610003240	0100000075032715215RjQ%KT93Ri/k
000460244363610003240	0100000075032715215?xMj%d93uPzq
000460244363610003240	0100000075032715215J.Q48O93G/+z
000460244363610003240	0100000075032715215V:+yDA93sM+x
000460244363610003240	0100000075032715215sKhvsP932SPX
000460244363610003240	0100000075032715215Y2Nd;M93YMAg
000460244363610003240	0100000075032715215Fmvtg893B8C3
000460244363610003259	01000000750327152154-KQYU93KuZa
000460244363610003259	0100000075032715215hmXeGB93kj4V
000460244363610003259	0100000075032715215M%mWBH93xF5g
000460244363610003259	0100000075032715215!_IJXG93j/Xx
000460244363610003259	0100000075032715215Df(ukD933tGt
000460244363610003259	0100000075032715215MeYE0Q93CRGp
000460244363610003259	0100000075032715215QsVZ(893NgyS
000460244363610003259	0100000075032715215!,9ljk93k/Eh
000460244363610003259	0100000075032715215lymSdD938qLJ
000460244363610003259	0100000075032715215MxdpKX93FxG3
000460244363610003259	0100000075032715215Nbgb,A93owKg
000460244363610003259	0100000075032715215RIrJnc93nDr0
000460244363610003259	0100000075032715215AeQUox93OHrr
000460244363610003259	0100000075032715215Y7I&>A93GAf7
000460244363610003259	0100000075032715215XL,VYp93Dg66
000460244363610003259	0100000075032715215_&cIu393Wjqi
000460244363610003259	0100000075032715215,M?PVq93qA9l
000460244363610003259	0100000075032715215mtSJwZ93KnE0
000460244363610003259	0100000075032715215UbbEGG93fspl
000460244363610003259	0100000075032715215Efr+xS93OUJ2
000460244363610003259	0100000075032715215hd0cxo93T5wJ
000460244363610003259	0100000075032715215fs!/Bj93YRt+
000460244363610003259	0100000075032715215CP9rL1937KvR
000460244363610003259	0100000075032715215tEla_l93kEgf
000460244363610003268	0100000075032715215jZ:l_S93jPB0
000460244363610003268	0100000075032715215"kkjaL9369mG
000460244363610003268	0100000075032715215,_Oer'93O5Z6
000460244363610003268	0100000075032715215-dvn=i93+D2R
000460244363610003268	0100000075032715215coQCpL93Q8h8
000460244363610003268	0100000075032715215YB26>l938jUf
000460244363610003268	0100000075032715215)qHeZC932UGm
000460244363610003268	0100000075032715215pdfBmF931v6r
000460244363610003268	0100000075032715215&sloOv93iXuc
000460244363610003268	01000000750327152158WPhhr93upLK
000460244363610003268	0100000075032715215hG(gAi93dAjg
000460244363610003268	0100000075032715215.XqlVt93lOXS
000460244363610003268	0100000075032715215:8sMme93wRL1
000460244363610003268	0100000075032715215BJHOFz93VbyQ
000460244363610003268	0100000075032715215Ic:G5y93qdYN
000460244363610003268	0100000075032715215D6rxe*93CIKn
000460244363610003268	0100000075032715215BdF/.D93VsMg
000460244363610003268	0100000075032715215aGA-zq93Bzey
000460244363610003268	0100000075032715215SftnBZ93afo+
000460244363610003268	0100000075032715215kyEHo+93q2Yn
000460244363610003268	0100000075032715215,BjIqd93aStz
000460244363610003268	0100000075032715215fitmi/930Ey0
000460244363610003268	0100000075032715215&SoJT<93gWYb
000460244363610003268	0100000075032715215ODyFCY93D0G1
000460244363610003277	0100000075032715215nN!xIH93EUHf
000460244363610003277	0100000075032715215ehUS"L93JRrE
000460244363610003277	0100000075032715215<qj77N93o1R0
000460244363610003277	0100000075032715215L/7)nz93T0zZ
000460244363610003277	0100000075032715215IbJeGI93wYJv
000460244363610003277	010000007503271521591ByaW93xYb7
000460244363610003277	0100000075032715215(1k&wP938YBU
000460244363610003277	0100000075032715215.ceP<A93ZcDp
000460244363610003277	0100000075032715215!NPIbA933N7G
000460244363610003277	0100000075032715215iiHKXb93KRdI
000460244363610003277	0100000075032715215O*YewP93oiYc
000460244363610003277	0100000075032715215jz;XhH93kq4P
000460244363610003277	0100000075032715215z9FTx)93Qc/6
000460244363610003277	0100000075032715215X2>TQI93goI9
000460244363610003277	0100000075032715215CRa:)v93KiAs
000460244363610003277	0100000075032715215QaJ6p893Wza3
000460244363610003277	0100000075032715215!TSD0v93JZgq
000460244363610003277	0100000075032715215-:rdFH93w2I2
000460244363610003277	0100000075032715215KPjdji93l86h
000460244363610003277	0100000075032715215LBFT;n93/pFr
000460244363610003277	0100000075032715215GaNuTY93FS0A
000460244363610003277	0100000075032715215hqLP'd93acCp
000460244363610003277	0100000075032715215mFbs_j939F/6
000460244363610003277	0100000075032715215+e8u+?93CrAm
000460244363610003286	0100000075032715215E:ofVD93X8xB
000460244363610003286	0100000075032715215HfULa393z0rn
000460244363610003286	0100000075032715215TrQD0?93OZIE
000460244363610003286	0100000075032715215dcuROA932EOe
000460244363610003286	0100000075032715215OANBqW93+gHC
000460244363610003286	0100000075032715215jgGq't93DrVO
000460244363610003286	0100000075032715215;V3S<i93orIh
000460244363610003286	0100000075032715215N_iaBX93L/3J
000460244363610003286	010000007503271521575FeHM93Ps9W
000460244363610003286	0100000075032715215d8ELks93cIfi
000460244363610003286	0100000075032715215UsmbFH93ZLA1
000460244363610003286	0100000075032715215zpEwu493Vh3N
000460244363610003286	0100000075032715215Uhs9Je93mu4A
000460244363610003286	0100000075032715215X-ZkB/93eLa+
000460244363610003286	0100000075032715215kxx5+O93TqT9
000460244363610003286	0100000075032715215Tt&+hV93OOO+
000460244363610003286	0100000075032715215AapNng93f+9m
000460244363610003286	0100000075032715215JFE3JU93fj/k
000460244363610003286	0100000075032715215cZsK<r93t/sr
000460244363610003286	0100000075032715215cJjsC)93zTuo
000460244363610003286	0100000075032715215ST?3Y393caYQ
000460244363610003286	0100000075032715215KIIlM/93U0De
000460244363610003286	0100000075032715215DNv7gl93K29O
000460244363610003286	0100000075032715215lSA)V(934dOB
000460244363610003295	0100000075032715215n<APem93ia7K
000460244363610003295	01000000750327152156uZmk5933g8n
000460244363610003295	0100000075032715215SPrDVj93TMn1
000460244363610003295	0100000075032715215YUExkC93pn52
000460244363610003295	0100000075032715215gWiUXY93ug2j
000460244363610003295	0100000075032715215GDwLmR93FvNg
000460244363610003295	0100000075032715215OeWBKt93mibS
000460244363610003295	0100000075032715215Tmy1jV933rG0
000460244363610003295	01000000750327152151H4nTw93WLC1
000460244363610003295	0100000075032715215TlsT.B93/Xav
000460244363610003295	0100000075032715215YOZILl93aaLq
000460244363610003295	0100000075032715215OHD/B"93Yl/A
000460244363610003295	01000000750327152158GC3r(93NVBk
000460244363610003295	0100000075032715215V8CqNs9333hY
000460244363610003295	0100000075032715215IDo_2K93vvas
000460244363610003295	0100000075032715215k(eqhX938zce
000460244363610003295	0100000075032715215qj,-7E936ZGL
000460244363610003295	0100000075032715215FVFtko93QfMi
000460244363610003295	0100000075032715215lZcCSH93UM/n
000460244363610003295	0100000075032715215pdOEVj93ERJU
000460244363610003295	0100000075032715215?iL8se93+m3W
000460244363610003295	0100000075032715215drA99k93hUtQ
000460244363610003295	0100000075032715215T!pGLN93WjO9
000460244363610003295	0100000075032715215a;Ric>93N9nw
000460244363610003301	0100000075032715215gk+GlI93sZFZ
000460244363610003301	0100000075032715215hrNtCI93Q8Gq
000460244363610003301	0100000075032715215ZC&K0X93aAh/
000460244363610003301	0100000075032715215e"Fo6p93iLco
000460244363610003301	0100000075032715215y=+RJ193qX3I
000460244363610003301	0100000075032715215<:gols93Nw+f
000460244363610003301	01000000750327152150mKRCA93eaMQ
000460244363610003301	0100000075032715215WZZfid93pYvK
000460244363610003301	0100000075032715215QkYqKs93GcHG
000460244363610003301	0100000075032715215DBfbgH93slsX
000460244363610003301	01000000750327152153liADf93friY
000460244363610003301	01000000750327152157gi5!j93Mojl
000460244363610003301	0100000075032715215X3DWW:936vVF
000460244363610003301	01000000750327152153CnTbg934EKg
000460244363610003301	0100000075032715215WKVmR693i+Wz
000460244363610003301	0100000075032715215'mcnut938p1+
000460244363610003301	0100000075032715215?jjEqO938Lfy
000460244363610003301	0100000075032715215i:yOJ693Aesy
000460244363610003301	0100000075032715215bnYkh/933vB+
000460244363610003301	0100000075032715215Em;vlu93CapK
000460244363610003301	0100000075032715215fGpPFm93py1N
000460244363610003301	0100000075032715215'G<kbV93+9d+
000460244363610003301	0100000075032715215>VXPmp93A95j
000460244363610003301	01000000750327152154XDnpb93mAnV
000460244363610003310	0100000075032715215ohbPZo93NUVW
000460244363610003310	0100000075032715215MBaLu3932+RN
000460244363610003310	0100000075032715215e'BtT1934A5m
000460244363610003310	0100000075032715215)Xi4G593ByYV
000460244363610003310	0100000075032715215cOXTak93n0X0
000460244363610003310	0100000075032715215:=yrdv93+hK2
000460244363610003310	0100000075032715215a9FL7T93ZGCy
000460244363610003310	0100000075032715215Qo_c*(93kGSV
000460244363610003310	0100000075032715215u/Dn,C93QbdZ
000460244363610003310	0100000075032715215cqTcZl93BdHj
000460244363610003310	01000000750327152159a:HRQ934qWN
000460244363610003310	0100000075032715215Q>iOBd93LXDl
000460244363610003310	0100000075032715215SMoT-j93+eHF
000460244363610003310	0100000075032715215fX(XEL93ahma
000460244363610003310	0100000075032715215Gepmcf93DEs8
000460244363610003310	0100000075032715215P0xKeW93Fb/5
000460244363610003310	0100000075032715215-40nTO93zI1i
000460244363610003310	0100000075032715215ugIKXE93Uqsm
000460244363610003310	0100000075032715215E&O?zH93NUOF
000460244363610003310	0100000075032715215r01FMK93yH93
000460244363610003310	0100000075032715215ZQXRip93K/Wx
000460244363610003310	0100000075032715215SCNnd,93z5PS
000460244363610003310	0100000075032715215)u/NJb93zCx7
000460244363610003310	0100000075032715215X0/+=793rchB
000460244363610003329	0100000075032715215LB,s'q93EJTd
000460244363610003329	0100000075032715215JSD?9-93sqPn
000460244363610003329	0100000075032715215ZnR/-K93nmw6
000460244363610003329	0100000075032715215sn47Pe93jKhg
000460244363610003329	0100000075032715215tx-pL-93k3AR
000460244363610003329	0100000075032715215+A-hG;93QBpZ
000460244363610003329	0100000075032715215Ev5g!e93pCx4
000460244363610003329	0100000075032715215C6Li%U93ESnK
000460244363610003329	0100000075032715215rV3val93uDm+
000460244363610003329	0100000075032715215d2k)fQ93sQyw
000460244363610003329	0100000075032715215ew72Vq93oC29
000460244363610003329	01000000750327152156FNTyY93V6Zf
000460244363610003329	0100000075032715215yhiEbj93dI9u
000460244363610003329	0100000075032715215XeymW*931Bl/
000460244363610003329	0100000075032715215fQINm;93kDWE
000460244363610003329	0100000075032715215BZm0I)93bNIA
000460244363610003329	0100000075032715215*(<T&d93ozbq
000460244363610003329	0100000075032715215)cZgMW933pVX
000460244363610003329	0100000075032715215QHcS6V93IbpK
000460244363610003329	0100000075032715215,-dqUZ93sjVG
000460244363610003329	0100000075032715215??Hac793+MtU
000460244363610003329	0100000075032715215tJMtzr938cHt
000460244363610003329	0100000075032715215MLSGc-93KBbf
000460244363610003329	0100000075032715215LRxcjs93gw7l
000460244363610003338	0100000075032715215aI4ROU93fsn4
000460244363610003338	0100000075032715215woGX1F93GcbD
000460244363610003338	0100000075032715215kEm"i793Pq7w
000460244363610003338	0100000075032715215Lft6HQ93Q2V2
000460244363610003338	0100000075032715215)KjMlm93iKgE
000460244363610003338	0100000075032715215CZENin93hBa+
000460244363610003338	0100000075032715215Fepg,m93nXN9
000460244363610003338	0100000075032715215Ztkr*T93/aUK
000460244363610003338	0100000075032715215iQ/m5m93gEOO
000460244363610003338	0100000075032715215ve=IRu93nUff
000460244363610003338	0100000075032715215&Dmwpe932Ds0
000460244363610003338	0100000075032715215Ypfi="93ehiM
000460244363610003338	0100000075032715215IDxo)R93WcPz
000460244363610003338	0100000075032715215S4z+!g935dmD
000460244363610003338	0100000075032715215yOgKU%93ZYSV
000460244363610003338	0100000075032715215fEYJfT937YEg
000460244363610003338	0100000075032715215X&LqhH93TZGU
000460244363610003338	0100000075032715215lgC&aa93Dj62
000460244363610003338	0100000075032715215iKrM5d93sR7T
000460244363610003338	0100000075032715215f&beck93wFcW
000460244363610003338	0100000075032715215YJuFRN93s6yA
000460244363610003338	0100000075032715215RB6VdA938yoN
000460244363610003338	0100000075032715215NjZVvt930ziT
000460244363610003338	0100000075032715215"C9Wml93GVMu
000460244363610003347	0100000075032715215G0Fy3F93sFfC
000460244363610003347	01000000750327152155*Ov=P934Eqa
000460244363610003347	0100000075032715215OuqPdr93o70d
000460244363610003347	0100000075032715215q!e:?Q934oLN
000460244363610003347	0100000075032715215ZrXXeO93vtKf
000460244363610003347	0100000075032715215T)P=tV930ps8
000460244363610003347	0100000075032715215wiGsEB93HeYC
000460244363610003347	0100000075032715215ZIa0Gt93Cw+f
000460244363610003347	0100000075032715215QrsEYb933eKL
000460244363610003347	0100000075032715215FBIaZl93Dhc7
000460244363610003347	0100000075032715215d4EpwK934xLj
000460244363610003347	0100000075032715215HqTaDJ93Zjn2
000460244363610003347	0100000075032715215YQl(Ry9308iK
000460244363610003347	0100000075032715215m?X8kH93YaOP
000460244363610003347	0100000075032715215xdVM;o93bJgy
000460244363610003347	0100000075032715215FC074393RR98
000460244363610003347	0100000075032715215cX'bh'93CGfG
000460244363610003347	0100000075032715215i-W"*r935mJs
000460244363610003347	0100000075032715215*IWY%593UjZX
000460244363610003347	0100000075032715215JfgqEh93bn3C
000460244363610003347	0100000075032715215B'VFJB93FKn5
000460244363610003347	0100000075032715215PaHrhQ93pANp
000460244363610003347	0100000075032715215aUQt*g93+ox4
000460244363610003347	0100000075032715215y9iQg993T7Cl
000460244363610003356	0100000075032715215Di3E8693HzX7
000460244363610003356	0100000075032715215clO5D.93pYpX
000460244363610003356	0100000075032715215qdwdI093OtS8
000460244363610003356	0100000075032715215L2d6t?93n9b6
000460244363610003356	01000000750327152153eHKBK93dzlL
000460244363610003356	0100000075032715215ED<NBi93wsxC
000460244363610003356	0100000075032715215ptK3kO93dgHl
000460244363610003356	0100000075032715215_bt.9m93DstZ
000460244363610003356	0100000075032715215pZUtzE93IYyQ
000460244363610003356	0100000075032715215lzeHKK93WS15
000460244363610003356	0100000075032715215%a&Np*93fjq+
000460244363610003356	0100000075032715215rZhItA93Kqzc
000460244363610003356	0100000075032715215O'U*KO936uYJ
000460244363610003356	0100000075032715215BdO.do935b6+
000460244363610003356	0100000075032715215qFGnY%93o4Ot
000460244363610003356	0100000075032715215"ImBh=93Bmks
000460244363610003356	0100000075032715215I!RcTD93itJK
000460244363610003356	0100000075032715215sMJv2D93xxWv
000460244363610003356	0100000075032715215a6TMQa93q/ew
000460244363610003356	0100000075032715215dDbqIR93e7CT
000460244363610003356	01000000750327152150_3&mM936hIy
000460244363610003356	0100000075032715215(NN8EU93VubE
000460244363610003356	0100000075032715215x;QGar93ZGdU
000460244363610003356	01000000750327152152GOBrr93fTdr
000460244363610003365	0100000075032715215SRmgf8935pil
000460244363610003365	0100000075032715215XQ:Lae93V2BX
000460244363610003365	0100000075032715215"3pb6<93D9LY
000460244363610003365	0100000075032715215VIcQ!I93NBch
000460244363610003365	0100000075032715215URX.mj93j0du
000460244363610003365	0100000075032715215QFNu0O931L46
000460244363610003365	0100000075032715215fEl5)B93EMWp
000460244363610003365	0100000075032715215%UHdRI93S5di
000460244363610003365	0100000075032715215SMS6c793Nc5m
000460244363610003365	0100000075032715215meT(ij93hDKX
000460244363610003365	0100000075032715215>r:wYt93eU+B
000460244363610003365	01000000750327152154)/Yr893+F95
000460244363610003365	0100000075032715215UjjYGF93lfU6
000460244363610003365	0100000075032715215JYUVm993VEIK
000460244363610003365	0100000075032715215W-yJ3C93259H
000460244363610003365	0100000075032715215rO3!)+93c2v+
000460244363610003365	0100000075032715215HyK&Zc93gBRI
000460244363610003365	0100000075032715215WRN/He930D6t
000460244363610003365	01000000750327152158oNQVX93U+Ys
000460244363610003365	0100000075032715215_Ke:gh93BNb8
000460244363610003365	01000000750327152150;f<qw93zrZK
000460244363610003365	0100000075032715215L"UboY93C4SZ
000460244363610003365	0100000075032715215ZCis<993wM8K
000460244363610003365	0100000075032715215u-UdD,933JmW
000460244363610003374	0100000075032715215.25IY<93JmT7
000460244363610003374	01000000750327152155w7rXY93rumt
000460244363610003374	0100000075032715215hWeDvq930/G3
000460244363610003374	0100000075032715215zx!Jl)93GzUE
000460244363610003374	0100000075032715215Q4j!Xr93JAvs
000460244363610003374	0100000075032715215lsmWA393tPnJ
000460244363610003374	0100000075032715215Emexk.93Jebd
000460244363610003374	0100000075032715215R)/iHH93J9kZ
000460244363610003374	0100000075032715215gHUOGK93jHCy
000460244363610003374	0100000075032715215Thd%Ah93ckZc
000460244363610003374	0100000075032715215Ju%<rh93XRLy
000460244363610003374	0100000075032715215fOKI!H93Rx/s
000460244363610003374	0100000075032715215DzXX)f939V+O
000460244363610003374	0100000075032715215XG5p(g93L0IE
000460244363610003374	0100000075032715215cQ>e1i93FpvW
000460244363610003374	0100000075032715215jYGKl%93AF5v
000460244363610003374	0100000075032715215,rsYoh93YAWt
000460244363610003374	0100000075032715215XG8VW293xiTT
000460244363610003374	0100000075032715215rac'Dm93MbpH
000460244363610003374	0100000075032715215Lgbb6W93lrxE
000460244363610003374	0100000075032715215hEEF'793SrAT
000460244363610003374	0100000075032715215L3&6(393bLvT
000460244363610003374	0100000075032715215CrdKEK93JHKi
000460244363610003374	0100000075032715215NHZqjR93ryXe
000460244363610003383	0100000075032715215K(acz:93BgK2
000460244363610003383	0100000075032715215d)Gput93TxEb
000460244363610003383	0100000075032715215WxU"gW93vvSS
000460244363610003383	0100000075032715215P;NTBZ935QRV
000460244363610003383	0100000075032715215CLXB>O93c9Tc
000460244363610003383	0100000075032715215r*vhkE93k2Le
000460244363610003383	0100000075032715215u)4CQw93qXRz
000460244363610003383	0100000075032715215v%J_/l93n7dL
000460244363610003383	01000000750327152159jOdCm93sQXj
000460244363610003383	0100000075032715215n&.I:&93hZLL
000460244363610003383	0100000075032715215FJ1k6K93FGuj
000460244363610003383	0100000075032715215Kcq2un93Ojpz
000460244363610003383	0100000075032715215JFSfVR93GoH9
000460244363610003383	0100000075032715215Z:ABA193sv0o
000460244363610003383	0100000075032715215%tspg;93abCo
000460244363610003383	0100000075032715215bmWSpN93IHsl
000460244363610003383	0100000075032715215U.qh=j93PD8N
000460244363610003383	0100000075032715215B"Tg,S93YWo2
000460244363610003383	0100000075032715215U&FhBI93f/UQ
000460244363610003383	0100000075032715215Xvi!or93UT+6
000460244363610003383	0100000075032715215uf6Sbq93ZgRv
000460244363610003383	0100000075032715215CVq5tN93pFtO
000460244363610003383	0100000075032715215Z6NIMV93Jb7K
000460244363610003383	0100000075032715215UjTDgl93CDlo